# This file uses centimeters as units for non-parametric coordinates.

mtllib lata_ancha.mtl
g default
v -7.222923 5.559810 0.741003
v -7.155256 5.559810 0.767448
v -7.150471 5.569118 0.755797
v -7.218173 5.569118 0.729437
v -7.138860 5.573186 0.727529
v -7.206648 5.573186 0.701375
v -7.127226 5.569629 0.699202
v -7.195098 5.569629 0.673255
v -7.122383 5.560532 0.687411
v -7.190290 5.560532 0.661550
v -7.316093 5.569222 0.702788
v -7.377138 5.569309 0.692735
v -7.435414 5.569309 0.690463
v -7.493133 5.569309 0.696368
v -7.540639 5.569309 0.710659
v -7.582677 5.569309 0.736059
v -7.624855 5.569309 0.772614
v -7.660974 5.569309 0.814919
v -7.681488 5.569309 0.855424
v -7.686792 5.569309 0.890609
v -7.682268 5.569309 0.919903
v -7.670364 5.569309 0.944094
v -7.649169 5.569309 0.968016
v -7.620240 5.569309 0.988586
v -7.588638 5.569309 0.998399
v -7.556261 5.569309 0.997912
v -7.520443 5.569309 0.992402
v -7.475591 5.569309 0.985608
v -7.415467 5.569309 0.984223
v -7.260010 5.569309 1.022496
v -7.318938 5.559967 0.715004
v -7.379212 5.560074 0.705120
v -7.435953 5.560074 0.703009
v -7.491919 5.560074 0.708867
v -7.537147 5.560074 0.722721
v -7.576380 5.560074 0.746924
v -7.616714 5.560074 0.782176
v -7.651476 5.560074 0.823133
v -7.670384 5.560074 0.861290
v -7.674455 5.560074 0.892949
v -7.669784 5.560074 0.918541
v -7.658834 5.560074 0.939119
v -7.639467 5.560074 0.960043
v -7.612714 5.560074 0.978534
v -7.584424 5.560074 0.986570
v -7.555881 5.560074 0.985360
v -7.522201 5.560074 0.979968
v -7.477471 5.560074 0.973192
v -7.415701 5.560074 0.971667
v -7.255298 5.560074 1.011021
v -7.308264 5.573186 0.673465
v -7.372123 5.573197 0.662791
v -7.434112 5.573197 0.660130
v -7.496069 5.573197 0.666150
v -7.549080 5.573197 0.681495
v -7.597901 5.573197 0.709791
v -7.644536 5.573197 0.749497
v -7.683938 5.573197 0.795060
v -7.708333 5.573197 0.841244
v -7.716621 5.573197 0.884952
v -7.712449 5.573197 0.923195
v -7.698240 5.573197 0.956123
v -7.672625 5.573197 0.987292
v -7.638437 5.573197 1.012889
v -7.598827 5.573197 1.026999
v -7.557179 5.573197 1.028259
v -7.516193 5.573197 1.022464
v -7.471045 5.573197 1.015626
v -7.414900 5.573197 1.014578
v -7.271405 5.573197 1.050237
v -7.300036 5.569536 0.644211
v -7.367106 5.569460 0.632831
v -7.432809 5.569460 0.629781
v -7.499006 5.569460 0.635914
v -7.557527 5.569460 0.652315
v -7.613134 5.569460 0.683508
v -7.664230 5.569460 0.726367
v -7.706916 5.569460 0.775189
v -7.735194 5.569460 0.827056
v -7.746467 5.569460 0.879292
v -7.742648 5.569460 0.926489
v -7.726132 5.569460 0.968158
v -7.696095 5.569460 1.006579
v -7.656644 5.569460 1.037206
v -7.609021 5.569460 1.055615
v -7.558098 5.569460 1.058623
v -7.511941 5.569460 1.052543
v -7.466496 5.569460 1.045662
v -7.414333 5.569460 1.044950
v -7.282805 5.569460 1.077994
v -7.296229 5.560412 0.632164
v -7.365025 5.560288 0.620403
v -7.432269 5.560288 0.617192
v -7.500225 5.560288 0.623373
v -7.561031 5.560288 0.640212
v -7.619452 5.560288 0.672607
v -7.672398 5.560288 0.716773
v -7.716447 5.560288 0.766946
v -7.746336 5.560288 0.821171
v -7.758847 5.560288 0.876945
v -7.755174 5.560288 0.927855
v -7.737701 5.560288 0.973150
v -7.705830 5.560288 1.014579
v -7.664196 5.560288 1.047293
v -7.613249 5.560288 1.067485
v -7.558480 5.560288 1.071218
v -7.510176 5.560288 1.065019
v -7.464609 5.560288 1.058120
v -7.414097 5.560288 1.057549
v -7.287534 5.560288 1.089508
v -7.333608 5.560074 0.986740
v -7.335848 5.569309 0.998755
v -7.341261 5.573197 1.027804
v -7.346678 5.569460 1.056869
v -7.348925 5.560288 1.068925
v -7.088536 5.559810 0.796199
v -7.083786 5.569118 0.784634
v -7.072260 5.573186 0.756571
v -7.060710 5.569629 0.728451
v -7.055903 5.560532 0.716746
v -6.995403 5.569222 0.834503
v -6.944915 5.569309 0.870259
v -6.901866 5.569309 0.909604
v -6.864960 5.569309 0.954374
v -6.841213 5.569309 0.997929
v -6.829164 5.569309 1.045545
v -6.824856 5.569309 1.101192
v -6.828899 5.569309 1.156672
v -6.842778 5.569309 1.199903
v -6.863735 5.569309 1.228658
v -6.887544 5.569309 1.246315
v -6.913015 5.569309 1.255156
v -6.944905 5.569309 1.257274
v -6.979940 5.569309 1.251573
v -7.009317 5.569309 1.236340
v -7.032005 5.569309 1.213237
v -7.053610 5.569309 1.184142
v -7.080738 5.569309 1.147784
v -7.122531 5.569309 1.104538
v -7.001966 5.559967 0.845192
v -6.952145 5.560074 0.880527
v -6.910301 5.560074 0.918907
v -6.874609 5.560074 0.962411
v -6.852175 5.560074 1.004055
v -6.841280 5.560074 1.048847
v -6.837368 5.560074 1.102272
v -6.841430 5.560074 1.155839
v -6.854799 5.560074 1.196270
v -6.874156 5.560074 1.221651
v -6.895467 5.560074 1.236572
v -6.917719 5.560074 1.243512
v -6.946203 5.560074 1.244784
v -6.978228 5.560074 1.239132
v -7.004000 5.560074 1.224964
v -7.023453 5.560074 1.204041
v -7.043620 5.560074 1.176533
v -7.070673 5.560074 1.140274
v -7.113540 5.560074 1.095772
v -6.980361 5.573186 0.808142
v -6.927435 5.573197 0.845435
v -6.881472 5.573197 0.887113
v -6.841632 5.573197 0.934943
v -6.814710 5.573197 0.983119
v -6.799872 5.573197 1.037561
v -6.794608 5.573197 1.098583
v -6.798606 5.573197 1.158687
v -6.813716 5.573197 1.208685
v -6.838542 5.573197 1.245601
v -6.868390 5.573197 1.269871
v -6.901641 5.573197 1.283305
v -6.941769 5.573197 1.287472
v -6.984079 5.573197 1.281650
v -7.022172 5.573197 1.263845
v -7.052682 5.573197 1.235468
v -7.077763 5.573197 1.202538
v -7.105071 5.573197 1.165940
v -7.144271 5.573197 1.125732
v -6.965653 5.569536 0.781550
v -6.909946 5.569460 0.820598
v -6.861066 5.569460 0.864609
v -6.818291 5.569460 0.915501
v -6.788192 5.569460 0.968300
v -6.770563 5.569460 1.029572
v -6.764343 5.569460 1.095972
v -6.768295 5.569460 1.160703
v -6.784636 5.569460 1.217473
v -6.813334 5.569460 1.262553
v -6.849224 5.569460 1.293440
v -6.890260 5.569460 1.311471
v -6.938630 5.569460 1.317688
v -6.988220 5.569460 1.311744
v -7.035034 5.569460 1.291365
v -7.073370 5.569460 1.257713
v -7.101929 5.569460 1.220944
v -7.129418 5.569460 1.184108
v -7.166022 5.569460 1.146938
v -6.959893 5.560412 0.770306
v -6.902691 5.560288 0.810295
v -6.852602 5.560288 0.855275
v -6.808609 5.560288 0.907436
v -6.777193 5.560288 0.962153
v -6.758406 5.560288 1.026259
v -6.751789 5.560288 1.094889
v -6.755722 5.560288 1.161539
v -6.772575 5.560288 1.221118
v -6.802878 5.560288 1.269584
v -6.841274 5.560288 1.303216
v -6.885540 5.560288 1.323154
v -6.937329 5.560288 1.330221
v -6.989938 5.560288 1.324227
v -7.040370 5.560288 1.302781
v -7.081951 5.560288 1.266939
v -7.111953 5.560288 1.228579
v -7.139517 5.560288 1.191643
v -7.175045 5.560288 1.155734
v -7.182528 5.560074 1.048793
v -7.189380 5.569309 1.058913
v -7.205947 5.573197 1.083381
v -7.222523 5.569460 1.107862
v -7.229398 5.560288 1.118017
vt 0.171254 0.638532
vt 0.163479 0.638372
vt 0.163486 0.636685
vt 0.171285 0.636854
vt 0.163498 0.633365
vt 0.171298 0.633559
vt 0.163509 0.630046
vt 0.171307 0.630266
vt 0.163514 0.628362
vt 0.171335 0.628589
vt 0.182102 0.638203
vt 0.181822 0.639858
vt 0.188597 0.639686
vt 0.188199 0.641315
vt 0.194511 0.641826
vt 0.193916 0.643392
vt 0.200050 0.644762
vt 0.199239 0.646225
vt 0.204244 0.648127
vt 0.203177 0.649412
vt 0.207450 0.652376
vt 0.206109 0.653378
vt 0.210201 0.657751
vt 0.208703 0.658498
vt 0.212096 0.663473
vt 0.210500 0.663968
vt 0.212495 0.668397
vt 0.210833 0.668504
vt 0.211582 0.672175
vt 0.209965 0.671787
vt 0.209915 0.674960
vt 0.208480 0.674119
vt 0.207714 0.676932
vt 0.206577 0.675713
vt 0.204593 0.678501
vt 0.203825 0.677020
vt 0.200825 0.679416
vt 0.200434 0.677797
vt 0.197212 0.679161
vt 0.197300 0.677496
vt 0.193935 0.677858
vt 0.194500 0.676287
vt 0.190543 0.675917
vt 0.191351 0.674450
vt 0.186330 0.673484
vt 0.187149 0.672018
vt 0.180399 0.670962
vt 0.181026 0.669399
vt 0.172198 0.667557
vt 0.171881 0.669178
vt 0.163361 0.668429
vt 0.163370 0.666759
vt 0.182536 0.634938
vt 0.189334 0.636478
vt 0.195632 0.638733
vt 0.201584 0.641855
vt 0.206275 0.645546
vt 0.210041 0.650355
vt 0.213118 0.656233
vt 0.215208 0.662423
vt 0.215758 0.668072
vt 0.214795 0.672815
vt 0.212808 0.676502
vt 0.210035 0.679250
vt 0.206190 0.681367
vt 0.201709 0.682578
vt 0.197145 0.682440
vt 0.192879 0.680960
vt 0.188961 0.678796
vt 0.184690 0.676347
vt 0.179116 0.674003
vt 0.171230 0.672325
vt 0.163344 0.671686
vt 0.182921 0.631668
vt 0.190066 0.633268
vt 0.196749 0.635636
vt 0.203116 0.638943
vt 0.208306 0.642960
vt 0.212633 0.648331
vt 0.216037 0.654711
vt 0.218325 0.661370
vt 0.219029 0.667745
vt 0.218019 0.673459
vt 0.215707 0.678051
vt 0.212356 0.681578
vt 0.207782 0.684247
vt 0.202582 0.685749
vt 0.197064 0.685723
vt 0.191811 0.684065
vt 0.187377 0.681678
vt 0.183052 0.679210
vt 0.177837 0.677043
vt 0.170579 0.675467
vt 0.163327 0.674940
vt 0.183088 0.629999
vt 0.190454 0.631636
vt 0.197335 0.634065
vt 0.203919 0.637471
vt 0.209367 0.641661
vt 0.213968 0.647315
vt 0.217534 0.653953
vt 0.219924 0.660862
vt 0.220702 0.667617
vt 0.219658 0.673822
vt 0.217171 0.678873
vt 0.213517 0.682791
vt 0.208567 0.685731
vt 0.202985 0.687378
vt 0.196980 0.687400
vt 0.191248 0.685646
vt 0.186572 0.683150
vt 0.182240 0.680676
vt 0.177214 0.678601
vt 0.170264 0.677085
vt 0.163318 0.676607
vt 0.155707 0.638472
vt 0.155689 0.636794
vt 0.155701 0.633499
vt 0.155713 0.630206
vt 0.155696 0.628530
vt 0.145136 0.639713
vt 0.144870 0.638055
vt 0.138756 0.641114
vt 0.138372 0.639481
vt 0.133029 0.643136
vt 0.132446 0.641565
vt 0.127686 0.645914
vt 0.126887 0.644444
vt 0.123720 0.649057
vt 0.122664 0.647762
vt 0.120746 0.652985
vt 0.119415 0.651970
vt 0.118098 0.658070
vt 0.116607 0.657308
vt 0.116243 0.663514
vt 0.114653 0.663004
vt 0.115860 0.668044
vt 0.114200 0.667919
vt 0.116690 0.671335
vt 0.115069 0.671704
vt 0.118148 0.673682
vt 0.116704 0.674505
vt 0.120033 0.675293
vt 0.118883 0.676499
vt 0.122772 0.676624
vt 0.121988 0.678097
vt 0.126155 0.677432
vt 0.125747 0.679048
vt 0.129292 0.677161
vt 0.129364 0.678827
vt 0.132111 0.675980
vt 0.132658 0.677559
vt 0.135289 0.674178
vt 0.136079 0.675655
vt 0.139525 0.671794
vt 0.140326 0.673269
vt 0.145681 0.669239
vt 0.146290 0.670809
vt 0.154532 0.667483
vt 0.154832 0.669107
vt 0.144462 0.634787
vt 0.137660 0.636267
vt 0.131351 0.638463
vt 0.125378 0.641524
vt 0.120656 0.645162
vt 0.116845 0.649925
vt 0.113706 0.655761
vt 0.111551 0.661922
vt 0.110940 0.667558
vt 0.111849 0.672308
vt 0.113794 0.676014
vt 0.116537 0.678791
vt 0.120360 0.680946
vt 0.124829 0.682201
vt 0.129395 0.682108
vt 0.133679 0.680673
vt 0.137627 0.678553
vt 0.141932 0.676150
vt 0.147539 0.673863
vt 0.155449 0.672258
vt 0.144100 0.631514
vt 0.136952 0.633052
vt 0.130259 0.635357
vt 0.123871 0.638599
vt 0.118650 0.642558
vt 0.114273 0.647874
vt 0.110803 0.654209
vt 0.108445 0.660836
vt 0.107673 0.667197
vt 0.108619 0.672917
vt 0.110878 0.677531
vt 0.114190 0.681093
vt 0.118735 0.683807
vt 0.123920 0.685362
vt 0.129438 0.685393
vt 0.134711 0.683791
vt 0.139176 0.681453
vt 0.143536 0.679031
vt 0.148784 0.676916
vt 0.156066 0.675407
vt 0.143944 0.629845
vt 0.136576 0.631418
vt 0.129686 0.633781
vt 0.123082 0.637119
vt 0.117601 0.641249
vt 0.112948 0.646844
vt 0.109315 0.653435
vt 0.106852 0.660311
vt 0.106001 0.667050
vt 0.106976 0.673262
vt 0.109406 0.678337
vt 0.113016 0.682292
vt 0.117935 0.685282
vt 0.123498 0.686986
vt 0.129501 0.687070
vt 0.135254 0.685379
vt 0.139963 0.682935
vt 0.144331 0.680507
vt 0.149389 0.678481
vt 0.156364 0.677028
vn -0.180194 0.802956 0.568148
vn -0.226340 0.803172 0.551076
vn -0.111986 0.955572 0.272654
vn -0.087342 0.957894 0.273514
vn -0.002536 0.999978 0.006175
vn -0.000695 0.999999 0.000958
vn 0.107959 0.958778 -0.262849
vn 0.088016 0.956416 -0.278429
vn 0.221216 0.813003 -0.538599
vn 0.177523 0.811674 -0.556481
vn -0.063818 0.957882 0.279982
vn -0.132316 0.803528 0.580375
vn -0.028736 0.959474 0.280329
vn -0.058891 0.805162 0.590124
vn 0.008478 0.960247 0.279025
vn 0.020724 0.804978 0.592942
vn 0.051492 0.961274 0.270742
vn 0.115495 0.804778 0.582231
vn 0.108279 0.963122 0.246316
vn 0.247378 0.803883 0.540903
vn 0.162314 0.961590 0.221356
vn 0.357140 0.802914 0.477262
vn 0.196835 0.960672 0.195868
vn 0.423890 0.804208 0.416614
vn 0.224019 0.962330 0.154066
vn 0.493287 0.804605 0.330572
vn 0.249274 0.964571 0.086402
vn 0.567915 0.802890 0.181216
vn 0.261130 0.965293 0.004472
vn 0.599997 0.799958 -0.008434
vn 0.246816 0.966205 -0.074364
vn 0.568781 0.799442 -0.193342
vn 0.213653 0.966001 -0.145581
vn 0.485890 0.799350 -0.353484
vn 0.176384 0.964307 -0.197484
vn 0.389336 0.800950 -0.454858
vn 0.117894 0.965590 -0.231814
vn 0.255559 0.802002 -0.539891
vn 0.038758 0.965994 -0.255643
vn 0.069475 0.799536 -0.596586
vn -0.023490 0.962254 -0.271137
vn -0.060084 0.800443 -0.596390
vn -0.043461 0.957553 -0.284963
vn -0.090291 0.804542 -0.586992
vn -0.023450 0.952508 -0.303609
vn -0.047258 0.805532 -0.590665
vn 0.030179 0.948740 -0.314614
vn 0.052717 0.802903 -0.593774
vn 0.142408 0.799187 -0.583970
vn 0.074894 0.949903 -0.303438
vn 0.119953 0.948850 -0.292053
vn 0.228179 0.799559 -0.555553
vn -0.000103 1.000000 0.000024
vn 0.000410 0.999988 -0.004938
vn -0.000334 0.999975 -0.007085
vn -0.002098 0.999953 -0.009435
vn -0.006183 0.999894 -0.013179
vn -0.006666 0.999930 -0.009732
vn -0.006137 0.999962 -0.006201
vn -0.010405 0.999925 -0.006524
vn -0.017743 0.999826 -0.005687
vn -0.021830 0.999761 -0.001240
vn -0.023272 0.999713 0.005615
vn -0.020382 0.999722 0.011839
vn -0.013587 0.999817 0.013506
vn -0.009780 0.999773 0.018937
vn -0.004499 0.999723 0.023110
vn -0.000299 0.999883 0.015311
vn -0.000061 0.999998 0.001908
vn -0.000483 0.999945 -0.010493
vn 0.002294 0.999867 -0.016175
vn 0.003339 0.999913 -0.012727
vn 0.005392 0.999899 -0.013127
vn 0.065915 0.956243 -0.285053
vn 0.031768 0.954116 -0.297747
vn -0.007305 0.953327 -0.301851
vn -0.054766 0.952141 -0.300713
vn -0.121166 0.949734 -0.288658
vn -0.176949 0.950808 -0.254271
vn -0.213196 0.952453 -0.217673
vn -0.253284 0.950924 -0.177737
vn -0.298223 0.947883 -0.112165
vn -0.322448 0.946304 -0.023156
vn -0.316988 0.945571 0.073579
vn -0.280677 0.945656 0.164180
vn -0.224665 0.947615 0.227048
vn -0.157097 0.946728 0.281118
vn -0.068061 0.945482 0.318485
vn 0.010275 0.949174 0.314584
vn 0.041245 0.955667 0.291548
vn 0.021624 0.961207 0.274978
vn -0.024845 0.962561 0.269925
vn -0.067418 0.960689 0.269315
vn -0.105643 0.960563 0.257212
vn 0.134600 0.809855 -0.570980
vn 0.064421 0.808403 -0.585094
vn -0.011944 0.808064 -0.588974
vn -0.101868 0.807969 -0.580352
vn -0.222228 0.807617 -0.546232
vn -0.333831 0.806887 -0.487331
vn -0.410563 0.807556 -0.423427
vn -0.479240 0.807922 -0.342914
vn -0.549078 0.807288 -0.216332
vn -0.589058 0.806415 -0.052004
vn -0.577942 0.806607 0.123965
vn -0.514841 0.806650 0.290265
vn -0.420811 0.806682 0.414949
vn -0.296314 0.807212 0.510497
vn -0.134095 0.806525 0.575792
vn 0.014528 0.805996 0.591743
vn 0.082054 0.807621 0.583965
vn 0.044240 0.808444 0.586908
vn -0.057788 0.805347 0.589980
vn -0.147085 0.802439 0.578323
vn -0.226961 0.801958 0.552587
vn -0.271165 0.802955 0.530785
vn -0.130119 0.957894 0.255944
vn -0.000180 0.999999 0.001172
vn 0.133093 0.956416 -0.259911
vn 0.264863 0.811675 -0.520607
vn -0.313815 0.803525 0.505833
vn -0.151397 0.957882 0.244010
vn -0.372896 0.805158 0.461160
vn -0.176596 0.959474 0.219598
vn -0.431506 0.804979 0.407200
vn -0.202149 0.960247 0.192512
vn -0.491388 0.804785 0.332956
vn -0.226925 0.961274 0.156388
vn -0.556149 0.803887 0.210865
vn -0.250151 0.963122 0.099103
vn -0.589495 0.802914 0.088458
vn -0.271042 0.961590 0.043367
vn -0.594346 0.804208 -0.001600
vn -0.277681 0.960673 0.000971
vn -0.583232 0.804606 -0.111581
vn -0.267636 0.962330 -0.047871
vn -0.531337 0.802890 -0.270274
vn -0.238042 0.964571 -0.113749
vn -0.420857 0.799958 -0.427723
vn -0.188890 0.965293 -0.180359
vn -0.268689 0.799445 -0.537303
vn -0.123295 0.966205 -0.226376
vn -0.097165 0.799351 -0.592956
vn -0.049649 0.966002 -0.253724
vn 0.042773 0.800947 -0.597205
vn 0.013344 0.964307 -0.264451
vn 0.197696 0.801998 -0.563662
vn 0.079078 0.965589 -0.247758
vn 0.369908 0.799538 -0.473189
vn 0.152115 0.965995 -0.209081
vn 0.461925 0.800448 -0.381980
vn 0.207280 0.962257 -0.176340
vn 0.476810 0.804537 -0.354080
vn 0.231207 0.957554 -0.172146
vn 0.448782 0.805526 -0.386939
vn 0.230082 0.952506 -0.199484
vn 0.379850 0.802907 -0.459406
vn 0.199667 0.948741 -0.244997
vn 0.309163 0.799187 -0.515479
vn 0.160003 0.949906 -0.268474
vn 0.000056 1.000000 0.000090
vn 0.003180 0.999988 -0.003803
vn 0.005219 0.999975 -0.004808
vn 0.008123 0.999953 -0.005234
vn 0.013660 0.999894 -0.005025
vn 0.011581 0.999930 -0.002235
vn 0.008724 0.999962 -0.000097
vn 0.011987 0.999925 0.002672
vn 0.016619 0.999826 0.008425
vn 0.016399 0.999761 0.014461
vn 0.012608 0.999713 0.020350
vn 0.006178 0.999722 0.022744
vn 0.000173 0.999817 0.019153
vn -0.006353 0.999773 0.020344
vn -0.013043 0.999723 0.019599
vn -0.010550 0.999883 0.011103
vn -0.001298 0.999998 0.001400
vn 0.007721 0.999945 -0.007129
vn 0.009738 0.999866 -0.013119
vn 0.006570 0.999913 -0.011400
vn 0.153471 0.956243 -0.249091
vn 0.186683 0.954115 -0.234123
vn 0.217361 0.953326 -0.209579
vn 0.250319 0.952141 -0.175405
vn 0.289077 0.949735 -0.120161
vn 0.304586 0.950808 -0.056493
vn 0.304646 0.952453 -0.004981
vn 0.305092 0.950924 0.051600
vn 0.290968 0.947883 0.129827
vn 0.245637 0.946304 0.210169
vn 0.173760 0.945571 0.275141
vn 0.084254 0.945657 0.314060
vn 0.000223 0.947618 0.319406
vn -0.085844 0.946729 0.310378
vn -0.175442 0.945482 0.274379
vn -0.228421 0.949175 0.216543
vn -0.234257 0.955669 0.178384
vn -0.208655 0.961209 0.180390
vn -0.172049 0.962562 0.209458
vn -0.141338 0.960691 0.238948
vn 0.305586 0.809853 -0.500754
vn 0.365427 0.808399 -0.461471
vn 0.422473 0.808062 -0.410552
vn 0.480376 0.807970 -0.341208
vn 0.542007 0.807617 -0.232343
vn 0.579992 0.806885 -0.112008
vn 0.589657 0.807556 -0.012616
vn 0.581917 0.807922 0.092925
vn 0.542621 0.807289 0.232051
vn 0.455554 0.806416 0.377047
vn 0.323963 0.806606 0.494404
vn 0.162196 0.806653 0.568334
vn 0.007675 0.806687 0.590929
vn -0.148043 0.807217 0.571388
vn -0.309326 0.806525 0.503820
vn -0.426258 0.805993 0.410707
vn -0.468821 0.807624 0.357702
vn -0.443991 0.808448 0.386373
vn -0.373577 0.805349 0.460275
vn -0.301867 0.802438 0.514753
s 1
g ancha_boquilla lata_ancha
usemtl aiStandardSurface2SG
f 1/1/1 2/2/2 3/3/3 4/4/4
f 4/4/4 3/3/3 5/5/5 6/6/6
f 6/6/6 5/5/5 7/7/7 8/8/8
f 8/8/8 7/7/7 9/9/9 10/10/10
f 1/1/1 4/4/4 11/11/11 31/12/12
f 31/12/12 11/11/11 12/13/13 32/14/14
f 32/14/14 12/13/13 13/15/15 33/16/16
f 33/16/16 13/15/15 14/17/17 34/18/18
f 34/18/18 14/17/17 15/19/19 35/20/20
f 35/20/20 15/19/19 16/21/21 36/22/22
f 36/22/22 16/21/21 17/23/23 37/24/24
f 37/24/24 17/23/23 18/25/25 38/26/26
f 38/26/26 18/25/25 19/27/27 39/28/28
f 39/28/28 19/27/27 20/29/29 40/30/30
f 40/30/30 20/29/29 21/31/31 41/32/32
f 41/32/32 21/31/31 22/33/33 42/34/34
f 42/34/34 22/33/33 23/35/35 43/36/36
f 43/36/36 23/35/35 24/37/37 44/38/38
f 44/38/38 24/37/37 25/39/39 45/40/40
f 45/40/40 25/39/39 26/41/41 46/42/42
f 46/42/42 26/41/41 27/43/43 47/44/44
f 47/44/44 27/43/43 28/45/45 48/46/46
f 48/46/46 28/45/45 29/47/47 49/48/48
f 111/49/49 112/50/50 30/51/51 50/52/52
f 4/4/4 6/6/6 51/53/53 11/11/11
f 11/11/11 51/53/53 52/54/54 12/13/13
f 12/13/13 52/54/54 53/55/55 13/15/15
f 13/15/15 53/55/55 54/56/56 14/17/17
f 14/17/17 54/56/56 55/57/57 15/19/19
f 15/19/19 55/57/57 56/58/58 16/21/21
f 16/21/21 56/58/58 57/59/59 17/23/23
f 17/23/23 57/59/59 58/60/60 18/25/25
f 18/25/25 58/60/60 59/61/61 19/27/27
f 19/27/27 59/61/61 60/62/62 20/29/29
f 20/29/29 60/62/62 61/63/63 21/31/31
f 21/31/31 61/63/63 62/64/64 22/33/33
f 22/33/33 62/64/64 63/65/65 23/35/35
f 23/35/35 63/65/65 64/66/66 24/37/37
f 24/37/37 64/66/66 65/67/67 25/39/39
f 25/39/39 65/67/67 66/68/68 26/41/41
f 26/41/41 66/68/68 67/69/69 27/43/43
f 27/43/43 67/69/69 68/70/70 28/45/45
f 28/45/45 68/70/70 69/71/71 29/47/47
f 112/50/50 113/72/72 70/73/73 30/51/51
f 6/6/6 8/8/8 71/74/74 51/53/53
f 51/53/53 71/74/74 72/75/75 52/54/54
f 52/54/54 72/75/75 73/76/76 53/55/55
f 53/55/55 73/76/76 74/77/77 54/56/56
f 54/56/56 74/77/77 75/78/78 55/57/57
f 55/57/57 75/78/78 76/79/79 56/58/58
f 56/58/58 76/79/79 77/80/80 57/59/59
f 57/59/59 77/80/80 78/81/81 58/60/60
f 58/60/60 78/81/81 79/82/82 59/61/61
f 59/61/61 79/82/82 80/83/83 60/62/62
f 60/62/62 80/83/83 81/84/84 61/63/63
f 61/63/63 81/84/84 82/85/85 62/64/64
f 62/64/64 82/85/85 83/86/86 63/65/65
f 63/65/65 83/86/86 84/87/87 64/66/66
f 64/66/66 84/87/87 85/88/88 65/67/67
f 65/67/67 85/88/88 86/89/89 66/68/68
f 66/68/68 86/89/89 87/90/90 67/69/69
f 67/69/69 87/90/90 88/91/91 68/70/70
f 68/70/70 88/91/91 89/92/92 69/71/71
f 113/72/72 114/93/93 90/94/94 70/73/73
f 8/8/8 10/10/10 91/95/95 71/74/74
f 71/74/74 91/95/95 92/96/96 72/75/75
f 72/75/75 92/96/96 93/97/97 73/76/76
f 73/76/76 93/97/97 94/98/98 74/77/77
f 74/77/77 94/98/98 95/99/99 75/78/78
f 75/78/78 95/99/99 96/100/100 76/79/79
f 76/79/79 96/100/100 97/101/101 77/80/80
f 77/80/80 97/101/101 98/102/102 78/81/81
f 78/81/81 98/102/102 99/103/103 79/82/82
f 79/82/82 99/103/103 100/104/104 80/83/83
f 80/83/83 100/104/104 101/105/105 81/84/84
f 81/84/84 101/105/105 102/106/106 82/85/85
f 82/85/85 102/106/106 103/107/107 83/86/86
f 83/86/86 103/107/107 104/108/108 84/87/87
f 84/87/87 104/108/108 105/109/109 85/88/88
f 85/88/88 105/109/109 106/110/110 86/89/89
f 86/89/89 106/110/110 107/111/111 87/90/90
f 87/90/90 107/111/111 108/112/112 88/91/91
f 88/91/91 108/112/112 109/113/113 89/92/92
f 114/93/93 115/114/114 110/115/115 90/94/94
f 49/48/48 29/47/47 112/50/50 111/49/49
f 29/47/47 69/71/71 113/72/72 112/50/50
f 69/71/71 89/92/92 114/93/93 113/72/72
f 89/92/92 109/113/113 115/114/114 114/93/93
f 116/116/116 117/117/117 3/3/3 2/2/2
f 117/117/117 118/118/118 5/5/5 3/3/3
f 118/118/118 119/119/119 7/7/7 5/5/5
f 119/119/119 120/120/120 9/9/9 7/7/7
f 116/116/116 140/121/121 121/122/122 117/117/117
f 140/121/121 141/123/123 122/124/124 121/122/122
f 141/123/123 142/125/125 123/126/126 122/124/124
f 142/125/125 143/127/127 124/128/128 123/126/126
f 143/127/127 144/129/129 125/130/130 124/128/128
f 144/129/129 145/131/131 126/132/132 125/130/130
f 145/131/131 146/133/133 127/134/134 126/132/132
f 146/133/133 147/135/135 128/136/136 127/134/134
f 147/135/135 148/137/137 129/138/138 128/136/136
f 148/137/137 149/139/139 130/140/140 129/138/138
f 149/139/139 150/141/141 131/142/142 130/140/140
f 150/141/141 151/143/143 132/144/144 131/142/142
f 151/143/143 152/145/145 133/146/146 132/144/144
f 152/145/145 153/147/147 134/148/148 133/146/146
f 153/147/147 154/149/149 135/150/150 134/148/148
f 154/149/149 155/151/151 136/152/152 135/150/150
f 155/151/151 156/153/153 137/154/154 136/152/152
f 156/153/153 157/155/155 138/156/156 137/154/154
f 157/155/155 158/157/157 139/158/158 138/156/156
f 216/159/159 50/52/52 30/51/51 217/160/160
f 117/117/117 121/122/122 159/161/161 118/118/118
f 121/122/122 122/124/124 160/162/162 159/161/161
f 122/124/124 123/126/126 161/163/163 160/162/162
f 123/126/126 124/128/128 162/164/164 161/163/163
f 124/128/128 125/130/130 163/165/165 162/164/164
f 125/130/130 126/132/132 164/166/166 163/165/165
f 126/132/132 127/134/134 165/167/167 164/166/166
f 127/134/134 128/136/136 166/168/168 165/167/167
f 128/136/136 129/138/138 167/169/169 166/168/168
f 129/138/138 130/140/140 168/170/170 167/169/169
f 130/140/140 131/142/142 169/171/171 168/170/170
f 131/142/142 132/144/144 170/172/172 169/171/171
f 132/144/144 133/146/146 171/173/173 170/172/172
f 133/146/146 134/148/148 172/174/174 171/173/173
f 134/148/148 135/150/150 173/175/175 172/174/174
f 135/150/150 136/152/152 174/176/176 173/175/175
f 136/152/152 137/154/154 175/177/177 174/176/176
f 137/154/154 138/156/156 176/178/178 175/177/177
f 138/156/156 139/158/158 177/179/179 176/178/178
f 217/160/160 30/51/51 70/73/73 218/180/180
f 118/118/118 159/161/161 178/181/181 119/119/119
f 159/161/161 160/162/162 179/182/182 178/181/181
f 160/162/162 161/163/163 180/183/183 179/182/182
f 161/163/163 162/164/164 181/184/184 180/183/183
f 162/164/164 163/165/165 182/185/185 181/184/184
f 163/165/165 164/166/166 183/186/186 182/185/185
f 164/166/166 165/167/167 184/187/187 183/186/186
f 165/167/167 166/168/168 185/188/188 184/187/187
f 166/168/168 167/169/169 186/189/189 185/188/188
f 167/169/169 168/170/170 187/190/190 186/189/189
f 168/170/170 169/171/171 188/191/191 187/190/190
f 169/171/171 170/172/172 189/192/192 188/191/191
f 170/172/172 171/173/173 190/193/193 189/192/192
f 171/173/173 172/174/174 191/194/194 190/193/193
f 172/174/174 173/175/175 192/195/195 191/194/194
f 173/175/175 174/176/176 193/196/196 192/195/195
f 174/176/176 175/177/177 194/197/197 193/196/196
f 175/177/177 176/178/178 195/198/198 194/197/197
f 176/178/178 177/179/179 196/199/199 195/198/198
f 218/180/180 70/73/73 90/94/94 219/200/200
f 119/119/119 178/181/181 197/201/201 120/120/120
f 178/181/181 179/182/182 198/202/202 197/201/201
f 179/182/182 180/183/183 199/203/203 198/202/202
f 180/183/183 181/184/184 200/204/204 199/203/203
f 181/184/184 182/185/185 201/205/205 200/204/204
f 182/185/185 183/186/186 202/206/206 201/205/205
f 183/186/186 184/187/187 203/207/207 202/206/206
f 184/187/187 185/188/188 204/208/208 203/207/207
f 185/188/188 186/189/189 205/209/209 204/208/208
f 186/189/189 187/190/190 206/210/210 205/209/209
f 187/190/190 188/191/191 207/211/211 206/210/210
f 188/191/191 189/192/192 208/212/212 207/211/211
f 189/192/192 190/193/193 209/213/213 208/212/212
f 190/193/193 191/194/194 210/214/214 209/213/213
f 191/194/194 192/195/195 211/215/215 210/214/214
f 192/195/195 193/196/196 212/216/216 211/215/215
f 193/196/196 194/197/197 213/217/217 212/216/216
f 194/197/197 195/198/198 214/218/218 213/217/217
f 195/198/198 196/199/199 215/219/219 214/218/218
f 219/200/200 90/94/94 110/115/115 220/220/220
f 158/157/157 216/159/159 217/160/160 139/158/158
f 139/158/158 217/160/160 218/180/180 177/179/179
f 177/179/179 218/180/180 219/200/200 196/199/199
f 196/199/199 219/200/200 220/220/220 215/219/219
g default
v -6.924716 5.569489 1.447600
v -6.933642 5.570681 1.444093
v -6.935540 5.570371 1.448924
v -6.927293 5.569270 1.452164
v -6.942569 5.569489 1.440587
v -6.943787 5.569270 1.445685
v -6.946266 5.566611 1.439134
v -6.947203 5.566611 1.444343
v -6.921018 5.566611 1.449053
v -6.923877 5.566611 1.453506
v -6.937149 5.569489 1.453020
v -6.930837 5.568646 1.455500
v -6.943461 5.568646 1.450540
v -6.946076 5.566611 1.449513
v -6.928222 5.566611 1.456527
v -6.938224 5.568169 1.455756
v -6.934808 5.567713 1.457098
v -6.941640 5.567713 1.454415
v -6.943055 5.566611 1.453859
v -6.933393 5.566611 1.457654
v -6.938601 5.566611 1.456717
v -6.934984 5.569312 1.424067
v -6.937584 5.566439 1.421062
v -6.928849 5.570500 1.431438
v -6.922774 5.569307 1.438859
v -6.920316 5.566432 1.441981
v -6.864262 5.569268 1.373031
v -6.809303 5.569281 1.321380
v -6.764229 5.569281 1.259295
v -6.729485 5.569281 1.189337
v -6.705604 5.569281 1.088276
v -6.713096 5.569281 0.968693
v -6.754828 5.569281 0.860843
v -6.840083 5.569281 0.751245
v -6.944837 5.569281 0.677701
v -7.071510 5.569281 0.618765
v -7.221238 5.569281 0.566155
v -7.379173 5.569281 0.542023
v -7.496405 5.569281 0.552906
v -7.604352 5.569281 0.595817
v -7.696957 5.569281 0.666288
v -7.767052 5.569281 0.775000
v -7.793278 5.569281 0.875470
v -7.787738 5.569281 0.994509
v -7.771908 5.567444 1.107813
v -7.681480 5.569281 1.209315
v -6.866606 5.566333 1.369879
v -6.811991 5.566351 1.318513
v -6.767405 5.566351 1.256978
v -6.733003 5.566351 1.187582
v -6.709427 5.566351 1.087363
v -6.717020 5.566351 0.968925
v -6.758499 5.566351 0.862248
v -6.843192 5.566351 0.753649
v -6.947106 5.566351 0.680910
v -7.073172 5.566351 0.622327
v -7.222542 5.566351 0.569863
v -7.379771 5.566351 0.545908
v -7.496052 5.566351 0.556821
v -7.602912 5.566351 0.599474
v -7.694586 5.566351 0.669423
v -7.763758 5.566351 0.777145
v -7.789479 5.566351 0.876480
v -7.783810 5.566351 0.994341
v -7.768153 5.566351 1.106651
v -7.680114 5.566351 1.205988
v -6.858646 5.570606 1.380780
v -6.802755 5.570608 1.328363
v -6.756495 5.570608 1.264935
v -6.720919 5.570608 1.193609
v -6.696293 5.570608 1.090500
v -6.703540 5.570608 0.968127
v -6.745887 5.570608 0.857423
v -6.832510 5.570608 0.745390
v -6.939311 5.570608 0.669885
v -7.067463 5.570608 0.610090
v -7.218062 5.570608 0.557125
v -7.377718 5.570608 0.532561
v -7.497268 5.570608 0.543372
v -7.607858 5.570608 0.586910
v -7.702730 5.570608 0.658652
v -7.775074 5.570608 0.769777
v -7.802529 5.570608 0.873009
v -7.797301 5.570608 0.994920
v -7.781053 5.568771 1.110642
v -7.684807 5.570608 1.217416
v -7.684828 5.566542 1.217465
v -6.853046 5.569563 1.388588
v -6.796183 5.569551 1.335370
v -6.748734 5.569551 1.270596
v -6.712323 5.569551 1.197897
v -6.686950 5.569551 1.092731
v -6.693950 5.569551 0.967559
v -6.736914 5.569551 0.853991
v -6.824910 5.569551 0.739514
v -6.933765 5.569551 0.662040
v -7.063401 5.569551 0.601384
v -7.214875 5.569551 0.548063
v -7.376257 5.569551 0.523067
v -7.498133 5.569551 0.533805
v -7.611377 5.569551 0.577971
v -7.708525 5.569551 0.650990
v -7.783125 5.569551 0.764536
v -7.811812 5.569551 0.870540
v -7.806899 5.569551 0.995331
v -7.790230 5.567714 1.113481
v -7.688147 5.569551 1.225546
v -6.850743 5.566748 1.391879
v -6.793438 5.566731 1.338297
v -6.745491 5.566731 1.272961
v -6.708731 5.566731 1.199688
v -6.683046 5.566731 1.093664
v -6.689944 5.566731 0.967322
v -6.733166 5.566731 0.852558
v -6.821735 5.566731 0.737059
v -6.931448 5.566731 0.658764
v -7.061704 5.566731 0.597748
v -7.213543 5.566731 0.544277
v -7.375647 5.566731 0.519100
v -7.498494 5.566731 0.529808
v -7.612847 5.566731 0.574237
v -7.710945 5.566731 0.647789
v -7.786488 5.566731 0.762346
v -7.815691 5.566731 0.869509
v -7.810908 5.566731 0.995503
v -7.794064 5.566731 1.114667
v -7.689542 5.566731 1.228942
vt 0.100405 0.814945
vt 0.101424 0.815056
vt 0.101354 0.815604
vt 0.100418 0.815508
vt 0.102447 0.815232
vt 0.102287 0.815765
vt 0.102966 0.815332
vt 0.102756 0.815888
vt 0.099884 0.814913
vt 0.099935 0.815505
vt 0.101292 0.816075
vt 0.100577 0.816005
vt 0.102002 0.816199
vt 0.102350 0.816331
vt 0.100207 0.816039
vt 0.101247 0.816417
vt 0.100859 0.816375
vt 0.101632 0.816480
vt 0.101807 0.816584
vt 0.100664 0.816429
vt 0.101220 0.816621
vt 0.102628 0.813313
vt 0.103136 0.813167
vt 0.101638 0.813640
vt 0.100649 0.813988
vt 0.100145 0.814159
vt 0.208512 0.822169
vt 0.208740 0.822591
vt 0.208988 0.823501
vt 0.208526 0.823639
vt 0.209272 0.824379
vt 0.209353 0.824905
vt 0.099173 0.804587
vt 0.099669 0.804403
vt 0.097102 0.796714
vt 0.097615 0.796584
vt 0.096385 0.788462
vt 0.096912 0.788420
vt 0.096921 0.780044
vt 0.097448 0.780084
vt 0.099910 0.769238
vt 0.100417 0.769386
vt 0.106508 0.758113
vt 0.106960 0.758389
vt 0.115564 0.749519
vt 0.115923 0.749907
vt 0.128739 0.742381
vt 0.128985 0.742849
vt 0.142190 0.739258
vt 0.142306 0.739774
vt 0.157220 0.738218
vt 0.157255 0.738745
vt 0.174331 0.738529
vt 0.174317 0.739058
vt 0.191267 0.741718
vt 0.191163 0.742236
vt 0.202942 0.746738
vt 0.202727 0.747221
vt 0.212819 0.754463
vt 0.212488 0.754876
vt 0.220546 0.764372
vt 0.220124 0.764690
vt 0.225320 0.777492
vt 0.224821 0.777666
vt 0.226031 0.788683
vt 0.225502 0.788709
vt 0.223360 0.801256
vt 0.222843 0.801148
vt 0.219811 0.813070
vt 0.219414 0.812878
vt 0.098204 0.804971
vt 0.096098 0.796988
vt 0.095349 0.788563
vt 0.095881 0.779991
vt 0.098903 0.768977
vt 0.105604 0.757598
vt 0.114834 0.748777
vt 0.128228 0.741474
vt 0.141943 0.738247
vt 0.157142 0.737180
vt 0.174341 0.737488
vt 0.191448 0.740693
vt 0.203338 0.745776
vt 0.213447 0.753634
vt 0.221354 0.763716
vt 0.226291 0.777118
vt 0.227068 0.788597
vt 0.224380 0.801463
vt 0.220751 0.813520
vt 0.097239 0.805360
vt 0.095094 0.797262
vt 0.094312 0.788663
vt 0.094842 0.779938
vt 0.097896 0.768716
vt 0.104701 0.757083
vt 0.114105 0.748036
vt 0.127717 0.740568
vt 0.141695 0.737236
vt 0.157064 0.736142
vt 0.174351 0.736448
vt 0.191629 0.739668
vt 0.203735 0.744814
vt 0.214075 0.752804
vt 0.222161 0.763061
vt 0.227262 0.776744
vt 0.228104 0.788511
vt 0.225400 0.801671
vt 0.221692 0.813972
vt 0.096748 0.805556
vt 0.094582 0.797393
vt 0.093786 0.788706
vt 0.094315 0.779900
vt 0.097388 0.768569
vt 0.104248 0.756809
vt 0.113745 0.747649
vt 0.127470 0.740100
vt 0.141578 0.736721
vt 0.157029 0.735614
vt 0.174365 0.735919
vt 0.191732 0.739149
vt 0.203949 0.744330
vt 0.214404 0.752390
vt 0.222583 0.762741
vt 0.227761 0.776567
vt 0.228633 0.788483
vt 0.225917 0.801783
vt 0.222092 0.814165
vn 0.283225 0.954115 0.097201
vn -0.013300 0.999910 -0.001964
vn 0.092923 0.990633 0.100058
vn 0.092923 0.990633 0.100058
vn -0.298815 0.946719 -0.120133
vn -0.136171 0.990634 0.010044
vn -0.136171 0.990634 0.010044
vn -0.552114 0.800908 -0.231769
vn -0.584747 0.804370 -0.105167
vn -0.584747 0.804370 -0.105167
vn 0.589373 0.785755 0.187693
vn 0.499985 0.804375 0.320929
vn 0.499985 0.804375 0.320929
vn 0.041232 0.973298 0.225811
vn 0.041232 0.973298 0.225811
vn 0.041232 0.973298 0.225811
vn 0.041232 0.973298 0.225811
vn -0.183904 0.973299 0.137359
vn -0.183904 0.973299 0.137359
vn -0.183904 0.973299 0.137359
vn -0.183904 0.973299 0.137359
vn -0.641809 0.753979 0.139990
vn -0.641809 0.753979 0.139990
vn -0.641809 0.753979 0.139990
vn -0.641809 0.753979 0.139990
vn 0.374914 0.753992 0.539384
vn 0.374914 0.753992 0.539384
vn 0.374914 0.753992 0.539384
vn 0.374914 0.753992 0.539384
vn -0.043940 0.906466 0.419987
vn -0.043940 0.906466 0.419987
vn -0.043940 0.906466 0.419987
vn -0.043940 0.906466 0.419987
vn -0.253673 0.906461 0.337606
vn -0.253673 0.906461 0.337606
vn -0.253673 0.906461 0.337606
vn -0.253673 0.906461 0.337606
vn -0.651582 0.608582 0.452846
vn -0.651582 0.608582 0.452846
vn -0.651582 0.608582 0.452846
vn -0.651582 0.608582 0.452846
vn 0.169094 0.608556 0.775285
vn 0.169094 0.608556 0.775285
vn 0.169094 0.608556 0.775285
vn 0.169094 0.608556 0.775285
vn -0.446012 0.420943 0.789861
vn -0.446012 0.420943 0.789861
vn -0.446012 0.420942 0.789861
vn -0.446012 0.420943 0.789861
vn -0.210859 0.420948 0.882236
vn -0.210859 0.420948 0.882236
vn -0.210859 0.420948 0.882236
vn -0.210859 0.420948 0.882236
vn -0.203552 0.950001 -0.236781
vn -0.377747 0.808462 -0.451327
vn -0.013965 0.999809 -0.013639
vn 0.164848 0.965425 0.201940
vn 0.373115 0.818106 0.437593
vn 0.925017 0.000000 0.379926
vn 0.925017 0.000000 0.379926
vn 0.925016 -0.000007 0.379929
vn 0.925016 -0.000007 0.379929
vn 0.925015 -0.000013 0.379931
vn 0.925015 -0.000013 0.379931
vn -0.183682 0.956989 -0.224574
vn -0.377256 0.803494 -0.460516
vn -0.216425 0.957461 -0.190865
vn -0.451380 0.801018 -0.393224
vn -0.248046 0.957013 -0.150328
vn -0.514220 0.800426 -0.308052
vn -0.269020 0.958648 -0.092851
vn -0.568331 0.800430 -0.190559
vn -0.281309 0.959368 -0.021891
vn -0.599456 0.799512 -0.037860
vn -0.277724 0.958848 0.058995
vn -0.586879 0.798410 0.134588
vn -0.245087 0.959047 0.141988
vn -0.516876 0.798106 0.309623
vn -0.198542 0.958517 0.204513
vn -0.412792 0.798477 0.438220
vn -0.144976 0.956677 0.252491
vn -0.296655 0.798595 0.523681
vn -0.110400 0.955588 0.273248
vn -0.223468 0.800620 0.555940
vn -0.070350 0.957303 0.280397
vn -0.142256 0.801329 0.581064
vn -0.014524 0.957564 0.287855
vn -0.024378 0.800524 0.598805
vn 0.065115 0.958770 0.276623
vn 0.145744 0.799424 0.582821
vn 0.139741 0.958384 0.248942
vn 0.301321 0.798637 0.520945
vn 0.206343 0.960010 0.189220
vn 0.451725 0.798567 0.397788
vn 0.259376 0.958202 0.120716
vn 0.551803 0.797088 0.245286
vn 0.281625 0.959127 0.027608
vn 0.600878 0.797819 0.049304
vn 0.269701 0.962801 -0.016584
vn 0.536245 0.843012 -0.042091
vn 0.196101 0.975871 -0.096019
vn 0.416684 0.883043 -0.215891
vn 0.168248 0.971713 -0.165732
vn 0.376400 0.860883 -0.342349
vn -0.004207 0.999982 -0.004278
vn -0.003899 0.999983 -0.004286
vn -0.005045 0.999981 -0.003565
vn -0.002168 0.999996 -0.001681
vn -0.000259 0.999999 -0.001558
vn -0.001164 0.999998 -0.001446
vn -0.000926 0.999999 -0.001164
vn -0.002281 0.999997 0.000086
vn -0.003324 0.999983 0.004818
vn -0.003687 0.999955 0.008738
vn -0.002146 0.999980 0.005898
vn -0.001322 0.999986 0.005040
vn -0.001028 0.999998 0.001971
vn -0.000115 0.999997 0.002408
vn -0.002724 0.999996 0.000455
vn 0.000562 0.999997 0.002177
vn -0.000324 0.999999 0.001526
vn 0.010413 0.999922 0.006896
vn -0.013044 0.999845 0.011849
vn -0.028740 0.999543 0.009352
vn 0.179386 0.958587 0.221204
vn 0.216028 0.957679 0.190220
vn 0.245656 0.957776 0.149395
vn 0.277364 0.955999 0.095581
vn 0.297034 0.954603 0.022457
vn 0.291596 0.954504 -0.062404
vn 0.259155 0.954079 -0.150243
vn 0.206375 0.954904 -0.213464
vn 0.144974 0.957014 -0.251211
vn 0.105911 0.959355 -0.261574
vn 0.069174 0.957985 -0.278353
vn 0.013725 0.957217 -0.289047
vn -0.068413 0.955230 -0.287846
vn -0.144976 0.955178 -0.258102
vn -0.223462 0.953262 -0.203362
vn -0.270707 0.954410 -0.125773
vn -0.298899 0.953830 -0.029469
vn -0.251444 0.967502 0.026765
vn -0.225700 0.966783 0.119956
vn -0.221336 0.956687 0.189105
vn 0.363108 0.816302 0.449226
vn 0.429436 0.817718 0.383304
vn 0.491021 0.817010 0.302312
vn 0.543064 0.817180 0.193126
vn 0.574928 0.816485 0.053008
vn 0.568236 0.815353 -0.110938
vn 0.505916 0.815121 -0.282182
vn 0.409441 0.815320 -0.409403
vn 0.292659 0.815232 -0.499747
vn 0.217383 0.817111 -0.533923
vn 0.142376 0.817860 -0.557524
vn 0.033578 0.817096 -0.575523
vn -0.124833 0.816282 -0.564005
vn -0.276186 0.815491 -0.508621
vn -0.418611 0.815824 -0.398994
vn -0.521987 0.814025 -0.254742
vn -0.575664 0.814926 -0.067130
vn -0.514154 0.856622 0.042946
vn -0.396717 0.897987 0.190352
vn -0.358043 0.877267 0.319700
s 1
g lata_ancha ancha_curvafina
usemtl aiStandardSurface2SG
f 221/221/221 222/222/222 223/223/223 224/224/224
f 222/222/222 225/225/225 226/226/226 223/223/227
f 225/225/225 227/227/228 228/228/229 226/226/230
f 229/229/231 221/221/221 224/224/232 230/230/233
s off
f 224/224/234 223/223/235 231/231/236 232/232/237
f 223/223/238 226/226/239 233/233/240 231/231/241
f 226/226/242 228/228/243 234/234/244 233/233/245
f 230/230/246 224/224/247 232/232/248 235/235/249
f 232/232/250 231/231/251 236/236/252 237/237/253
f 231/231/254 233/233/255 238/238/256 236/236/257
f 233/233/258 234/234/259 239/239/260 238/238/261
f 235/235/262 232/232/263 237/237/264 240/240/265
f 241/241/266 236/236/267 238/238/268 239/239/269
f 241/241/270 240/240/271 237/237/272 236/236/273
s 1
f 227/227/228 225/225/225 242/242/274 243/243/275
f 225/225/225 222/222/222 244/244/276 242/242/274
f 222/222/222 221/221/221 245/245/277 244/244/276
f 221/221/221 229/229/231 246/246/278 245/245/277
s 5
f 286/247/279 266/248/280 306/249/281 307/250/282
f 307/250/282 306/249/281 327/251/283 347/252/284
s 1
f 243/243/275 242/242/274 247/253/285 267/254/286
f 267/254/286 247/253/285 248/255/287 268/256/288
f 268/256/288 248/255/287 249/257/289 269/258/290
f 269/258/290 249/257/289 250/259/291 270/260/292
f 270/260/292 250/259/291 251/261/293 271/262/294
f 271/262/294 251/261/293 252/263/295 272/264/296
f 272/264/296 252/263/295 253/265/297 273/266/298
f 273/266/298 253/265/297 254/267/299 274/268/300
f 274/268/300 254/267/299 255/269/301 275/270/302
f 275/270/302 255/269/301 256/271/303 276/272/304
f 276/272/304 256/271/303 257/273/305 277/274/306
f 277/274/306 257/273/305 258/275/307 278/276/308
f 278/276/308 258/275/307 259/277/309 279/278/310
f 279/278/310 259/277/309 260/279/311 280/280/312
f 280/280/312 260/279/311 261/281/313 281/282/314
f 281/282/314 261/281/313 262/283/315 282/284/316
f 282/284/316 262/283/315 263/285/317 283/286/318
f 283/286/318 263/285/317 264/287/319 284/288/320
f 284/288/320 264/287/319 265/289/321 285/290/322
f 285/290/322 265/289/321 266/248/323 286/247/324
f 242/242/274 244/244/276 287/291/325 247/253/285
f 247/253/285 287/291/325 288/292/326 248/255/287
f 248/255/287 288/292/326 289/293/327 249/257/289
f 249/257/289 289/293/327 290/294/328 250/259/291
f 250/259/291 290/294/328 291/295/329 251/261/293
f 251/261/293 291/295/329 292/296/330 252/263/295
f 252/263/295 292/296/330 293/297/331 253/265/297
f 253/265/297 293/297/331 294/298/332 254/267/299
f 254/267/299 294/298/332 295/299/333 255/269/301
f 255/269/301 295/299/333 296/300/334 256/271/303
f 256/271/303 296/300/334 297/301/335 257/273/305
f 257/273/305 297/301/335 298/302/336 258/275/307
f 258/275/307 298/302/336 299/303/337 259/277/309
f 259/277/309 299/303/337 300/304/338 260/279/311
f 260/279/311 300/304/338 301/305/339 261/281/313
f 261/281/313 301/305/339 302/306/340 262/283/315
f 262/283/315 302/306/340 303/307/341 263/285/317
f 263/285/317 303/307/341 304/308/342 264/287/319
f 264/287/319 304/308/342 305/309/343 265/289/321
f 265/289/321 305/309/343 306/249/344 266/248/323
f 244/244/276 245/245/277 308/310/345 287/291/325
f 287/291/325 308/310/345 309/311/346 288/292/326
f 288/292/326 309/311/346 310/312/347 289/293/327
f 289/293/327 310/312/347 311/313/348 290/294/328
f 290/294/328 311/313/348 312/314/349 291/295/329
f 291/295/329 312/314/349 313/315/350 292/296/330
f 292/296/330 313/315/350 314/316/351 293/297/331
f 293/297/331 314/316/351 315/317/352 294/298/332
f 294/298/332 315/317/352 316/318/353 295/299/333
f 295/299/333 316/318/353 317/319/354 296/300/334
f 296/300/334 317/319/354 318/320/355 297/301/335
f 297/301/335 318/320/355 319/321/356 298/302/336
f 298/302/336 319/321/356 320/322/357 299/303/337
f 299/303/337 320/322/357 321/323/358 300/304/338
f 300/304/338 321/323/358 322/324/359 301/305/339
f 301/305/339 322/324/359 323/325/360 302/306/340
f 302/306/340 323/325/360 324/326/361 303/307/341
f 303/307/341 324/326/361 325/327/362 304/308/342
f 304/308/342 325/327/362 326/328/363 305/309/343
f 305/309/343 326/328/363 327/251/364 306/249/344
f 245/245/277 246/246/278 328/329/365 308/310/345
f 308/310/345 328/329/365 329/330/366 309/311/346
f 309/311/346 329/330/366 330/331/367 310/312/347
f 310/312/347 330/331/367 331/332/368 311/313/348
f 311/313/348 331/332/368 332/333/369 312/314/349
f 312/314/349 332/333/369 333/334/370 313/315/350
f 313/315/350 333/334/370 334/335/371 314/316/351
f 314/316/351 334/335/371 335/336/372 315/317/352
f 315/317/352 335/336/372 336/337/373 316/318/353
f 316/318/353 336/337/373 337/338/374 317/319/354
f 317/319/354 337/338/374 338/339/375 318/320/355
f 318/320/355 338/339/375 339/340/376 319/321/356
f 319/321/356 339/340/376 340/341/377 320/322/357
f 320/322/357 340/341/377 341/342/378 321/323/358
f 321/323/358 341/342/378 342/343/379 322/324/359
f 322/324/359 342/343/379 343/344/380 323/325/360
f 323/325/360 343/344/380 344/345/381 324/326/361
f 324/326/361 344/345/381 345/346/382 325/327/362
f 325/327/362 345/346/382 346/347/383 326/328/363
f 326/328/363 346/347/383 347/252/384 327/251/364
g default
v -7.021816 5.575282 1.896064
v -7.071699 5.581529 1.889860
v -7.121581 5.575282 1.883657
v -7.142243 5.560201 1.881087
v -7.001154 5.560201 1.898633
v -7.028971 5.574135 1.922588
v -7.075056 5.579904 1.916857
v -7.121142 5.574135 1.911125
v -7.140231 5.560201 1.908751
v -7.009881 5.560201 1.924962
v -7.042630 5.570865 1.944129
v -7.077902 5.575282 1.939743
v -7.113174 5.570865 1.935356
v -7.127785 5.560202 1.933539
v -7.028020 5.560202 1.945946
v -7.060715 5.565972 1.957409
v -7.079804 5.568363 1.955035
v -7.098893 5.565972 1.952661
v -7.106800 5.560202 1.951678
v -7.052808 5.560202 1.958392
v -7.080472 5.560202 1.960405
v -7.106599 5.574922 1.743682
v -7.070245 5.574489 1.647853
v -7.016481 5.574489 1.569835
v -6.949356 5.574489 1.504434
v -6.881299 5.574489 1.448367
v -6.815688 5.574489 1.395090
v -6.757248 5.574489 1.341581
v -6.716493 5.574489 1.288721
v -6.686275 5.574489 1.230585
v -6.663012 5.574489 1.164594
v -6.651419 5.574489 1.095951
v -6.651898 5.574489 1.023255
v -6.664428 5.574489 0.949889
v -6.688888 5.574489 0.882477
v -6.725662 5.574489 0.817711
v -6.770777 5.574489 0.760082
v -6.819543 5.574489 0.715125
v -6.876673 5.574489 0.675242
v -6.970761 5.574489 0.616784
v -7.073875 5.574489 0.569307
v -7.127413 5.559885 1.742428
v -7.089461 5.559236 1.640170
v -7.033344 5.559236 1.557838
v -6.963655 5.559236 1.489473
v -6.894432 5.559236 1.432373
v -6.828733 5.559236 1.379025
v -6.771207 5.559236 1.326302
v -6.732754 5.559236 1.275921
v -6.704523 5.559236 1.220824
v -6.682478 5.559236 1.157567
v -6.671788 5.559236 1.092295
v -6.672593 5.559236 1.023176
v -6.684858 5.559236 0.953188
v -6.708418 5.559236 0.889322
v -6.743757 5.559236 0.827754
v -6.787170 5.559236 0.772713
v -6.833717 5.559236 0.730204
v -6.888635 5.559236 0.692129
v -6.980917 5.559236 0.634761
v -7.081716 5.559236 0.588398
v -7.056572 5.581129 1.748636
v -7.023620 5.581154 1.666493
v -6.975566 5.581155 1.598944
v -6.914663 5.581155 1.540735
v -6.849434 5.581155 1.487174
v -6.784036 5.581155 1.434071
v -6.723378 5.581154 1.378651
v -6.677038 5.581155 1.319780
v -6.641998 5.581155 1.254269
v -6.615783 5.581155 1.181643
v -6.601995 5.581155 1.104821
v -6.601686 5.581155 1.023447
v -6.614857 5.581155 0.941885
v -6.641501 5.581155 0.865869
v -6.681759 5.581155 0.793342
v -6.731001 5.581155 0.729435
v -6.785152 5.581155 0.678537
v -6.847647 5.581155 0.634268
v -6.946119 5.581155 0.573165
v -7.054850 5.581155 0.522987
v -7.006637 5.574867 1.754388
v -6.976899 5.575325 1.685172
v -6.934567 5.575325 1.628113
v -6.879898 5.575325 1.577111
v -6.817503 5.575325 1.526061
v -6.752318 5.575325 1.473133
v -6.689439 5.575325 1.415798
v -6.637501 5.575325 1.350903
v -6.597629 5.575325 1.278002
v -6.568455 5.575325 1.198728
v -6.552470 5.575325 1.113711
v -6.551369 5.575325 1.023640
v -6.565183 5.575325 0.933865
v -6.594016 5.575325 0.849226
v -6.637764 5.575325 0.768923
v -6.691144 5.575325 0.698724
v -6.750691 5.575325 0.641874
v -6.818561 5.575325 0.593209
v -6.921427 5.575325 0.529456
v -7.035786 5.575325 0.476570
v -6.986046 5.559807 1.757568
v -6.957449 5.560419 1.692947
v -6.917499 5.560419 1.640255
v -6.865426 5.560419 1.592253
v -6.804211 5.560419 1.542249
v -6.739115 5.560419 1.489393
v -6.675311 5.560419 1.431262
v -6.621043 5.560419 1.363858
v -6.579160 5.560419 1.287881
v -6.548753 5.560419 1.205840
v -6.531854 5.560419 1.117411
v -6.530424 5.560419 1.023720
v -6.544505 5.560419 0.930526
v -6.574250 5.560419 0.842298
v -6.619451 5.560419 0.758758
v -6.674552 5.560419 0.685940
v -6.736345 5.560419 0.626612
v -6.806454 5.560419 0.576117
v -6.911148 5.560419 0.511261
v -7.027850 5.560419 0.457248
v -8.043452 5.575282 1.476454
v -8.003609 5.581529 1.507102
v -7.963767 5.575282 1.537751
v -7.947264 5.560201 1.550446
v -8.059955 5.560201 1.463759
v -8.057006 5.574135 1.500349
v -8.020196 5.579904 1.528665
v -7.983387 5.574135 1.556980
v -7.968140 5.560201 1.568709
v -8.072253 5.560201 1.488621
v -8.062431 5.570865 1.525273
v -8.034258 5.575282 1.546945
v -8.006085 5.570865 1.568616
v -7.994415 5.560202 1.577593
v -8.074100 5.560202 1.516296
v -8.058900 5.565972 1.547430
v -8.043653 5.568363 1.559159
v -8.028406 5.565972 1.570888
v -8.022091 5.560202 1.575746
v -8.065216 5.560202 1.542572
v -8.046953 5.560202 1.563448
v -7.876038 5.574922 1.427655
v -7.834542 5.574489 1.333938
v -7.817948 5.574489 1.240654
v -7.819726 5.574489 1.146953
v -7.828727 5.574489 1.059235
v -7.837950 5.574489 0.975223
v -7.841909 5.574489 0.896084
v -7.833744 5.574489 0.829839
v -7.814377 5.574489 0.767247
v -7.784540 5.574489 0.703956
v -7.744538 5.574489 0.646980
v -7.693101 5.574489 0.595608
v -7.632622 5.574489 0.552228
v -7.567840 5.574489 0.521470
v -7.496160 5.574489 0.501249
v -7.423564 5.574489 0.491967
v -7.357276 5.574489 0.494265
v -7.288606 5.574489 0.506051
v -7.180592 5.574489 0.530602
v -7.860352 5.559885 1.441393
v -7.815473 5.559236 1.341980
v -7.797521 5.559236 1.243973
v -7.799039 5.559236 1.146361
v -7.808144 5.559236 1.057089
v -7.817379 5.559236 0.972964
v -7.821241 5.559236 0.895028
v -7.813180 5.559236 0.832164
v -7.794535 5.559236 0.773130
v -7.765755 5.559236 0.712639
v -7.727480 5.559236 0.658697
v -7.678325 5.559236 0.610098
v -7.620408 5.559236 0.568935
v -7.558760 5.559236 0.540066
v -7.490348 5.559236 0.521111
v -7.420781 5.559236 0.512474
v -7.357793 5.559236 0.514953
v -7.291967 5.559236 0.526471
v -7.186003 5.559236 0.550528
v -7.915105 5.581129 1.396016
v -7.880808 5.581154 1.314425
v -7.867511 5.581155 1.232601
v -7.869918 5.581155 1.148389
v -7.878670 5.581155 1.064442
v -7.887863 5.581155 0.980703
v -7.892056 5.581154 0.898647
v -7.883640 5.581155 0.824200
v -7.862518 5.581155 0.752972
v -7.830118 5.581155 0.682886
v -7.785929 5.581155 0.618552
v -7.728953 5.581155 0.560451
v -7.662257 5.581155 0.511693
v -7.589874 5.581155 0.476349
v -7.510261 5.581155 0.453056
v -7.430315 5.581155 0.442210
v -7.356022 5.581155 0.444067
v -7.280453 5.581155 0.456504
v -7.167461 5.581155 0.482255
v -7.954667 5.574867 1.365009
v -7.927171 5.575325 1.294872
v -7.917177 5.575325 1.224531
v -7.920215 5.575325 1.149828
v -7.928716 5.575325 1.069660
v -7.937880 5.575325 0.986194
v -7.942308 5.575325 0.901215
v -7.933639 5.575325 0.818548
v -7.910759 5.575325 0.738668
v -7.875792 5.575325 0.661773
v -7.827405 5.575325 0.590064
v -7.764880 5.575325 0.525222
v -7.691953 5.575325 0.471073
v -7.611952 5.575325 0.431135
v -7.524391 5.575325 0.404764
v -7.437080 5.575325 0.392350
v -7.354765 5.575325 0.393766
v -7.272283 5.575325 0.406855
v -7.154303 5.575325 0.433808
v -7.971550 5.559807 1.352798
v -7.946470 5.560419 1.286733
v -7.937851 5.560419 1.221172
v -7.941152 5.560419 1.150427
v -7.949549 5.560419 1.071832
v -7.958701 5.560419 0.988480
v -7.963226 5.560419 0.902284
v -7.954452 5.560419 0.816195
v -7.930840 5.560419 0.732713
v -7.894804 5.560419 0.652984
v -7.844670 5.560419 0.578206
v -7.779835 5.560419 0.510557
v -7.704315 5.560419 0.454164
v -7.621143 5.560419 0.412313
v -7.530273 5.560419 0.384661
v -7.439897 5.560419 0.371594
v -7.354242 5.560419 0.372827
v -7.268882 5.560419 0.386187
v -7.148826 5.560419 0.413641
v -6.993600 5.559258 1.828101
v -7.014227 5.574328 1.825226
v -7.064135 5.580583 1.819248
v -7.114090 5.574356 1.813669
v -7.134828 5.559297 1.811758
v -7.903808 5.559297 1.495919
v -7.919903 5.574356 1.482703
v -7.959357 5.580583 1.451559
v -7.999060 5.574328 1.420731
v -8.015752 5.559258 1.408278
vt 0.084684 0.738531
vt 0.089775 0.740383
vt 0.088719 0.743075
vt 0.084051 0.741400
vt 0.094777 0.742513
vt 0.093280 0.745040
vt 0.097277 0.743683
vt 0.095509 0.746255
vt 0.082076 0.737674
vt 0.081596 0.740765
vt 0.087808 0.745389
vt 0.084244 0.744128
vt 0.091277 0.746901
vt 0.092887 0.748005
vt 0.082314 0.743835
vt 0.087148 0.747067
vt 0.085220 0.746368
vt 0.089034 0.747872
vt 0.089794 0.748620
vt 0.084154 0.746396
vt 0.086752 0.748071
vt 0.097749 0.735569
vt 0.100277 0.736709
vt 0.103169 0.729750
vt 0.100641 0.728607
vt 0.102427 0.717806
vt 0.105175 0.718187
vt 0.101862 0.707703
vt 0.104627 0.707490
vt 0.099542 0.697937
vt 0.102232 0.697267
vt 0.096660 0.688903
vt 0.099300 0.688058
vt 0.093837 0.680230
vt 0.096473 0.679382
vt 0.091624 0.671939
vt 0.094308 0.671246
vt 0.090876 0.664723
vt 0.093635 0.664440
vt 0.091296 0.657612
vt 0.094062 0.657768
vt 0.092712 0.650140
vt 0.095434 0.650663
vt 0.095263 0.643012
vt 0.097872 0.643947
vt 0.099067 0.636084
vt 0.101497 0.637418
vt 0.103965 0.629645
vt 0.106169 0.631327
vt 0.109631 0.624287
vt 0.111536 0.626301
vt 0.116291 0.619691
vt 0.117866 0.621971
vt 0.123381 0.616095
vt 0.124630 0.618570
vt 0.130214 0.613817
vt 0.131094 0.616446
vt 0.137618 0.612331
vt 0.138172 0.615045
vt 0.149465 0.610546
vt 0.149768 0.613297
vt 0.161738 0.610095
vt 0.161734 0.612862
vt 0.092687 0.733393
vt 0.095641 0.726374
vt 0.097029 0.716954
vt 0.096415 0.708049
vt 0.094242 0.699239
vt 0.091465 0.690578
vt 0.088652 0.681948
vt 0.086356 0.673396
vt 0.085452 0.665376
vt 0.085840 0.657383
vt 0.087331 0.649199
vt 0.090090 0.641258
vt 0.094238 0.633535
vt 0.099567 0.626407
vt 0.105812 0.620384
vt 0.113122 0.615245
vt 0.120846 0.611258
vt 0.128419 0.608660
vt 0.136499 0.606990
vt 0.148850 0.605134
vt 0.161746 0.604655
vt 0.087570 0.731365
vt 0.090577 0.724227
vt 0.091630 0.716090
vt 0.090965 0.708389
vt 0.088942 0.700538
vt 0.086270 0.692253
vt 0.083464 0.683661
vt 0.081093 0.674848
vt 0.080031 0.666021
vt 0.080384 0.657145
vt 0.081954 0.648252
vt 0.084922 0.639496
vt 0.089412 0.630979
vt 0.095174 0.623165
vt 0.102000 0.616475
vt 0.109959 0.610794
vt 0.118317 0.606420
vt 0.126629 0.603505
vt 0.135384 0.601645
vt 0.148235 0.599723
vt 0.161754 0.599215
vt 0.084954 0.730412
vt 0.087957 0.723307
vt 0.088880 0.715720
vt 0.088200 0.708607
vt 0.086254 0.701211
vt 0.083631 0.693098
vt 0.080828 0.684510
vt 0.078411 0.675543
vt 0.077275 0.666309
vt 0.077617 0.656993
vt 0.079231 0.647733
vt 0.082312 0.638565
vt 0.086981 0.629650
vt 0.092969 0.621487
vt 0.100091 0.614466
vt 0.108381 0.608516
vt 0.117064 0.603948
vt 0.125746 0.600878
vt 0.134830 0.598929
vt 0.147933 0.596973
vt 0.161758 0.596447
vt 0.238414 0.738757
vt 0.239038 0.741628
vt 0.234365 0.743288
vt 0.233317 0.740594
vt 0.229798 0.745240
vt 0.228309 0.742709
vt 0.227566 0.746449
vt 0.225806 0.743871
vt 0.241024 0.737908
vt 0.241495 0.740999
vt 0.238838 0.744355
vt 0.235269 0.745606
vt 0.231796 0.747108
vt 0.230183 0.748206
vt 0.240768 0.744068
vt 0.237854 0.746592
vt 0.235925 0.747286
vt 0.234037 0.748085
vt 0.233274 0.748830
vt 0.238920 0.746624
vt 0.236318 0.748290
vt 0.222826 0.736889
vt 0.225357 0.735756
vt 0.219954 0.729921
vt 0.217983 0.718353
vt 0.220732 0.717980
vt 0.222485 0.728786
vt 0.218562 0.707658
vt 0.221326 0.707879
vt 0.220987 0.697441
vt 0.223675 0.698119
vt 0.223946 0.688242
vt 0.226583 0.689094
vt 0.226799 0.679573
vt 0.229432 0.680430
vt 0.228987 0.671444
vt 0.231670 0.672144
vt 0.229681 0.664640
vt 0.232438 0.664931
vt 0.229272 0.657967
vt 0.232040 0.657819
vt 0.227922 0.650858
vt 0.230645 0.650343
vt 0.225503 0.644135
vt 0.228116 0.643207
vt 0.221898 0.637595
vt 0.224332 0.636268
vt 0.217243 0.631490
vt 0.219452 0.629815
vt 0.211891 0.626448
vt 0.213803 0.624440
vt 0.205574 0.622100
vt 0.207156 0.619824
vt 0.198820 0.618679
vt 0.200077 0.616208
vt 0.192362 0.616536
vt 0.193250 0.613910
vt 0.185289 0.615114
vt 0.185850 0.612402
vt 0.173697 0.613332
vt 0.174008 0.610582
vt 0.230425 0.733596
vt 0.226133 0.717143
vt 0.227492 0.726568
vt 0.226772 0.708240
vt 0.228972 0.699437
vt 0.231773 0.690784
vt 0.234612 0.682163
vt 0.236933 0.673617
vt 0.237860 0.665600
vt 0.237496 0.657606
vt 0.236029 0.649418
vt 0.233293 0.641468
vt 0.229169 0.633734
vt 0.223860 0.626590
vt 0.217633 0.620548
vt 0.210338 0.615387
vt 0.202626 0.611378
vt 0.195060 0.608758
vt 0.186985 0.607064
vt 0.174639 0.605172
vt 0.235548 0.731582
vt 0.231534 0.716295
vt 0.232562 0.724435
vt 0.232221 0.708596
vt 0.234267 0.700752
vt 0.236963 0.692474
vt 0.239795 0.683891
vt 0.242192 0.675085
vt 0.243280 0.666261
vt 0.242953 0.657384
vt 0.241409 0.648486
vt 0.238466 0.639722
vt 0.234001 0.631192
vt 0.228262 0.623360
vt 0.221456 0.616651
vt 0.213514 0.610946
vt 0.205169 0.606548
vt 0.196865 0.603608
vt 0.188116 0.601722
vt 0.175270 0.599763
vt 0.238167 0.730637
vt 0.234284 0.715933
vt 0.235186 0.723524
vt 0.234985 0.708823
vt 0.236954 0.701432
vt 0.239600 0.693327
vt 0.242428 0.684747
vt 0.244871 0.675788
vt 0.246035 0.666557
vt 0.245720 0.657240
vt 0.244133 0.647975
vt 0.241080 0.638799
vt 0.236437 0.629869
vt 0.230473 0.621689
vt 0.223371 0.614647
vt 0.215099 0.608673
vt 0.206429 0.604079
vt 0.197756 0.600983
vt 0.188678 0.599008
vt 0.175581 0.597014
vn 0.289285 0.956197 0.044734
vn 0.000523 0.999979 0.006413
vn 0.114864 0.990633 0.073839
vn 0.114864 0.990633 0.073839
vn -0.288391 0.957309 -0.019751
vn -0.129450 0.990632 0.043480
vn -0.129450 0.990632 0.043480
vn -0.585244 0.809666 -0.043933
vn -0.592507 0.804411 0.043102
vn -0.592507 0.804411 0.043102
vn 0.580358 0.809832 0.085777
vn 0.563904 0.804413 0.186901
vn 0.563904 0.804413 0.186901
vn 0.095910 0.973292 0.208576
vn 0.095910 0.973292 0.208576
vn 0.095910 0.973292 0.208576
vn 0.095910 0.973292 0.208576
vn -0.144085 0.973297 0.178696
vn -0.144085 0.973297 0.178696
vn -0.144085 0.973297 0.178696
vn -0.144085 0.973297 0.178696
vn -0.587012 0.754023 0.294732
vn -0.587012 0.754023 0.294732
vn -0.587012 0.754023 0.294732
vn -0.587012 0.754023 0.294732
vn 0.496936 0.754021 0.429543
vn 0.496936 0.754021 0.429543
vn 0.496936 0.754021 0.429543
vn 0.496936 0.754021 0.429543
vn 0.061568 0.906464 0.417770
vn 0.061568 0.906464 0.417770
vn 0.061568 0.906464 0.417770
vn 0.061568 0.906464 0.417770
vn -0.162015 0.906464 0.389966
vn -0.162015 0.906465 0.389966
vn -0.162014 0.906465 0.389966
vn -0.162014 0.906465 0.389966
vn -0.518863 0.608662 0.600259
vn -0.518863 0.608662 0.600259
vn -0.518863 0.608662 0.600259
vn -0.518863 0.608662 0.600259
vn 0.356053 0.608651 0.709063
vn 0.356053 0.608651 0.709063
vn 0.356053 0.608651 0.709063
vn 0.356053 0.608651 0.709063
vn -0.236216 0.421095 0.875717
vn -0.236216 0.421095 0.875717
vn -0.236216 0.421095 0.875717
vn -0.236216 0.421095 0.875717
vn 0.014520 0.421088 0.906904
vn 0.014520 0.421087 0.906904
vn 0.014520 0.421088 0.906904
vn 0.014520 0.421088 0.906904
vn -0.284397 0.958142 -0.032903
vn -0.582381 0.810367 -0.064327
vn -0.571312 0.808088 -0.143517
vn -0.305225 0.948834 -0.080948
vn -0.284774 0.946744 -0.150266
vn -0.530205 0.803379 -0.271042
vn -0.243357 0.947873 -0.205706
vn -0.457748 0.803435 -0.380735
vn -0.205394 0.951582 -0.228702
vn -0.398429 0.803861 -0.441659
vn -0.188540 0.954637 -0.230479
vn -0.375911 0.804785 -0.459361
vn -0.189512 0.956864 -0.220218
vn -0.387267 0.804976 -0.449486
vn -0.204630 0.959962 -0.191311
vn -0.435739 0.804874 -0.402875
vn -0.232651 0.961037 -0.149272
vn -0.503568 0.803694 -0.317011
vn -0.256130 0.960285 -0.110677
vn -0.547915 0.803569 -0.232519
vn -0.268588 0.960712 -0.069945
vn -0.576533 0.804008 -0.145540
vn -0.276015 0.960899 -0.022124
vn -0.593602 0.803630 -0.042604
vn -0.277065 0.960544 0.024304
vn -0.592502 0.803586 0.056487
vn -0.268242 0.960803 0.070033
vn -0.574419 0.803734 0.155098
vn -0.251952 0.960728 0.116283
vn -0.538452 0.803524 0.253809
vn -0.232555 0.960117 0.155220
vn -0.492799 0.803688 0.333518
vn -0.205862 0.960369 0.187915
vn -0.436451 0.803972 0.403907
vn -0.175153 0.960059 0.218193
vn -0.369707 0.803837 0.466007
vn -0.156472 0.957948 0.240523
vn -0.323582 0.804063 0.498776
vn -0.134608 0.958724 0.250458
vn -0.280739 0.804521 0.523384
vn -0.109065 0.957910 0.265544
vn -0.225960 0.803914 0.550150
vn 0.001004 0.999996 -0.002655
vn -0.018424 0.999825 -0.003253
vn -0.021372 0.999704 -0.011601
vn -0.018190 0.999716 -0.015431
vn -0.011024 0.999868 -0.011906
vn -0.006392 0.999950 -0.007738
vn -0.003253 0.999987 -0.003889
vn 0.001886 0.999997 0.001197
vn 0.004698 0.999984 0.003038
vn 0.003615 0.999992 0.001794
vn 0.004477 0.999989 0.001091
vn 0.005281 0.999986 0.000454
vn 0.004532 0.999990 -0.000325
vn 0.004840 0.999987 -0.001317
vn 0.004572 0.999988 -0.002029
vn 0.002988 0.999994 -0.001877
vn 0.002856 0.999992 -0.002648
vn 0.002188 0.999995 -0.002488
vn -0.000766 0.999999 0.001363
vn -0.000316 1.000000 0.000368
vn -0.000664 0.999999 0.001617
vn 0.286521 0.957667 0.027934
vn 0.250532 0.965453 0.071647
vn 0.224287 0.965957 0.128932
vn 0.193379 0.965758 0.172963
vn 0.177459 0.962861 0.203485
vn 0.175270 0.960747 0.215050
vn 0.185511 0.958746 0.215386
vn 0.215013 0.955597 0.201505
vn 0.249652 0.954022 0.165880
vn 0.271156 0.954676 0.122756
vn 0.287753 0.954463 0.078732
vn 0.298162 0.954083 0.028725
vn 0.297774 0.954397 -0.021378
vn 0.290472 0.954214 -0.071426
vn 0.273739 0.954182 -0.120843
vn 0.249426 0.954867 -0.161293
vn 0.221992 0.954788 -0.197735
vn 0.188931 0.955033 -0.228510
vn 0.159313 0.957097 -0.242042
vn 0.137772 0.956612 -0.256733
vn 0.110121 0.957072 -0.268115
vn 0.583375 0.809981 0.060043
vn 0.561238 0.811963 0.160400
vn 0.503485 0.810476 0.299386
vn 0.430488 0.812079 0.393964
vn 0.381173 0.813319 0.439568
vn 0.366394 0.814550 0.449738
vn 0.378131 0.814749 0.439546
vn 0.421287 0.814677 0.398519
vn 0.481695 0.814039 0.324516
vn 0.528102 0.813907 0.242206
vn 0.559138 0.814175 0.156471
vn 0.577859 0.813974 0.059376
vn 0.579727 0.813913 -0.038239
vn 0.564925 0.814010 -0.135081
vn 0.532969 0.813889 -0.231363
vn 0.489412 0.813929 -0.313042
vn 0.435651 0.814122 -0.383945
vn 0.372066 0.814036 -0.445996
vn 0.319915 0.813999 -0.484830
vn 0.274942 0.814263 -0.511256
vn 0.220831 0.813727 -0.537663
vn -0.237213 0.956197 -0.171514
vn -0.133600 0.990633 -0.028221
vn -0.133600 0.990633 -0.028221
vn -0.004879 0.999979 0.004193
vn 0.061519 0.990632 0.121915
vn 0.061519 0.990632 0.121915
vn 0.219018 0.957309 0.188655
vn 0.391158 0.804409 0.447127
vn 0.391158 0.804409 0.447127
vn 0.447169 0.809666 0.380106
vn -0.473105 0.809831 -0.346907
vn -0.532477 0.804413 -0.263414
vn -0.532477 0.804413 -0.263414
vn -0.214820 0.973294 0.080936
vn -0.214820 0.973294 0.080936
vn -0.214820 0.973294 0.080936
vn -0.214821 0.973294 0.080936
vn -0.023115 0.973295 0.228391
vn -0.023115 0.973295 0.228391
vn -0.023115 0.973295 0.228391
vn -0.023115 0.973295 0.228391
vn 0.210389 0.754022 0.622244
vn 0.210389 0.754022 0.622244
vn 0.210389 0.754022 0.622244
vn 0.210389 0.754022 0.622244
vn -0.655394 0.754020 -0.043740
vn -0.655394 0.754020 -0.043740
vn -0.655394 0.754020 -0.043740
vn -0.655394 0.754020 -0.043740
vn -0.337431 0.906469 0.253878
vn -0.337431 0.906469 0.253878
vn -0.337431 0.906469 0.253878
vn -0.337431 0.906469 0.253878
vn -0.158855 0.906464 0.391264
vn -0.158855 0.906464 0.391264
vn -0.158855 0.906465 0.391264
vn -0.158855 0.906464 0.391264
vn -0.052843 0.608651 0.791676
vn -0.052843 0.608652 0.791676
vn -0.052843 0.608651 0.791676
vn -0.052843 0.608651 0.791676
vn -0.751647 0.608645 0.254122
vn -0.751647 0.608645 0.254122
vn -0.751647 0.608645 0.254122
vn -0.751647 0.608645 0.254122
vn -0.447499 0.421101 0.788935
vn -0.447499 0.421101 0.788935
vn -0.447499 0.421101 0.788935
vn -0.447499 0.421101 0.788935
vn -0.647772 0.421092 0.634880
vn -0.647772 0.421092 0.634880
vn -0.647772 0.421092 0.634880
vn -0.647772 0.421092 0.634880
vn 0.459468 0.810367 0.363587
vn 0.225422 0.958142 0.176492
vn 0.507255 0.808088 0.299477
vn 0.567649 0.803380 0.179878
vn 0.308181 0.946744 0.093276
vn 0.274006 0.948834 0.156956
vn 0.593210 0.803436 0.050924
vn 0.317689 0.947873 0.024727
vn 0.593838 0.803861 -0.034110
vn 0.306850 0.951581 -0.018318
vn 0.590263 0.804786 -0.062529
vn 0.296111 0.954636 -0.031429
vn 0.591399 0.804977 -0.047519
vn 0.289588 0.956864 -0.023441
vn 0.593118 0.804875 0.019702
vn 0.280023 0.959962 0.007750
vn 0.581013 0.803694 0.128453
vn 0.270407 0.961037 0.057346
vn 0.553170 0.803570 0.219724
vn 0.259981 0.960285 0.101301
vn 0.512392 0.804008 0.301706
vn 0.240213 0.960712 0.139030
vn 0.452181 0.803630 0.386924
vn 0.211883 0.960899 0.178267
vn 0.381753 0.803587 0.456632
vn 0.179997 0.960544 0.212029
vn 0.299578 0.803734 0.514066
vn 0.141580 0.960803 0.238356
vn 0.204611 0.803524 0.559002
vn 0.097484 0.960728 0.259805
vn 0.116113 0.803689 0.583611
vn 0.056319 0.960117 0.273867
vn 0.026552 0.803967 0.594080
vn 0.014350 0.960368 0.278364
vn -0.064573 0.803831 0.591342
vn -0.028776 0.960058 0.278317
vn -0.120412 0.804062 0.582225
vn -0.057759 0.957947 0.281070
vn -0.168182 0.804519 0.569617
vn -0.080293 0.958723 0.272768
vn 0.001152 0.999996 -0.002593
vn 0.023357 0.999704 0.006769
vn 0.015392 0.999825 0.010637
vn 0.023786 0.999715 0.001805
vn 0.016212 0.999868 -0.000726
vn 0.009987 0.999950 -0.001014
vn 0.005047 0.999987 -0.000478
vn -0.002183 0.999997 -0.000473
vn -0.005477 0.999984 -0.001142
vn -0.003832 0.999992 -0.001265
vn -0.003951 0.999989 -0.002371
vn -0.004076 0.999986 -0.003390
vn -0.002995 0.999990 -0.003417
vn -0.002517 0.999987 -0.004339
vn -0.001826 0.999987 -0.004657
vn -0.000806 0.999994 -0.003436
vn -0.000171 0.999992 -0.003889
vn 0.000192 0.999995 -0.003307
vn -0.000414 0.999999 0.001510
vn -0.000034 1.000000 0.000483
vn -0.223441 0.957667 -0.181517
vn -0.250161 0.965957 -0.065934
vn -0.228567 0.965454 -0.125127
vn -0.259123 0.965758 -0.012893
vn -0.269253 0.962862 0.020007
vn -0.275827 0.960746 0.029780
vn -0.283348 0.958746 0.022820
vn -0.294575 0.955597 -0.007794
vn -0.294174 0.954022 -0.057481
vn -0.279159 0.954676 -0.103270
vn -0.260021 0.954463 -0.146250
vn -0.232277 0.954083 -0.189139
vn -0.196783 0.954397 -0.224506
vn -0.156412 0.954214 -0.254971
vn -0.109776 0.954182 -0.278362
vn -0.064050 0.954867 -0.290046
vn -0.018923 0.954788 -0.296684
vn 0.026225 0.955033 -0.295336
vn 0.056805 0.957097 -0.284145
vn 0.082453 0.956612 -0.279454
vn -0.457166 0.809981 -0.367328
vn -0.568567 0.810476 -0.140930
vn -0.511958 0.811963 -0.280383
vn -0.583118 0.812080 -0.022352
vn -0.580094 0.813320 0.044749
vn -0.576731 0.814549 0.062377
vn -0.577917 0.814748 0.046879
vn -0.579778 0.814676 -0.012638
vn -0.570731 0.814038 -0.107738
vn -0.545886 0.813907 -0.198907
vn -0.507701 0.814176 -0.281704
vn -0.452772 0.813975 -0.363927
vn -0.385489 0.813913 -0.434677
vn -0.306893 0.814011 -0.493155
vn -0.216488 0.813890 -0.539181
vn -0.128094 0.813928 -0.566668
vn -0.040016 0.814120 -0.579316
vn 0.048825 0.814036 -0.578759
vn 0.113216 0.813998 -0.569727
vn 0.163781 0.814263 -0.556912
s 1
g lata_ancha ancha_curvagrande
usemtl aiStandardSurface2SG
f 348/348/385 349/349/386 354/350/387 353/351/388
f 349/349/386 350/352/389 355/353/390 354/350/391
f 350/352/389 351/354/392 356/355/393 355/353/394
f 352/356/395 348/348/385 353/351/396 357/357/397
s off
f 353/351/398 354/350/399 359/358/400 358/359/401
f 354/350/402 355/353/403 360/360/404 359/358/405
f 355/353/406 356/355/407 361/361/408 360/360/409
f 357/357/410 353/351/411 358/359/412 362/362/413
f 358/359/414 359/358/415 364/363/416 363/364/417
f 359/358/418 360/360/419 365/365/420 364/363/421
f 360/360/422 361/361/423 366/366/424 365/365/425
f 362/362/426 358/359/427 363/364/428 367/367/429
f 368/368/430 364/363/431 365/365/432 366/366/433
f 368/368/434 367/367/435 363/364/436 364/363/437
s 1
f 351/354/392 350/352/389 588/369/438 589/370/439
f 389/371/440 369/372/441 370/373/442 390/374/443
f 390/374/443 370/373/442 371/375/444 391/376/445
f 391/376/445 371/375/444 372/377/446 392/378/447
f 392/378/447 372/377/446 373/379/448 393/380/449
f 393/380/449 373/379/448 374/381/450 394/382/451
f 394/382/451 374/381/450 375/383/452 395/384/453
f 395/384/453 375/383/452 376/385/454 396/386/455
f 396/386/455 376/385/454 377/387/456 397/388/457
f 397/388/457 377/387/456 378/389/458 398/390/459
f 398/390/459 378/389/458 379/391/460 399/392/461
f 399/392/461 379/391/460 380/393/462 400/394/463
f 400/394/463 380/393/462 381/395/464 401/396/465
f 401/396/465 381/395/464 382/397/466 402/398/467
f 402/398/467 382/397/466 383/399/468 403/400/469
f 403/400/469 383/399/468 384/401/470 404/402/471
f 404/402/471 384/401/470 385/403/472 405/404/473
f 405/404/473 385/403/472 386/405/474 406/406/475
f 406/406/475 386/405/474 387/407/476 407/408/477
f 407/408/477 387/407/476 388/409/478 408/410/479
f 350/352/389 349/349/386 587/411/480 588/369/438
f 369/372/441 409/412/481 410/413/482 370/373/442
f 370/373/442 410/413/482 411/414/483 371/375/444
f 371/375/444 411/414/483 412/415/484 372/377/446
f 372/377/446 412/415/484 413/416/485 373/379/448
f 373/379/448 413/416/485 414/417/486 374/381/450
f 374/381/450 414/417/486 415/418/487 375/383/452
f 375/383/452 415/418/487 416/419/488 376/385/454
f 376/385/454 416/419/488 417/420/489 377/387/456
f 377/387/456 417/420/489 418/421/490 378/389/458
f 378/389/458 418/421/490 419/422/491 379/391/460
f 379/391/460 419/422/491 420/423/492 380/393/462
f 380/393/462 420/423/492 421/424/493 381/395/464
f 381/395/464 421/424/493 422/425/494 382/397/466
f 382/397/466 422/425/494 423/426/495 383/399/468
f 383/399/468 423/426/495 424/427/496 384/401/470
f 384/401/470 424/427/496 425/428/497 385/403/472
f 385/403/472 425/428/497 426/429/498 386/405/474
f 386/405/474 426/429/498 427/430/499 387/407/476
f 387/407/476 427/430/499 428/431/500 388/409/478
f 349/349/386 348/348/385 586/432/501 587/411/480
f 409/412/481 429/433/502 430/434/503 410/413/482
f 410/413/482 430/434/503 431/435/504 411/414/483
f 411/414/483 431/435/504 432/436/505 412/415/484
f 412/415/484 432/436/505 433/437/506 413/416/485
f 413/416/485 433/437/506 434/438/507 414/417/486
f 414/417/486 434/438/507 435/439/508 415/418/487
f 415/418/487 435/439/508 436/440/509 416/419/488
f 416/419/488 436/440/509 437/441/510 417/420/489
f 417/420/489 437/441/510 438/442/511 418/421/490
f 418/421/490 438/442/511 439/443/512 419/422/491
f 419/422/491 439/443/512 440/444/513 420/423/492
f 420/423/492 440/444/513 441/445/514 421/424/493
f 421/424/493 441/445/514 442/446/515 422/425/494
f 422/425/494 442/446/515 443/447/516 423/426/495
f 423/426/495 443/447/516 444/448/517 424/427/496
f 424/427/496 444/448/517 445/449/518 425/428/497
f 425/428/497 445/449/518 446/450/519 426/429/498
f 426/429/498 446/450/519 447/451/520 427/430/499
f 427/430/499 447/451/520 448/452/521 428/431/500
f 348/348/385 352/356/395 585/453/522 586/432/501
f 429/433/502 449/454/523 450/455/524 430/434/503
f 430/434/503 450/455/524 451/456/525 431/435/504
f 431/435/504 451/456/525 452/457/526 432/436/505
f 432/436/505 452/457/526 453/458/527 433/437/506
f 433/437/506 453/458/527 454/459/528 434/438/507
f 434/438/507 454/459/528 455/460/529 435/439/508
f 435/439/508 455/460/529 456/461/530 436/440/509
f 436/440/509 456/461/530 457/462/531 437/441/510
f 437/441/510 457/462/531 458/463/532 438/442/511
f 438/442/511 458/463/532 459/464/533 439/443/512
f 439/443/512 459/464/533 460/465/534 440/444/513
f 440/444/513 460/465/534 461/466/535 441/445/514
f 441/445/514 461/466/535 462/467/536 442/446/515
f 442/446/515 462/467/536 463/468/537 443/447/516
f 443/447/516 463/468/537 464/469/538 444/448/517
f 444/448/517 464/469/538 465/470/539 445/449/518
f 445/449/518 465/470/539 466/471/540 446/450/519
f 446/450/519 466/471/540 467/472/541 447/451/520
f 447/451/520 467/472/541 468/473/542 448/452/521
f 469/474/543 474/475/544 475/476/545 470/477/546
f 470/477/546 475/476/547 476/478/548 471/479/549
f 471/479/549 476/478/550 477/480/551 472/481/552
f 473/482/553 478/483/554 474/475/555 469/474/543
s off
f 474/475/556 479/484/557 480/485/558 475/476/559
f 475/476/560 480/485/561 481/486/562 476/478/563
f 476/478/564 481/486/565 482/487/566 477/480/567
f 478/483/568 483/488/569 479/484/570 474/475/571
f 479/484/572 484/489/573 485/490/574 480/485/575
f 480/485/576 485/490/577 486/491/578 481/486/579
f 481/486/580 486/491/581 487/492/582 482/487/583
f 483/488/584 488/493/585 484/489/586 479/484/587
f 489/494/588 487/492/589 486/491/590 485/490/591
f 489/494/592 485/490/593 484/489/594 488/493/595
s 1
f 472/481/552 590/495/596 591/496/597 471/479/549
f 509/497/598 510/498/599 491/499/600 490/500/601
f 510/498/599 511/501/602 492/502/603 491/499/600
f 511/501/602 512/503/604 493/504/605 492/502/603
f 512/503/604 513/505/606 494/506/607 493/504/605
f 513/505/606 514/507/608 495/508/609 494/506/607
f 514/507/608 515/509/610 496/510/611 495/508/609
f 515/509/610 516/511/612 497/512/613 496/510/611
f 516/511/612 517/513/614 498/514/615 497/512/613
f 517/513/614 518/515/616 499/516/617 498/514/615
f 518/515/616 519/517/618 500/518/619 499/516/617
f 519/517/618 520/519/620 501/520/621 500/518/619
f 520/519/620 521/521/622 502/522/623 501/520/621
f 521/521/622 522/523/624 503/524/625 502/522/623
f 522/523/624 523/525/626 504/526/627 503/524/625
f 523/525/626 524/527/628 505/528/629 504/526/627
f 524/527/628 525/529/630 506/530/631 505/528/629
f 525/529/630 526/531/632 507/532/633 506/530/631
f 526/531/632 527/533/634 508/534/635 507/532/633
f 527/533/634 408/410/479 388/409/478 508/534/635
f 471/479/549 591/496/597 592/535/636 470/477/546
f 490/500/601 491/499/600 529/536/637 528/537/638
f 491/499/600 492/502/603 530/538/639 529/536/637
f 492/502/603 493/504/605 531/539/640 530/538/639
f 493/504/605 494/506/607 532/540/641 531/539/640
f 494/506/607 495/508/609 533/541/642 532/540/641
f 495/508/609 496/510/611 534/542/643 533/541/642
f 496/510/611 497/512/613 535/543/644 534/542/643
f 497/512/613 498/514/615 536/544/645 535/543/644
f 498/514/615 499/516/617 537/545/646 536/544/645
f 499/516/617 500/518/619 538/546/647 537/545/646
f 500/518/619 501/520/621 539/547/648 538/546/647
f 501/520/621 502/522/623 540/548/649 539/547/648
f 502/522/623 503/524/625 541/549/650 540/548/649
f 503/524/625 504/526/627 542/550/651 541/549/650
f 504/526/627 505/528/629 543/551/652 542/550/651
f 505/528/629 506/530/631 544/552/653 543/551/652
f 506/530/631 507/532/633 545/553/654 544/552/653
f 507/532/633 508/534/635 546/554/655 545/553/654
f 508/534/635 388/409/478 428/431/500 546/554/655
f 470/477/546 592/535/636 593/555/656 469/474/543
f 528/537/638 529/536/637 548/556/657 547/557/658
f 529/536/637 530/538/639 549/558/659 548/556/657
f 530/538/639 531/539/640 550/559/660 549/558/659
f 531/539/640 532/540/641 551/560/661 550/559/660
f 532/540/641 533/541/642 552/561/662 551/560/661
f 533/541/642 534/542/643 553/562/663 552/561/662
f 534/542/643 535/543/644 554/563/664 553/562/663
f 535/543/644 536/544/645 555/564/665 554/563/664
f 536/544/645 537/545/646 556/565/666 555/564/665
f 537/545/646 538/546/647 557/566/667 556/565/666
f 538/546/647 539/547/648 558/567/668 557/566/667
f 539/547/648 540/548/649 559/568/669 558/567/668
f 540/548/649 541/549/650 560/569/670 559/568/669
f 541/549/650 542/550/651 561/570/671 560/569/670
f 542/550/651 543/551/652 562/571/672 561/570/671
f 543/551/652 544/552/653 563/572/673 562/571/672
f 544/552/653 545/553/654 564/573/674 563/572/673
f 545/553/654 546/554/655 565/574/675 564/573/674
f 546/554/655 428/431/500 448/452/521 565/574/675
f 469/474/543 593/555/656 594/575/676 473/482/553
f 547/557/658 548/556/657 567/576/677 566/577/678
f 548/556/657 549/558/659 568/578/679 567/576/677
f 549/558/659 550/559/660 569/579/680 568/578/679
f 550/559/660 551/560/661 570/580/681 569/579/680
f 551/560/661 552/561/662 571/581/682 570/580/681
f 552/561/662 553/562/663 572/582/683 571/581/682
f 553/562/663 554/563/664 573/583/684 572/582/683
f 554/563/664 555/564/665 574/584/685 573/583/684
f 555/564/665 556/565/666 575/585/686 574/584/685
f 556/565/666 557/566/667 576/586/687 575/585/686
f 557/566/667 558/567/668 577/587/688 576/586/687
f 558/567/668 559/568/669 578/588/689 577/587/688
f 559/568/669 560/569/670 579/589/690 578/588/689
f 560/569/670 561/570/671 580/590/691 579/589/690
f 561/570/671 562/571/672 581/591/692 580/590/691
f 562/571/672 563/572/673 582/592/693 581/591/692
f 563/572/673 564/573/674 583/593/694 582/592/693
f 564/573/674 565/574/675 584/594/695 583/593/694
f 565/574/675 448/452/521 468/473/542 584/594/695
f 586/432/501 585/453/522 449/454/523 429/433/502
f 587/411/480 586/432/501 429/433/502 409/412/481
f 588/369/438 587/411/480 409/412/481 369/372/441
f 589/370/439 588/369/438 369/372/441 389/371/440
f 590/495/596 509/497/598 490/500/601 591/496/597
f 592/535/636 591/496/597 490/500/601 528/537/638
f 593/555/656 592/535/636 528/537/638 547/557/658
f 594/575/676 593/555/656 547/557/658 566/577/678
g default
v -8.026531 5.563389 1.874863
v -8.025982 5.563389 1.969914
v -7.938357 5.563389 2.057859
v -7.840644 5.563389 2.113948
v -7.595729 5.563389 1.624959
v -7.645483 5.563389 1.604524
v -7.828996 5.563389 1.529151
v -7.953542 5.562903 1.719911
v -7.985867 5.563389 1.790301
v -7.816040 5.563389 1.878438
v -7.810935 5.563389 1.940909
v -7.786777 5.563389 1.998745
v -7.745928 5.563389 2.046286
v -7.601151 5.563389 1.693794
v -7.663622 5.563389 1.698898
v -7.721459 5.563389 1.723057
v -7.768999 5.563389 1.763906
v -7.801589 5.563389 1.817447
v -7.588065 5.563389 1.598287
v -7.635003 5.563389 1.579008
v -7.816338 5.563389 1.504530
v -7.594625 5.563392 1.385990
v -7.733332 5.563392 1.329020
v -7.661524 5.563392 1.528817
v -7.798790 5.563392 1.472439
v -7.547397 5.563394 1.271003
v -7.686104 5.563394 1.214033
v -7.550691 5.563399 1.279021
v -7.631086 5.563399 1.103898
v -7.502953 5.563401 1.298628
v -7.501387 5.563401 1.068229
v -7.458902 5.563404 1.316721
v -7.385629 5.563404 1.068018
v -7.730609 5.563389 2.168273
v -7.520198 5.563389 1.655981
v -7.693590 5.563389 2.078143
v -7.541531 5.563389 1.707920
v -7.509718 5.563389 1.630466
v -7.392121 5.563406 1.344149
v -7.292890 5.563406 1.102548
v -8.026531 5.579927 1.874863
v -8.025982 5.579927 1.969914
v -7.810935 5.579927 1.940909
v -7.816040 5.579927 1.878438
v -7.938357 5.579927 2.057859
v -7.786777 5.579927 1.998745
v -7.840644 5.579927 2.113948
v -7.745928 5.579927 2.046286
v -7.730609 5.579927 2.168273
v -7.693590 5.579927 2.078143
v -7.595729 5.579927 1.624959
v -7.645483 5.579927 1.604524
v -7.663622 5.579927 1.698898
v -7.601151 5.579927 1.693794
v -7.828996 5.579927 1.529150
v -7.721459 5.579927 1.723058
v -7.953542 5.580412 1.719911
v -7.768999 5.579927 1.763906
v -7.985867 5.579927 1.790301
v -7.801589 5.579927 1.817447
v -7.520198 5.579927 1.655981
v -7.509718 5.579927 1.630466
v -7.588065 5.579927 1.598287
v -7.635003 5.579927 1.579009
v -7.816339 5.579927 1.504530
v -7.661525 5.579930 1.528818
v -7.798790 5.579930 1.472439
v -7.594625 5.579930 1.385990
v -7.733332 5.579930 1.329020
v -7.547398 5.579932 1.271003
v -7.686104 5.579932 1.214033
v -7.539419 5.579937 1.251577
v -7.631087 5.579937 1.103898
v -7.491681 5.579939 1.271184
v -7.501387 5.579939 1.068229
v -7.447630 5.579942 1.289277
v -7.385630 5.579942 1.068017
v -7.380849 5.579944 1.316705
v -7.292890 5.579944 1.102548
v -7.541531 5.579927 1.707920
v -7.631087 5.576331 1.103898
v -7.501387 5.576333 1.068229
v -7.385630 5.576337 1.068017
v -7.292890 5.576338 1.102548
v -7.730609 5.576321 2.168273
v -7.840644 5.576321 2.113948
v -7.938357 5.576321 2.057859
v -8.025982 5.576321 1.969914
v -8.026531 5.576321 1.874863
v -7.985867 5.576321 1.790301
v -7.953542 5.576594 1.719911
v -7.828996 5.576321 1.529150
v -7.816339 5.576321 1.504530
v -7.798790 5.576324 1.472439
v -7.733332 5.576324 1.329020
v -7.686104 5.576326 1.214033
v -7.631086 5.566113 1.103898
v -7.501387 5.566115 1.068229
v -7.385629 5.566118 1.068018
v -7.292890 5.566120 1.102548
v -7.730609 5.566103 2.168273
v -7.840644 5.566103 2.113948
v -7.938357 5.566103 2.057859
v -8.025982 5.566103 1.969914
v -8.026531 5.566103 1.874863
v -7.985867 5.566103 1.790301
v -7.953542 5.565776 1.719911
v -7.828996 5.566103 1.529150
v -7.816338 5.566103 1.504530
v -7.798790 5.566106 1.472439
v -7.733332 5.566106 1.329020
v -7.686104 5.566108 1.214033
v -7.382752 5.577152 1.321339
v -7.449533 5.577150 1.293910
v -7.493584 5.577147 1.275817
v -7.541322 5.577144 1.256211
v -7.547398 5.577139 1.271003
v -7.594625 5.577138 1.385990
v -7.661525 5.577138 1.528818
v -7.635003 5.577134 1.579009
v -7.588065 5.577134 1.598287
v -7.509718 5.577134 1.630466
v -7.391098 5.564907 1.341659
v -7.457879 5.564905 1.314231
v -7.501930 5.564902 1.296138
v -7.549668 5.564900 1.276531
v -7.547398 5.564894 1.271003
v -7.594625 5.564893 1.385990
v -7.661524 5.564893 1.528817
v -7.635003 5.564889 1.579008
v -7.588065 5.564889 1.598287
v -7.509718 5.564889 1.630466
v -7.943261 5.579927 1.906309
v -7.929862 5.579927 1.873687
v -7.911997 5.579927 1.830190
v -7.892015 5.580153 1.781540
v -7.771651 5.579927 1.632552
v -7.664285 5.579927 1.650303
v -7.600467 5.579927 1.660907
v -7.531574 5.579927 1.683678
v -7.710868 5.579927 2.120211
v -7.790136 5.579927 2.077867
v -7.857526 5.579927 2.026336
v -7.891480 5.579927 1.838617
v -7.871498 5.580097 1.789967
v -7.743578 5.579927 1.682937
v -7.672179 5.579927 1.669522
v -7.601312 5.579927 1.677556
v -7.537124 5.579927 1.697192
v -7.706575 5.579927 2.109757
v -7.779150 5.579927 2.070018
v -7.839944 5.579927 2.019480
v -7.922744 5.579927 1.914736
v -7.909345 5.579927 1.882113
v -7.939711 5.576477 1.903841
v -7.927033 5.576477 1.872975
v -7.923534 5.576477 1.910485
v -7.910857 5.576477 1.879619
v -7.910130 5.576477 1.831821
v -7.893954 5.576477 1.838465
v -7.891225 5.576691 1.785791
v -7.875048 5.576638 1.792435
v -7.923406 5.577038 1.911176
v -7.940287 5.577038 1.904242
v -7.927493 5.577038 1.873091
v -7.910434 5.577038 1.831556
v -7.891353 5.577254 1.785100
v -7.874471 5.577200 1.792034
v -7.893552 5.577038 1.838490
v -7.910611 5.577038 1.880024
v -7.922939 5.579075 1.913686
v -7.942384 5.579075 1.905700
v -7.929163 5.579075 1.873511
v -7.911536 5.579075 1.830593
v -7.891820 5.579298 1.782590
v -7.872375 5.579243 1.790576
v -7.892091 5.579075 1.838580
v -7.909718 5.579075 1.881497
v -7.912963 5.563389 1.801040
v -7.943257 5.563389 1.876277
v -7.940906 5.563389 1.958439
v -7.878389 5.563389 2.034473
v -7.803173 5.563389 2.087179
v -7.715964 5.563389 2.132616
v -7.526117 5.563389 1.670391
v -7.599021 5.563389 1.644547
v -7.656279 5.563389 1.630809
v -7.786452 5.563389 1.605864
v -7.880533 5.563095 1.737316
v -7.810050 5.579927 1.930827
v -7.810050 5.563389 1.930827
v -7.939729 5.563389 1.946273
v -8.024614 5.563389 1.956385
v -8.024614 5.566103 1.956385
v -8.024614 5.576321 1.956385
v -8.024614 5.579927 1.956385
v -7.940417 5.579927 1.899386
v -7.939559 5.579075 1.898822
v -7.937508 5.577038 1.897474
v -7.936943 5.576477 1.897103
v -7.920767 5.576477 1.903747
v -7.920626 5.577038 1.904408
v -7.920114 5.579075 1.906808
v -7.919900 5.579927 1.907812
v -7.895134 5.580133 1.789135
v -7.957782 5.580368 1.729480
v -7.957782 5.576570 1.729480
v -7.957782 5.565806 1.729480
v -7.957781 5.562947 1.729480
v -7.884783 5.563122 1.746280
v -7.773263 5.563389 1.771945
v -7.773263 5.579927 1.771945
v -7.874618 5.580082 1.797562
v -7.875470 5.579228 1.798112
v -7.877509 5.577185 1.799430
v -7.878070 5.576623 1.799792
v -7.894246 5.576672 1.793148
v -7.894391 5.577234 1.792496
v -7.894915 5.579278 1.790126
v -7.541531 5.576326 1.707920
v -7.601151 5.576326 1.693794
v -7.663622 5.576326 1.698898
v -7.721459 5.576326 1.723057
v -7.768999 5.576326 1.763906
v -7.773263 5.576326 1.771945
v -7.801589 5.576326 1.817447
v -7.816040 5.576326 1.878438
v -7.810050 5.576326 1.930827
v -7.810935 5.576326 1.940909
v -7.786777 5.576326 1.998745
v -7.745928 5.576326 2.046286
v -7.693590 5.576326 2.078143
v -7.541531 5.565853 1.707920
v -7.601151 5.565853 1.693794
v -7.663622 5.565853 1.698898
v -7.721459 5.565853 1.723057
v -7.768999 5.565853 1.763906
v -7.773263 5.565853 1.771945
v -7.801589 5.565853 1.817447
v -7.816040 5.565853 1.878438
v -7.810050 5.565853 1.930827
v -7.810935 5.565853 1.940909
v -7.786777 5.565853 1.998745
v -7.745928 5.565853 2.046286
v -7.693590 5.565853 2.078143
v -7.313884 5.563389 2.167564
v -7.381084 5.563389 2.234789
v -7.505228 5.563389 2.235756
v -7.614155 5.563389 2.206972
v -7.444667 5.563389 1.687004
v -7.394914 5.563389 1.707439
v -7.211400 5.563389 1.782812
v -7.256891 5.562903 2.006043
v -7.283373 5.563389 2.078832
v -7.466122 5.563389 2.022157
v -7.513662 5.563389 2.063006
v -7.571499 5.563389 2.087165
v -7.633970 5.563389 2.092269
v -7.489193 5.563389 1.739778
v -7.448344 5.563389 1.787318
v -7.424186 5.563389 1.845155
v -7.419081 5.563389 1.907626
v -7.433532 5.563389 1.968617
v -7.431371 5.563389 1.662645
v -7.384434 5.563389 1.681923
v -7.203098 5.563389 1.756402
v -7.277486 5.563392 1.516246
v -7.138780 5.563392 1.573216
v -7.330290 5.563392 1.664863
v -7.193025 5.563392 1.721241
v -7.230259 5.563394 1.401260
v -7.091552 5.563394 1.458230
v -7.233552 5.563399 1.409278
v -7.053275 5.563399 1.341218
v -7.281290 5.563401 1.389671
v -7.120461 5.563401 1.224684
v -7.325341 5.563404 1.371578
v -7.202652 5.563404 1.143171
v -7.313885 5.579927 2.167564
v -7.381084 5.579927 2.234789
v -7.513662 5.579927 2.063006
v -7.466122 5.579927 2.022157
v -7.505228 5.579927 2.235756
v -7.571499 5.579927 2.087165
v -7.614155 5.579927 2.206972
v -7.633970 5.579927 2.092269
v -7.444667 5.579927 1.687004
v -7.394914 5.579927 1.707439
v -7.448344 5.579927 1.787318
v -7.489193 5.579927 1.739778
v -7.211400 5.579927 1.782812
v -7.424186 5.579927 1.845155
v -7.256891 5.580412 2.006043
v -7.419081 5.579927 1.907626
v -7.283373 5.579927 2.078832
v -7.433532 5.579927 1.968617
v -7.431371 5.579927 1.662645
v -7.384434 5.579927 1.681924
v -7.203098 5.579927 1.756402
v -7.330291 5.579930 1.664863
v -7.193025 5.579930 1.721242
v -7.277487 5.579930 1.516246
v -7.138780 5.579930 1.573216
v -7.230259 5.579932 1.401260
v -7.091552 5.579932 1.458230
v -7.222280 5.579937 1.381834
v -7.053275 5.579937 1.341219
v -7.270017 5.579939 1.362227
v -7.120461 5.579939 1.224684
v -7.314069 5.579942 1.344134
v -7.202652 5.579942 1.143171
v -7.053275 5.576331 1.341219
v -7.120461 5.576333 1.224684
v -7.202652 5.576337 1.143171
v -7.614155 5.576321 2.206972
v -7.505228 5.576321 2.235756
v -7.381084 5.576321 2.234789
v -7.313885 5.576321 2.167564
v -7.283373 5.576321 2.078832
v -7.256891 5.576594 2.006043
v -7.211400 5.576321 1.782812
v -7.203098 5.576321 1.756402
v -7.193025 5.576324 1.721241
v -7.138780 5.576324 1.573216
v -7.091552 5.576326 1.458230
v -7.053275 5.566113 1.341218
v -7.120461 5.566115 1.224684
v -7.202652 5.566118 1.143171
v -7.614155 5.566103 2.206972
v -7.505228 5.566103 2.235756
v -7.381084 5.566103 2.234789
v -7.313885 5.566103 2.167564
v -7.283373 5.566103 2.078832
v -7.256891 5.565776 2.006042
v -7.211400 5.566103 1.782812
v -7.203098 5.566103 1.756402
v -7.193025 5.566106 1.721241
v -7.138780 5.566106 1.573216
v -7.091552 5.566108 1.458230
v -7.315972 5.577150 1.348767
v -7.271921 5.577147 1.366860
v -7.224183 5.577144 1.386467
v -7.230259 5.577139 1.401260
v -7.277487 5.577138 1.516246
v -7.330291 5.577138 1.664863
v -7.384434 5.577134 1.681924
v -7.431371 5.577134 1.662645
v -7.324318 5.564905 1.369087
v -7.280267 5.564902 1.387180
v -7.232529 5.564900 1.406787
v -7.230259 5.564894 1.401260
v -7.277486 5.564893 1.516246
v -7.330290 5.564893 1.664863
v -7.384434 5.564889 1.681923
v -7.431371 5.564889 1.662645
v -7.395219 5.579927 2.131403
v -7.381820 5.579927 2.098781
v -7.363955 5.579927 2.055284
v -7.343973 5.580153 2.006634
v -7.324869 5.579927 1.816057
v -7.413716 5.579927 1.753218
v -7.466564 5.579927 1.715904
v -7.624722 5.579927 2.145806
v -7.540567 5.579927 2.156519
v -7.384471 5.579927 2.046858
v -7.364489 5.580097 1.998207
v -7.380252 5.579927 1.832163
v -7.421610 5.579927 1.772437
v -7.477665 5.579927 1.728341
v -7.627020 5.579927 2.132502
v -7.548254 5.579927 2.139284
v -7.415735 5.579927 2.122976
v -7.402336 5.579927 2.090354
v -7.396009 5.576477 2.127152
v -7.383332 5.576477 2.096287
v -7.412185 5.576477 2.120508
v -7.399508 5.576477 2.089643
v -7.366429 5.576477 2.055133
v -7.382605 5.576477 2.048489
v -7.347523 5.576691 2.009102
v -7.363699 5.576638 2.002458
v -7.412762 5.577038 2.120909
v -7.395880 5.577038 2.127843
v -7.383086 5.577038 2.096692
v -7.366027 5.577038 2.055157
v -7.346946 5.577254 2.008701
v -7.363828 5.577200 2.001767
v -7.382908 5.577038 2.048224
v -7.399967 5.577038 2.089758
v -7.414858 5.579075 2.122367
v -7.395414 5.579075 2.130353
v -7.382193 5.579075 2.098165
v -7.364566 5.579075 2.055247
v -7.344850 5.579298 2.007243
v -7.364294 5.579243 1.999257
v -7.384010 5.579075 2.047260
v -7.401638 5.579075 2.090178
v -7.342778 5.563389 2.035229
v -7.374112 5.563389 2.110039
v -7.433535 5.563389 2.166829
v -7.531446 5.563389 2.176971
v -7.621994 5.563389 2.161594
v -7.456094 5.563389 1.703251
v -7.405710 5.563389 1.733724
v -7.295582 5.563389 1.807476
v -7.321056 5.563095 1.967107
v -7.507206 5.579927 2.055212
v -7.507206 5.563389 2.055212
v -7.425821 5.563389 2.157348
v -7.372548 5.563389 2.224204
v -7.372548 5.566103 2.224204
v -7.372548 5.576321 2.224204
v -7.372548 5.579927 2.224204
v -7.392375 5.579927 2.124480
v -7.392589 5.579075 2.123476
v -7.393101 5.577038 2.121075
v -7.393241 5.576477 2.120415
v -7.409418 5.576477 2.113771
v -7.409982 5.577038 2.114142
v -7.412034 5.579075 2.115489
v -7.412891 5.579927 2.116053
v -7.347092 5.580133 2.014229
v -7.260600 5.580368 2.015829
v -7.260600 5.576570 2.015829
v -7.260600 5.565806 2.015829
v -7.260600 5.562947 2.015829
v -7.324334 5.563122 1.976470
v -7.421699 5.563389 1.916341
v -7.421699 5.579927 1.916341
v -7.367609 5.580082 2.005802
v -7.367390 5.579228 2.006793
v -7.366865 5.577185 2.009163
v -7.366721 5.576623 2.009815
v -7.350545 5.576672 2.016459
v -7.349984 5.577234 2.016097
v -7.347945 5.579278 2.014780
v -7.489193 5.576326 1.739778
v -7.448344 5.576326 1.787318
v -7.424186 5.576326 1.845155
v -7.419081 5.576326 1.907626
v -7.421699 5.576326 1.916341
v -7.433532 5.576326 1.968617
v -7.466122 5.576326 2.022157
v -7.507206 5.576326 2.055212
v -7.513662 5.576326 2.063006
v -7.571499 5.576326 2.087165
v -7.633970 5.576326 2.092269
v -7.489193 5.565853 1.739778
v -7.448344 5.565853 1.787318
v -7.424186 5.565853 1.845155
v -7.419081 5.565853 1.907626
v -7.421699 5.565853 1.916341
v -7.433532 5.565853 1.968617
v -7.466122 5.565853 2.022157
v -7.507206 5.565853 2.055212
v -7.513662 5.565853 2.063006
v -7.571499 5.565853 2.087165
v -7.633970 5.565853 2.092269
vt 0.161347 0.954301
vt 0.157600 0.962041
vt 0.152021 0.952622
vt 0.152310 0.949617
vt 0.157083 0.963228
vt 0.145051 0.968444
vt 0.138306 0.962232
vt 0.151947 0.953416
vt 0.132957 0.970495
vt 0.129304 0.964891
vt 0.119174 0.971449
vt 0.119260 0.965883
vt 0.129104 0.910738
vt 0.135400 0.910491
vt 0.135284 0.915779
vt 0.128118 0.914276
vt 0.157220 0.910325
vt 0.146982 0.918463
vt 0.161274 0.935401
vt 0.152582 0.938889
vt 0.161332 0.936534
vt 0.161653 0.944014
vt 0.152559 0.944596
vt 0.152664 0.939787
vt 0.119853 0.910648
vt 0.119919 0.907852
vt 0.129362 0.907981
vt 0.135393 0.907518
vt 0.157012 0.907222
vt 0.140517 0.903248
vt 0.156692 0.903155
vt 0.140557 0.886224
vt 0.156490 0.885428
vt 0.139418 0.872874
vt 0.155465 0.871457
vt 0.138964 0.870483
vt 0.153102 0.858797
vt 0.133338 0.870106
vt 0.142196 0.850369
vt 0.128266 0.870138
vt 0.130916 0.845751
vt 0.120676 0.870196
vt 0.120464 0.845260
vt 0.119791 0.913658
vt 0.163032 0.954755
vt 0.176847 0.948741
vt 0.180314 0.955601
vt 0.159139 0.963008
vt 0.158033 0.964638
vt 0.180744 0.956867
vt 0.190362 0.961744
vt 0.145638 0.970114
vt 0.200225 0.963743
vt 0.133192 0.972257
vt 0.210971 0.964505
vt 0.211119 0.968666
vt 0.200709 0.909103
vt 0.201232 0.911173
vt 0.194806 0.912100
vt 0.194745 0.909050
vt 0.180658 0.914479
vt 0.158980 0.910073
vt 0.176952 0.931995
vt 0.163130 0.935171
vt 0.168939 0.934513
vt 0.176916 0.933089
vt 0.176509 0.939851
vt 0.163429 0.944101
vt 0.129135 0.906316
vt 0.119902 0.906149
vt 0.209838 0.909153
vt 0.134408 0.906215
vt 0.158773 0.907052
vt 0.158467 0.903006
vt 0.138934 0.902596
vt 0.158251 0.885211
vt 0.138788 0.886342
vt 0.157197 0.871044
vt 0.138043 0.873652
vt 0.154512 0.857800
vt 0.137732 0.873202
vt 0.143104 0.848848
vt 0.133048 0.873389
vt 0.131313 0.844039
vt 0.128209 0.873887
vt 0.120458 0.843487
vt 0.211239 0.873285
vt 0.209834 0.910813
vt 0.158887 0.962859
vt 0.162753 0.954679
vt 0.136493 0.949818
vt 0.189543 0.943520
vt 0.139374 0.945094
vt 0.136717 0.949956
vt 0.145539 0.969841
vt 0.157878 0.964396
vt 0.197866 0.954253
vt 0.192849 0.949532
vt 0.136310 0.950958
vt 0.131620 0.955624
vt 0.133152 0.971969
vt 0.204091 0.957227
vt 0.125724 0.958609
vt 0.119137 0.972933
vt 0.119338 0.959314
vt 0.119335 0.959573
vt 0.197028 0.919208
vt 0.203169 0.916152
vt 0.126246 0.918695
vt 0.132198 0.921643
vt 0.192231 0.923995
vt 0.136853 0.926255
vt 0.162825 0.935212
vt 0.158692 0.910113
vt 0.189204 0.930071
vt 0.139736 0.932098
vt 0.163139 0.944086
vt 0.162900 0.936462
vt 0.188286 0.936809
vt 0.139611 0.933100
vt 0.139869 0.933039
vt 0.140575 0.938585
vt 0.129159 0.906468
vt 0.119923 0.906303
vt 0.134501 0.906329
vt 0.158483 0.907081
vt 0.139075 0.902655
vt 0.158177 0.903030
vt 0.138951 0.886335
vt 0.157963 0.885247
vt 0.138175 0.873596
vt 0.156914 0.871114
vt 0.137938 0.873107
vt 0.154276 0.857963
vt 0.133049 0.873080
vt 0.142954 0.849096
vt 0.128204 0.873540
vt 0.131245 0.844320
vt 0.120785 0.873502
vt 0.120458 0.843777
vt 0.209896 0.915152
vt 0.119743 0.917667
vt 0.142393 0.850035
vt 0.153404 0.858580
vt 0.130999 0.845378
vt 0.120463 0.844870
vt 0.133007 0.970880
vt 0.119165 0.971835
vt 0.145178 0.968809
vt 0.157283 0.963533
vt 0.161712 0.954398
vt 0.157941 0.962252
vt 0.162042 0.944035
vt 0.161744 0.936522
vt 0.157605 0.910268
vt 0.161678 0.935354
vt 0.157395 0.907189
vt 0.157081 0.903123
vt 0.156874 0.885380
vt 0.155845 0.871370
vt 0.128251 0.870764
vt 0.120693 0.870810
vt 0.133285 0.870657
vt 0.138805 0.871047
vt 0.139154 0.872938
vt 0.140262 0.886241
vt 0.140245 0.903140
vt 0.135227 0.907294
vt 0.129322 0.907705
vt 0.119906 0.907567
vt 0.151879 0.949419
vt 0.151659 0.952190
vt 0.149922 0.952211
vt 0.150032 0.949412
vt 0.152108 0.944675
vt 0.150229 0.944637
vt 0.152238 0.940180
vt 0.150455 0.940158
vt 0.150155 0.938853
vt 0.142016 0.922348
vt 0.135257 0.917982
vt 0.127477 0.915861
vt 0.119768 0.915121
vt 0.119279 0.964679
vt 0.128522 0.963675
vt 0.136853 0.960876
vt 0.149563 0.953450
vt 0.150059 0.939747
vt 0.149786 0.944538
vt 0.142043 0.938594
vt 0.141297 0.932703
vt 0.141153 0.931646
vt 0.138077 0.925383
vt 0.133105 0.920465
vt 0.126733 0.917354
vt 0.119754 0.916281
vt 0.119320 0.961063
vt 0.126182 0.960012
vt 0.132485 0.956796
vt 0.137486 0.951787
vt 0.149585 0.949605
vt 0.149507 0.952622
vt 0.137948 0.950714
vt 0.140753 0.945505
vt 0.151934 0.952512
vt 0.152204 0.949567
vt 0.149650 0.953325
vt 0.151864 0.953296
vt 0.149695 0.949557
vt 0.149608 0.952518
vt 0.152448 0.944616
vt 0.149895 0.944563
vt 0.152560 0.939886
vt 0.150155 0.939851
vt 0.152495 0.939010
vt 0.150240 0.938977
vt 0.151677 0.953011
vt 0.149851 0.953027
vt 0.149907 0.952946
vt 0.151626 0.952933
vt 0.151949 0.949451
vt 0.151720 0.952257
vt 0.152182 0.944662
vt 0.152308 0.940118
vt 0.150431 0.939276
vt 0.152293 0.939293
vt 0.152238 0.939371
vt 0.150484 0.939355
vt 0.150157 0.944621
vt 0.150390 0.940093
vt 0.149959 0.949443
vt 0.149853 0.952276
vt 0.126611 0.917698
vt 0.119753 0.916638
vt 0.132874 0.920768
vt 0.137764 0.925608
vt 0.140790 0.931763
vt 0.140933 0.932778
vt 0.141666 0.938591
vt 0.140399 0.945397
vt 0.137640 0.950531
vt 0.137179 0.951568
vt 0.132265 0.956495
vt 0.126067 0.959652
vt 0.119325 0.960684
vt 0.077336 0.953333
vt 0.086496 0.948909
vt 0.086729 0.951910
vt 0.080896 0.961149
vt 0.081382 0.962350
vt 0.086784 0.952705
vt 0.100254 0.961833
vt 0.093318 0.967863
vt 0.109224 0.964689
vt 0.105393 0.970198
vt 0.110561 0.910535
vt 0.111452 0.914100
vt 0.104244 0.915499
vt 0.104262 0.910212
vt 0.092487 0.917886
vt 0.082482 0.909409
vt 0.086423 0.938185
vt 0.077812 0.934437
vt 0.077729 0.935571
vt 0.086321 0.939082
vt 0.086340 0.943889
vt 0.077253 0.943058
vt 0.110376 0.907765
vt 0.104359 0.907237
vt 0.082790 0.906308
vt 0.083264 0.902225
vt 0.099357 0.902888
vt 0.084271 0.884609
vt 0.100199 0.885750
vt 0.085546 0.870885
vt 0.101535 0.872985
vt 0.088289 0.858637
vt 0.102261 0.870758
vt 0.099045 0.850649
vt 0.107956 0.870454
vt 0.110100 0.845934
vt 0.113053 0.870339
vt 0.075633 0.953718
vt 0.079321 0.962057
vt 0.240999 0.954369
vt 0.244029 0.947453
vt 0.248900 0.959952
vt 0.092660 0.969504
vt 0.231369 0.960927
vt 0.240656 0.955637
vt 0.105076 0.971947
vt 0.221652 0.963335
vt 0.218894 0.909287
vt 0.224813 0.909261
vt 0.224766 0.912247
vt 0.218379 0.911320
vt 0.080737 0.909068
vt 0.238905 0.914548
vt 0.075965 0.934135
vt 0.243042 0.931183
vt 0.251108 0.933173
vt 0.075474 0.943065
vt 0.243841 0.938778
vt 0.243119 0.932241
vt 0.110633 0.906096
vt 0.105286 0.905855
vt 0.081047 0.906024
vt 0.100962 0.902381
vt 0.081502 0.901963
vt 0.101988 0.885959
vt 0.082526 0.884283
vt 0.102668 0.873792
vt 0.083845 0.870370
vt 0.103351 0.874216
vt 0.086913 0.857587
vt 0.108425 0.873981
vt 0.098165 0.849108
vt 0.113292 0.873881
vt 0.109690 0.844224
vt 0.075915 0.953655
vt 0.079579 0.961920
vt 0.228344 0.947950
vt 0.102115 0.949634
vt 0.099549 0.944706
vt 0.230978 0.942958
vt 0.080542 0.963485
vt 0.092771 0.969236
vt 0.223353 0.953835
vt 0.107117 0.955400
vt 0.102505 0.950643
vt 0.102709 0.950505
vt 0.105131 0.971661
vt 0.217345 0.957002
vt 0.112966 0.958494
vt 0.222601 0.919199
vt 0.107182 0.921421
vt 0.113208 0.918576
vt 0.216508 0.916196
vt 0.227464 0.923862
vt 0.102423 0.925953
vt 0.081022 0.909125
vt 0.076268 0.934187
vt 0.230661 0.929757
vt 0.099422 0.931739
vt 0.076165 0.935441
vt 0.075765 0.943065
vt 0.231873 0.936329
vt 0.098462 0.938188
vt 0.099273 0.932681
vt 0.099530 0.932750
vt 0.110602 0.906248
vt 0.105201 0.905979
vt 0.081333 0.906073
vt 0.100819 0.902429
vt 0.081790 0.902007
vt 0.101830 0.885914
vt 0.082811 0.884338
vt 0.102554 0.873764
vt 0.084122 0.870458
vt 0.103172 0.873915
vt 0.087142 0.857760
vt 0.108383 0.873655
vt 0.098310 0.849360
vt 0.113272 0.873558
vt 0.109758 0.844505
vt 0.098854 0.850311
vt 0.087993 0.858410
vt 0.110012 0.845562
vt 0.105326 0.970581
vt 0.093177 0.968221
vt 0.081169 0.962646
vt 0.076967 0.953416
vt 0.080547 0.961347
vt 0.076863 0.943061
vt 0.077318 0.935544
vt 0.082101 0.909333
vt 0.077410 0.934373
vt 0.082411 0.906248
vt 0.082878 0.902169
vt 0.083890 0.884539
vt 0.085173 0.870776
vt 0.113090 0.870936
vt 0.108023 0.871047
vt 0.102387 0.871378
vt 0.101782 0.873057
vt 0.100492 0.885805
vt 0.099633 0.902804
vt 0.104518 0.907003
vt 0.110426 0.907489
vt 0.086932 0.948725
vt 0.088783 0.948754
vt 0.088840 0.951548
vt 0.087100 0.951493
vt 0.086790 0.943980
vt 0.088671 0.943981
vt 0.086741 0.939489
vt 0.088528 0.939501
vt 0.097356 0.921914
vt 0.088856 0.938208
vt 0.104212 0.917705
vt 0.112042 0.915707
vt 0.110047 0.963495
vt 0.101753 0.960521
vt 0.089175 0.952797
vt 0.088932 0.939104
vt 0.097850 0.932301
vt 0.096989 0.938156
vt 0.089116 0.943896
vt 0.101221 0.925053
vt 0.098014 0.931249
vt 0.106303 0.920227
vt 0.112746 0.917222
vt 0.112474 0.959885
vt 0.106222 0.956548
vt 0.101307 0.951435
vt 0.089227 0.948959
vt 0.098156 0.945074
vt 0.100864 0.950352
vt 0.089247 0.951972
vt 0.086603 0.948863
vt 0.086818 0.951804
vt 0.086871 0.952588
vt 0.089091 0.952670
vt 0.089149 0.951864
vt 0.089118 0.948908
vt 0.086451 0.943912
vt 0.089007 0.943917
vt 0.086423 0.939185
vt 0.088834 0.939204
vt 0.088767 0.938329
vt 0.086506 0.938309
vt 0.087067 0.952310
vt 0.087119 0.952233
vt 0.088842 0.952285
vt 0.088896 0.952366
vt 0.086861 0.948755
vt 0.087038 0.951558
vt 0.086717 0.943966
vt 0.086672 0.939424
vt 0.088569 0.938622
vt 0.088514 0.938700
vt 0.086755 0.938678
vt 0.086701 0.938598
vt 0.088744 0.943967
vt 0.088594 0.939438
vt 0.088855 0.948787
vt 0.088908 0.951615
vt 0.112862 0.917569
vt 0.106526 0.920535
vt 0.101527 0.925286
vt 0.098375 0.931378
vt 0.098213 0.932389
vt 0.097367 0.938165
vt 0.098514 0.944981
vt 0.101178 0.950179
vt 0.101620 0.951227
vt 0.106451 0.956254
vt 0.112600 0.959529
vt 0.099660 0.931826
vt 0.230777 0.930718
vt 0.251040 0.932055
vt 0.075860 0.935415
vt 0.249266 0.958530
vt 0.080378 0.963721
vt 0.102344 0.949506
vt 0.228047 0.948992
vt 0.119746 0.917912
vt 0.113290 0.918813
vt 0.098718 0.938194
vt 0.099792 0.944643
vt 0.102634 0.926109
vt 0.107337 0.921630
vt 0.113052 0.958250
vt 0.210755 0.958149
vt 0.107275 0.955199
vt 0.218836 0.873069
vt 0.120800 0.873833
vt 0.221617 0.844953
vt 0.211611 0.844996
vt 0.223881 0.872428
vt 0.232721 0.849044
vt 0.229270 0.871775
vt 0.244226 0.857577
vt 0.229317 0.872633
vt 0.245023 0.871047
vt 0.229157 0.885490
vt 0.245229 0.884472
vt 0.229641 0.902300
vt 0.245708 0.901454
vt 0.246112 0.905382
vt 0.246334 0.908337
vt 0.251625 0.940324
vt 0.252537 0.950356
vt 0.224479 0.967478
vt 0.119128 0.973224
vt 0.236627 0.965562
vt 0.189128 0.931056
vt 0.140319 0.938584
vt 0.163207 0.936450
vt 0.168832 0.941942
vt 0.172381 0.960314
vt 0.172852 0.961716
vt 0.192489 0.948489
vt 0.136109 0.950814
vt 0.126162 0.918931
vt 0.201816 0.845330
vt 0.203654 0.873483
vt 0.191401 0.849805
vt 0.198663 0.873504
vt 0.180807 0.856387
vt 0.193160 0.873359
vt 0.177438 0.867917
vt 0.192526 0.873163
vt 0.175131 0.881928
vt 0.191436 0.884929
vt 0.173889 0.900584
vt 0.189973 0.901862
vt 0.173387 0.904874
vt 0.173132 0.908051
vt 0.139133 0.945023
vt 0.139495 0.932177
vt 0.136638 0.926407
vt 0.132039 0.921849
vt 0.125643 0.958363
vt 0.131468 0.955419
vt 0.168564 0.952248
vt 0.168948 0.933349
vt 0.197704 0.968010
vt 0.185464 0.966657
vt 0.224864 0.906341
vt 0.219316 0.906370
vt 0.209930 0.906223
vt 0.200263 0.906197
vt 0.194705 0.906070
vn 0.000000 1.000000 0.000000
vn 0.000000 1.000000 0.000000
vn 0.000000 1.000000 0.000000
vn 0.000000 1.000000 0.000000
vn 0.000000 1.000000 0.000000
vn 0.000000 1.000000 -0.000001
vn 0.000002 1.000000 -0.000004
vn 0.000000 1.000000 -0.000001
vn 0.000002 1.000000 -0.000004
vn 0.000003 1.000000 -0.000008
vn 0.000001 1.000000 -0.000002
vn 0.000001 1.000000 -0.000002
vn -0.000001 1.000000 0.000001
vn -0.000002 1.000000 0.000004
vn 0.000000 1.000000 -0.000001
vn 0.000002 1.000000 -0.000004
vn 0.001516 0.999999 -0.000154
vn 0.001536 0.999999 -0.000164
vn 0.002484 0.999997 -0.000162
vn 0.002204 0.999998 -0.000094
vn -0.001715 0.999986 0.005072
vn -0.000993 0.999997 0.002424
vn -0.000883 0.999997 0.002156
vn -0.001983 0.999984 0.005244
vn 0.000001 1.000000 -0.000001
vn -0.000001 1.000000 0.000002
vn -0.000001 1.000000 0.000003
vn -0.000014 1.000000 0.000034
vn -0.000022 1.000000 0.000053
vn -0.000011 1.000000 0.000026
vn -0.000008 1.000000 0.000020
vn -0.000002 1.000000 0.000005
vn -0.000002 1.000000 0.000004
vn -0.000020 1.000000 0.000026
vn -0.000020 1.000000 0.000026
vn -0.000035 1.000000 0.000023
vn -0.000034 1.000000 0.000022
vn -0.000035 1.000000 -0.000002
vn -0.000033 1.000000 -0.000000
vn -0.000028 1.000000 -0.000007
vn -0.000028 1.000000 -0.000007
vn -0.000000 1.000000 0.000000
vn -0.000000 1.000000 0.000000
vn 0.000001 1.000000 -0.000003
vn 0.000000 -1.000000 -0.000001
vn 0.000000 -1.000000 -0.000000
vn 0.000003 -1.000000 -0.000008
vn 0.000005 -1.000000 -0.000012
vn 0.000006 -1.000000 -0.000014
vn 0.000004 -1.000000 -0.000009
vn 0.000002 -1.000000 -0.000004
vn 0.000003 -1.000000 -0.000007
vn 0.000001 -1.000000 -0.000002
vn 0.000003 -1.000000 -0.000007
vn -0.000000 -1.000000 0.000001
vn -0.000001 -1.000000 0.000001
vn -0.000003 -1.000000 0.000007
vn -0.000002 -1.000000 0.000005
vn 0.000003 -1.000000 -0.000007
vn 0.000005 -1.000000 -0.000012
vn 0.001396 -0.999999 -0.000405
vn 0.001281 -0.999999 -0.000462
vn 0.002136 -0.999998 -0.000378
vn 0.002278 -0.999997 -0.000471
vn 0.000198 -0.999982 0.005956
vn 0.000598 -0.999992 0.004023
vn 0.000127 -0.999998 0.001923
vn 0.000011 -0.999998 0.002023
vn 0.000003 -1.000000 -0.000007
vn 0.000001 -1.000000 -0.000002
vn -0.000005 -1.000000 0.000012
vn 0.000016 -1.000000 -0.000039
vn 0.000023 -1.000000 -0.000055
vn 0.000009 -1.000000 -0.000021
vn 0.000011 -1.000000 -0.000027
vn 0.000002 -1.000000 -0.000005
vn 0.000002 -1.000000 -0.000005
vn 0.000024 -1.000000 -0.000027
vn 0.000024 -1.000000 -0.000027
vn 0.000038 -1.000000 -0.000020
vn 0.000034 -1.000000 -0.000015
vn 0.000034 -1.000000 0.000001
vn 0.000035 -1.000000 0.000002
vn 0.000028 -1.000000 0.000008
vn 0.000028 -1.000000 0.000008
vn -0.000000 -1.000000 0.000000
vn -0.000000 -1.000000 0.000000
vn -0.000005 -1.000000 0.000011
vn -0.973857 -0.000053 -0.227161
vn -0.999983 -0.000046 0.005828
vn -0.999983 -0.000010 0.005788
vn -0.973850 -0.000012 -0.227191
vn 0.996683 0.000000 -0.081385
vn 0.997225 0.000000 0.074445
vn 0.997227 0.000000 0.074420
vn 0.996679 0.000000 -0.081427
vn -0.708375 -0.000019 0.705837
vn -0.613615 -0.000013 0.789606
vn -0.613627 -0.000003 0.789596
vn -0.708396 -0.000004 0.705815
vn 0.851080 0.000000 -0.525035
vn 0.946005 0.000000 -0.324152
vn 0.946000 0.000000 -0.324168
vn 0.851078 0.000000 -0.525039
vn -0.469307 -0.000005 0.883035
vn -0.469311 -0.000001 0.883033
vn 0.648550 0.000000 -0.761172
vn 0.648549 0.000000 -0.761173
vn -0.379922 -0.000000 0.925019
vn -0.379927 -0.000000 0.925017
vn 0.379927 0.000000 -0.925017
vn 0.379927 0.000000 -0.925017
vn 0.236347 0.000000 0.971669
vn -0.073689 -0.000002 0.997281
vn -0.073695 -0.000001 0.997281
vn 0.236336 0.000000 0.971671
vn 0.525027 0.000000 0.851085
vn 0.525036 0.000001 0.851080
vn -0.843260 -0.000031 -0.537506
vn -0.841275 -0.000031 -0.540607
vn -0.841270 -0.000006 -0.540615
vn -0.843256 -0.000006 -0.537512
vn 0.686316 0.000000 0.727304
vn 0.686339 0.000001 0.727282
vn -0.908780 -0.000049 -0.417276
vn -0.904070 -0.000056 -0.427385
vn -0.904063 -0.000012 -0.427398
vn -0.908778 -0.000011 -0.417280
vn 0.927933 0.000000 0.372748
vn 0.854193 0.000000 0.519956
vn 0.854194 0.000000 0.519955
vn 0.927933 0.000000 0.372746
vn 0.379927 0.000007 -0.925017
vn 0.379926 0.000014 -0.925017
vn 0.379925 0.000008 -0.925017
vn 0.379927 -0.000000 -0.925017
vn 0.379926 0.000026 -0.925017
vn 0.379922 0.000021 -0.925019
vn -0.882609 -0.000036 -0.470108
vn -0.882610 -0.000005 -0.470106
vn 0.884206 0.000033 -0.467098
vn 0.884206 0.000033 -0.467097
vn 0.884160 0.000031 -0.467185
vn 0.884160 0.000031 -0.467185
vn -0.903997 -0.000045 -0.427538
vn -0.903996 -0.000006 -0.427541
vn 0.905584 0.000010 0.424167
vn 0.914413 0.000004 0.404783
vn 0.914412 0.000001 0.404784
vn 0.905584 -0.000000 0.424167
vn -0.916636 -0.000051 -0.399723
vn -0.916635 -0.000011 -0.399726
vn 0.925017 -0.000005 0.379926
vn 0.925017 0.000002 0.379926
vn -0.910493 -0.000059 -0.413524
vn -0.910493 -0.000018 -0.413525
vn -0.925016 -0.000001 -0.379928
vn -0.925016 -0.000001 -0.379928
vn -0.894591 -0.000064 -0.446885
vn -0.894590 -0.000020 -0.446889
vn -0.185031 0.873450 0.450387
vn -0.185053 0.873428 0.450422
vn -0.185024 0.873469 0.450354
vn -0.185018 0.873467 0.450359
vn -0.144589 -0.000025 -0.989492
vn -0.265101 -0.000027 -0.964221
vn -0.265159 -0.000004 -0.964204
vn -0.144633 -0.000006 -0.989485
vn -0.185058 0.873403 0.450468
vn -0.185011 0.873471 0.450354
vn 0.162418 -0.000014 -0.986722
vn 0.162420 -0.000004 -0.986722
vn -0.185023 0.873403 0.450481
vn -0.184977 0.873472 0.450367
vn 0.379926 -0.000000 -0.925017
vn 0.379926 0.000001 -0.925017
vn -0.379927 -0.000004 0.925017
vn -0.379927 -0.000002 0.925017
vn -0.144645 -0.000001 -0.989484
vn -0.265172 0.000002 -0.964201
vn -0.265164 0.000003 -0.964203
vn -0.144648 -0.000001 -0.989483
vn 0.162422 -0.000002 -0.986721
vn 0.162419 -0.000004 -0.986722
vn 0.379926 0.000001 -0.925017
vn 0.379926 -0.000000 -0.925017
vn -0.469311 0.000000 0.883033
vn -0.379927 0.000000 0.925017
vn -0.379927 0.000000 0.925017
vn -0.469309 0.000000 0.883034
vn -0.613626 0.000000 0.789597
vn -0.613618 0.000000 0.789603
vn -0.708395 0.000000 0.705816
vn -0.708378 0.000000 0.705834
vn -0.973848 -0.000001 -0.227199
vn -0.999983 0.000000 0.005778
vn -0.999983 0.000000 0.005778
vn -0.973848 0.000000 -0.227202
vn -0.904062 -0.000001 -0.427402
vn -0.904065 0.000000 -0.427394
vn -0.908778 -0.000000 -0.417280
vn -0.908782 0.000000 -0.417271
vn -0.843257 0.000000 -0.537510
vn -0.841271 -0.000000 -0.540614
vn -0.841274 0.000000 -0.540609
vn -0.843259 0.000001 -0.537507
vn -0.882611 0.000004 -0.470104
vn -0.882612 0.000005 -0.470101
vn -0.903996 0.000003 -0.427541
vn -0.903997 0.000001 -0.427540
vn -0.916635 0.000000 -0.399726
vn -0.916635 0.000001 -0.399725
vn -0.910493 -0.000006 -0.413525
vn -0.910493 -0.000004 -0.413524
vn -0.894590 -0.000009 -0.446889
vn -0.894591 -0.000010 -0.446886
vn -0.185011 0.873471 0.450355
vn -0.184977 0.873471 0.450369
vn -0.185006 0.873429 0.450438
vn -0.185036 0.873433 0.450417
vn -0.185024 0.873468 0.450355
vn -0.185040 0.873443 0.450396
vn -0.185019 0.873465 0.450363
vn -0.185031 0.873446 0.450395
vn 0.925017 0.000004 0.379925
vn 0.925020 0.000005 0.379917
vn 0.925020 0.000007 0.379919
vn 0.925017 0.000011 0.379925
vn 0.914412 0.000001 0.404784
vn 0.914412 0.000003 0.404785
vn 0.905584 -0.000002 0.424168
vn 0.905583 -0.000004 0.424170
vn 0.884152 0.000031 -0.467200
vn 0.884152 0.000031 -0.467200
vn 0.884141 0.000033 -0.467220
vn 0.884141 0.000033 -0.467220
vn 0.379924 0.000007 -0.925018
vn 0.379920 0.000020 -0.925019
vn 0.379915 0.000021 -0.925021
vn 0.379922 0.000008 -0.925019
vn 0.379927 -0.000001 -0.925017
vn 0.379927 0.000000 -0.925017
vn 0.925023 -0.000000 0.379912
vn 0.000000 1.000000 0.000000
vn 0.000000 1.000000 0.000000
vn 0.000000 1.000000 0.000000
vn 0.000000 1.000000 0.000000
vn -0.000120 0.999998 0.002086
vn -0.000120 0.999998 0.002086
vn 0.000093 0.999991 0.004121
vn 0.000093 0.999991 0.004121
vn 0.001443 0.999999 0.000077
vn 0.000928 1.000000 0.000024
vn 0.000001 1.000000 -0.000002
vn -0.000001 1.000000 0.000002
vn -0.000005 1.000000 0.000012
vn -0.000000 1.000000 0.000001
vn -0.000001 1.000000 0.000003
vn 0.000002 1.000000 -0.000004
vn 0.000002 1.000000 -0.000005
vn 0.001482 0.999996 0.002499
vn 0.000365 1.000000 0.000647
vn 0.000898 0.999998 0.001593
vn 0.001673 0.999996 0.002335
vn 0.001352 0.999999 0.000474
vn 0.000906 1.000000 0.000282
vn -0.000001 1.000000 0.000002
vn -0.000006 1.000000 0.000014
vn -0.000011 1.000000 0.000028
vn -0.000001 1.000000 0.000002
vn -0.000004 1.000000 0.000010
vn -0.000002 1.000000 0.000006
vn -0.000000 1.000000 0.000000
vn 0.000000 1.000000 0.000000
vn -0.000000 1.000000 0.000001
vn -0.000000 1.000000 0.000001
vn 0.000000 1.000000 0.000000
vn 0.764827 0.562459 0.314133
vn 0.764828 0.562457 0.314133
vn 0.764865 0.562398 0.314149
vn 0.764879 0.562376 0.314154
vn 0.261735 0.724847 -0.637253
vn 0.261735 0.724847 -0.637253
vn 0.261675 0.724997 -0.637107
vn 0.261675 0.724997 -0.637107
vn -0.764824 0.562464 -0.314132
vn -0.764824 0.562464 -0.314131
vn -0.764878 0.562378 -0.314154
vn -0.764864 0.562400 -0.314148
vn 0.764838 0.562442 0.314137
vn 0.764838 0.562442 0.314137
vn 0.764867 0.562396 0.314149
vn 0.764870 0.562391 0.314150
vn -0.764832 0.562451 -0.314135
vn -0.764832 0.562451 -0.314135
vn -0.764872 0.562388 -0.314151
vn -0.764868 0.562394 -0.314150
vn 0.763822 0.562627 0.316270
vn 0.763920 0.562558 0.316156
vn 0.763597 0.562823 0.316464
vn 0.763619 0.562795 0.316463
vn -0.765424 0.562695 -0.312251
vn -0.765448 0.562483 -0.312574
vn -0.765434 0.562559 -0.312470
vn -0.765424 0.562693 -0.312254
vn -0.260242 0.724244 0.638548
vn -0.260242 0.724244 0.638548
vn -0.260262 0.724016 0.638799
vn -0.260262 0.724015 0.638800
vn 0.261637 0.725093 -0.637014
vn 0.261637 0.725093 -0.637014
vn 0.261712 0.724906 -0.637196
vn 0.261712 0.724906 -0.637196
vn 0.764941 0.562278 0.314180
vn 0.764914 0.562320 0.314169
vn 0.765050 0.562105 0.314224
vn 0.765050 0.562104 0.314224
vn 0.764919 0.562312 0.314171
vn 0.764913 0.562323 0.314168
vn 0.765072 0.562070 0.314233
vn 0.765072 0.562070 0.314233
vn 0.763723 0.562705 0.316371
vn 0.763634 0.562770 0.316469
vn 0.763659 0.562726 0.316486
vn 0.763715 0.562688 0.316420
vn -0.260236 0.723891 0.638951
vn -0.260236 0.723891 0.638951
vn -0.259930 0.724330 0.638578
vn -0.259930 0.724330 0.638578
vn -0.765498 0.562576 -0.312284
vn -0.765462 0.562574 -0.312374
vn -0.765708 0.562203 -0.312440
vn -0.765710 0.562240 -0.312369
vn -0.764917 0.562316 -0.314170
vn -0.764923 0.562306 -0.314172
vn -0.765067 0.562078 -0.314231
vn -0.765067 0.562078 -0.314231
vn -0.764916 0.562318 -0.314169
vn -0.764947 0.562269 -0.314182
vn -0.765068 0.562076 -0.314232
vn -0.765067 0.562078 -0.314231
vn 0.000310 -0.999999 0.001507
vn -0.000000 -1.000000 0.000000
vn 0.000002 -1.000000 -0.000005
vn 0.000002 -1.000000 -0.000005
vn 0.000000 -1.000000 -0.000000
vn 0.000000 -1.000000 -0.000000
vn 0.000000 -1.000000 -0.000000
vn 0.000000 -1.000000 -0.000000
vn 0.000001 -1.000000 -0.000004
vn 0.000002 -1.000000 -0.000006
vn 0.001108 -0.999999 -0.000124
vn 0.001832 -0.999998 -0.000075
vn 0.000892 -0.999995 0.002910
vn -0.994929 -0.000055 -0.100583
vn -0.994928 -0.000012 -0.100586
vn -0.994928 0.000000 -0.100588
vn -0.994928 0.000000 -0.100593
vn 0.764830 0.562454 0.314134
vn 0.764859 0.562408 0.314146
vn 0.764907 0.562332 0.314166
vn 0.765049 0.562107 0.314224
vn 0.000000 1.000000 0.000000
vn 0.000000 1.000000 0.000000
vn -0.764909 0.562328 -0.314167
vn -0.765052 0.562101 -0.314225
vn -0.764857 0.562411 -0.314145
vn -0.764824 0.562464 -0.314132
vn -0.765498 0.562034 -0.313259
vn -0.765484 0.562045 -0.313273
vn -0.765488 0.562026 -0.313298
vn -0.765682 0.561713 -0.313385
vn 0.001883 0.999993 0.003155
vn 0.001883 0.999993 0.003155
vn 0.764602 0.561972 0.315550
vn 0.764461 0.562174 0.315531
vn 0.764609 0.561975 0.315526
vn 0.764603 0.561996 0.315504
vn -0.073692 -0.000001 0.997281
vn -0.379927 -0.000001 0.925017
vn -0.379927 0.000000 0.925017
vn -0.073679 -0.000001 0.997282
vn 0.236340 -0.000001 0.971670
vn 0.236360 -0.000003 0.971666
vn 0.525042 -0.000001 0.851076
vn 0.525058 -0.000006 0.851066
vn 0.686343 -0.000001 0.727278
vn 0.686337 -0.000007 0.727284
vn 0.854196 0.000000 0.519951
vn 0.854195 0.000000 0.519954
vn 0.927935 0.000000 0.372743
vn 0.927938 0.000000 0.372734
vn 0.997227 0.000000 0.074417
vn 0.997227 0.000000 0.074424
vn 0.996679 0.000000 -0.081429
vn 0.996681 0.000000 -0.081404
vn 0.946004 0.000000 -0.324155
vn 0.946020 0.000000 -0.324108
vn 0.851081 0.000000 -0.525034
vn 0.851093 0.000000 -0.525016
vn 0.648548 0.000000 -0.761174
vn 0.648543 0.000000 -0.761178
vn 0.379927 0.000000 -0.925017
vn 0.379927 0.000000 -0.925017
vn 0.000000 1.000000 -0.000000
vn -0.000000 1.000000 0.000001
vn 0.000001 1.000000 -0.000002
vn 0.000001 1.000000 -0.000002
vn -0.000002 1.000000 0.000004
vn -0.000001 1.000000 0.000003
vn -0.000000 1.000000 0.000000
vn -0.000001 1.000000 0.000003
vn 0.000002 1.000000 -0.000004
vn 0.000000 1.000000 0.000000
vn -0.000001 1.000000 0.000003
vn 0.000000 1.000000 -0.000000
vn 0.000000 1.000000 -0.000000
vn -0.000003 1.000000 0.000006
vn -0.000977 0.999999 -0.001197
vn -0.000970 0.999999 -0.001175
vn -0.001501 0.999998 -0.001617
vn -0.001653 0.999997 -0.001862
vn -0.002345 0.999986 0.004814
vn -0.002275 0.999984 0.005122
vn -0.000887 0.999997 0.002154
vn -0.000997 0.999997 0.002422
vn 0.000000 1.000000 0.000000
vn -0.000015 1.000000 0.000037
vn -0.000023 1.000000 0.000055
vn -0.000009 1.000000 0.000021
vn -0.000011 1.000000 0.000027
vn -0.000002 1.000000 0.000005
vn -0.000002 1.000000 0.000005
vn -0.000004 1.000000 0.000032
vn -0.000004 1.000000 0.000033
vn 0.000007 1.000000 0.000043
vn 0.000007 1.000000 0.000044
vn 0.000023 1.000000 0.000026
vn 0.000025 1.000000 0.000026
vn 0.000025 1.000000 0.000016
vn 0.000025 1.000000 0.000016
vn 0.000000 -1.000000 -0.000000
vn -0.000003 -1.000000 0.000008
vn -0.000000 -1.000000 0.000000
vn 0.000000 -1.000000 -0.000000
vn -0.000003 -1.000000 0.000008
vn 0.000000 -1.000000 -0.000001
vn 0.000001 -1.000000 -0.000001
vn -0.000001 -1.000000 0.000002
vn 0.000001 -1.000000 -0.000002
vn 0.000000 -1.000000 -0.000000
vn -0.000002 -1.000000 0.000004
vn 0.000001 -1.000000 -0.000004
vn 0.000002 -1.000000 -0.000004
vn -0.000001 -1.000000 0.000002
vn -0.000589 -0.999999 -0.001221
vn -0.000709 -0.999999 -0.001267
vn -0.001289 -0.999997 -0.001937
vn -0.001254 -0.999998 -0.001770
vn -0.004326 -0.999982 0.004095
vn -0.001429 -0.999998 0.001429
vn -0.001441 -0.999998 0.001278
vn -0.003252 -0.999992 0.002440
vn 0.000004 -1.000000 -0.000010
vn 0.000011 -1.000000 -0.000027
vn 0.000019 -1.000000 -0.000047
vn 0.000012 -1.000000 -0.000029
vn 0.000009 -1.000000 -0.000023
vn 0.000002 -1.000000 -0.000004
vn 0.000002 -1.000000 -0.000004
vn 0.000002 -1.000000 -0.000037
vn 0.000002 -1.000000 -0.000036
vn -0.000015 -1.000000 -0.000032
vn -0.000014 -1.000000 -0.000039
vn -0.000027 -1.000000 -0.000022
vn -0.000025 -1.000000 -0.000022
vn -0.000026 -1.000000 -0.000014
vn -0.000026 -1.000000 -0.000014
vn 0.852388 0.000035 0.522910
vn 0.852399 0.000007 0.522892
vn 0.707233 0.000009 0.706980
vn 0.707211 0.000041 0.707002
vn -0.651749 0.000000 -0.758435
vn -0.651717 0.000000 -0.758463
vn -0.761647 0.000000 -0.647992
vn -0.761664 0.000000 -0.647973
vn 0.007854 0.000015 0.999969
vn 0.007809 0.000003 0.999969
vn -0.118503 0.000002 0.992954
vn -0.118481 0.000011 0.992956
vn -0.236348 0.000000 -0.971668
vn -0.236344 0.000000 -0.971669
vn -0.445051 0.000000 -0.895505
vn -0.445066 0.000000 -0.895498
vn -0.286836 0.000001 0.957980
vn -0.286834 0.000005 0.957980
vn 0.073689 0.000000 -0.997281
vn 0.073690 0.000000 -0.997281
vn -0.851080 0.000000 0.525037
vn -0.851072 0.000000 0.525048
vn -0.648545 -0.000001 0.761176
vn -0.648550 -0.000002 0.761172
vn -0.971666 0.000000 0.236357
vn -0.971668 0.000001 0.236351
vn 0.977622 0.000052 0.210369
vn 0.977623 0.000011 0.210366
vn 0.978391 0.000011 0.206762
vn 0.978390 0.000051 0.206767
vn -0.999389 0.000000 0.034944
vn -0.999390 0.000001 0.034912
vn 0.939718 0.000030 0.341950
vn 0.939721 0.000006 0.341943
vn 0.943479 0.000005 0.331432
vn 0.943474 0.000026 0.331445
vn -0.922045 0.000000 -0.387082
vn -0.922044 0.000000 -0.387084
vn -0.973062 0.000000 -0.230543
vn -0.973063 0.000000 -0.230541
vn 0.379928 0.000008 -0.925016
vn 0.379927 0.000014 -0.925017
vn 0.379931 0.000021 -0.925015
vn 0.379927 0.000026 -0.925017
vn 0.958236 0.000051 0.285979
vn 0.958237 0.000014 0.285976
vn -0.300678 0.000033 -0.953726
vn -0.300545 0.000031 -0.953768
vn -0.300545 0.000031 -0.953768
vn -0.300678 0.000033 -0.953726
vn 0.943532 0.000046 0.331283
vn 0.943532 0.000013 0.331282
vn -0.942290 0.000014 -0.334799
vn -0.942290 -0.000000 -0.334799
vn -0.934945 0.000001 -0.354792
vn -0.934945 0.000004 -0.354792
vn 0.932971 0.000043 0.359951
vn 0.932971 0.000009 0.359951
vn -0.925016 0.000002 -0.379927
vn -0.925017 -0.000009 -0.379927
vn 0.938301 0.000039 0.345819
vn 0.938301 0.000003 0.345819
vn 0.925017 0.000000 0.379925
vn 0.925017 0.000000 0.379925
vn 0.950439 0.000039 0.310911
vn 0.950440 0.000002 0.310910
vn -0.184975 0.873417 0.450474
vn -0.184945 0.873462 0.450400
vn -0.184936 0.873465 0.450397
vn -0.184977 0.873404 0.450499
vn 0.798345 0.000024 -0.602201
vn 0.798362 0.000005 -0.602178
vn 0.866318 0.000008 -0.499492
vn 0.866270 0.000031 -0.499576
vn -0.184944 0.873470 0.450383
vn -0.184992 0.873399 0.450502
vn 0.578040 0.000009 -0.816009
vn 0.578013 0.000001 -0.816028
vn 0.798373 -0.000001 -0.602163
vn 0.798391 -0.000001 -0.602139
vn 0.866345 0.000003 -0.499446
vn 0.866335 0.000003 -0.499464
vn 0.578012 -0.000002 -0.816028
vn 0.578020 -0.000004 -0.816023
vn -0.286837 0.000000 0.957980
vn -0.286839 0.000000 0.957979
vn -0.118510 0.000000 0.992953
vn -0.118519 0.000000 0.992952
vn 0.007788 0.000000 0.999970
vn 0.007763 0.000000 0.999970
vn 0.852403 0.000000 0.522886
vn 0.852404 0.000000 0.522884
vn 0.707239 0.000000 0.706975
vn 0.707239 0.000000 0.706975
vn 0.943481 0.000000 0.331428
vn 0.943478 0.000000 0.331436
vn 0.939721 0.000000 0.341942
vn 0.939717 0.000000 0.341952
vn 0.977622 0.000000 0.210369
vn 0.977621 0.000001 0.210372
vn 0.978390 0.000000 0.206770
vn 0.978391 0.000000 0.206765
vn 0.958237 0.000005 0.285976
vn 0.958236 0.000007 0.285979
vn 0.943532 0.000003 0.331283
vn 0.943531 0.000001 0.331284
vn 0.932971 0.000000 0.359951
vn 0.932971 0.000000 0.359952
vn 0.938301 -0.000006 0.345819
vn 0.938301 -0.000004 0.345819
vn 0.950440 -0.000008 0.310909
vn 0.950440 -0.000007 0.310909
vn -0.184944 0.873471 0.450382
vn -0.184968 0.873435 0.450441
vn -0.184936 0.873466 0.450396
vn -0.184957 0.873436 0.450445
vn -0.184947 0.873460 0.450403
vn -0.184969 0.873429 0.450453
vn -0.925016 0.000004 -0.379928
vn -0.925016 0.000009 -0.379928
vn -0.925013 0.000004 -0.379934
vn -0.925013 0.000004 -0.379936
vn -0.934945 0.000001 -0.354792
vn -0.934946 0.000004 -0.354791
vn -0.942290 -0.000001 -0.334798
vn -0.942291 0.000000 -0.334796
vn -0.300519 0.000032 -0.953776
vn -0.300477 0.000033 -0.953789
vn -0.300478 0.000033 -0.953789
vn -0.300519 0.000032 -0.953776
vn 0.379929 0.000007 -0.925016
vn 0.379931 0.000008 -0.925015
vn 0.379938 0.000021 -0.925012
vn 0.379933 0.000020 -0.925014
vn -0.925011 0.000002 -0.379941
vn 0.000000 1.000000 0.000000
vn 0.000000 1.000000 0.000000
vn 0.000000 1.000000 0.000000
vn 0.000000 1.000000 0.000000
vn -0.001381 0.999998 0.001568
vn -0.001381 0.999998 0.001568
vn -0.002963 0.999991 0.002866
vn -0.002963 0.999991 0.002866
vn -0.000677 1.000000 -0.000634
vn -0.001081 0.999999 -0.000959
vn 0.000002 1.000000 -0.000004
vn 0.000003 1.000000 -0.000006
vn -0.000001 1.000000 0.000002
vn 0.000001 1.000000 -0.000002
vn 0.000000 1.000000 0.000000
vn -0.002811 0.999996 0.000736
vn -0.002831 0.999996 0.000485
vn -0.001760 0.999998 0.000506
vn -0.000717 1.000000 0.000212
vn -0.000843 1.000000 -0.000435
vn -0.001296 0.999999 -0.000611
vn 0.000003 1.000000 -0.000006
vn -0.000000 1.000000 0.000001
vn -0.000003 1.000000 0.000007
vn -0.000002 1.000000 0.000006
vn 0.000000 1.000000 0.000000
vn -0.000002 1.000000 0.000004
vn -0.000002 1.000000 0.000006
vn 0.000000 1.000000 0.000000
vn 0.000000 1.000000 0.000000
vn -0.764822 0.562466 -0.314131
vn -0.764879 0.562376 -0.314154
vn -0.764864 0.562401 -0.314148
vn -0.764826 0.562461 -0.314132
vn 0.261759 0.724786 -0.637312
vn 0.261675 0.724997 -0.637107
vn 0.261675 0.724997 -0.637107
vn 0.261759 0.724786 -0.637312
vn 0.764826 0.562461 0.314132
vn 0.764865 0.562398 0.314148
vn 0.764879 0.562376 0.314154
vn 0.764823 0.562466 0.314131
vn -0.764838 0.562441 -0.314137
vn -0.764871 0.562389 -0.314151
vn -0.764868 0.562395 -0.314149
vn -0.764838 0.562441 -0.314137
vn 0.764831 0.562453 0.314134
vn 0.764866 0.562396 0.314149
vn 0.764870 0.562390 0.314151
vn 0.764831 0.562453 0.314134
vn -0.765614 0.562628 -0.311906
vn -0.765606 0.562794 -0.311626
vn -0.765588 0.562827 -0.311609
vn -0.765603 0.562559 -0.312055
vn 0.763927 0.562698 0.315890
vn 0.763930 0.562695 0.315888
vn 0.764088 0.562563 0.315741
vn 0.764167 0.562492 0.315676
vn -0.263686 0.724298 0.637073
vn -0.263862 0.724035 0.637299
vn -0.263862 0.724036 0.637298
vn -0.263686 0.724298 0.637073
vn 0.261614 0.725149 -0.636959
vn 0.261670 0.725011 -0.637094
vn 0.261670 0.725011 -0.637094
vn 0.261614 0.725149 -0.636959
vn -0.764942 0.562277 -0.314180
vn -0.765049 0.562106 -0.314224
vn -0.765048 0.562108 -0.314224
vn -0.764915 0.562320 -0.314169
vn -0.764920 0.562311 -0.314171
vn -0.765070 0.562073 -0.314233
vn -0.765070 0.562073 -0.314233
vn -0.764914 0.562321 -0.314168
vn -0.765616 0.562703 -0.311765
vn -0.765642 0.562690 -0.311724
vn -0.765649 0.562728 -0.311637
vn -0.765621 0.562769 -0.311633
vn -0.263998 0.723886 0.637412
vn -0.263948 0.724337 0.636920
vn -0.263948 0.724337 0.636920
vn -0.263998 0.723886 0.637412
vn 0.764003 0.562578 0.315919
vn 0.764214 0.562241 0.316008
vn 0.764263 0.562204 0.315956
vn 0.764041 0.562576 0.315830
vn 0.764917 0.562317 0.314170
vn 0.765070 0.562073 0.314233
vn 0.765070 0.562073 0.314233
vn 0.764923 0.562307 0.314172
vn 0.764917 0.562316 0.314170
vn 0.765067 0.562078 0.314231
vn 0.765069 0.562075 0.314232
vn 0.764948 0.562267 0.314182
vn 0.000000 -1.000000 -0.000001
vn -0.001279 -0.999999 0.000853
vn 0.000001 -1.000000 -0.000004
vn 0.000000 -1.000000 -0.000000
vn 0.000001 -1.000000 -0.000002
vn 0.000000 -1.000000 -0.000000
vn 0.000003 -1.000000 -0.000007
vn -0.000001 -1.000000 0.000001
vn -0.000703 -0.999999 -0.000861
vn -0.001251 -0.999998 -0.001339
vn -0.002680 -0.999995 0.001444
vn 0.778401 0.000005 0.627767
vn 0.778390 0.000022 0.627780
vn 0.778405 0.000000 0.627762
vn 0.778408 0.000000 0.627759
vn -0.764859 0.562409 -0.314146
vn -0.764830 0.562454 -0.314134
vn -0.764905 0.562335 -0.314165
vn -0.765042 0.562117 -0.314221
vn 0.000000 1.000000 0.000000
vn 0.000000 1.000000 0.000000
vn 0.764911 0.562325 0.314167
vn 0.765049 0.562107 0.314224
vn 0.764862 0.562404 0.314147
vn 0.764830 0.562454 0.314134
vn 0.764681 0.562059 0.315203
vn 0.764676 0.562055 0.315221
vn 0.764707 0.562030 0.315190
vn 0.764912 0.561708 0.315267
vn -0.003557 0.999993 0.000921
vn -0.003557 0.999993 0.000921
vn -0.765660 0.561976 -0.312966
vn -0.765543 0.562185 -0.312878
vn -0.765652 0.561974 -0.312989
vn -0.765635 0.561991 -0.313001
vn -0.648547 -0.000001 0.761174
vn -0.648557 -0.000001 0.761166
vn -0.851076 -0.000001 0.525042
vn -0.851092 -0.000004 0.525017
vn -0.971670 -0.000001 0.236340
vn -0.971677 -0.000006 0.236314
vn -0.999390 -0.000001 0.034907
vn -0.999390 -0.000006 0.034915
vn -0.973061 0.000000 -0.230548
vn -0.973062 0.000000 -0.230544
vn -0.922043 0.000000 -0.387088
vn -0.922039 0.000000 -0.387096
vn -0.761645 0.000000 -0.647994
vn -0.761650 0.000000 -0.647989
vn -0.651715 0.000000 -0.758464
vn -0.651734 0.000000 -0.758448
vn -0.445062 0.000000 -0.895500
vn -0.445108 0.000000 -0.895477
vn -0.236350 0.000000 -0.971668
vn -0.236371 0.000000 -0.971663
vn 0.073692 0.000000 -0.997281
vn 0.073697 0.000000 -0.997281
s 1
g lata_ancha ancha_chapa
usemtl aiStandardSurface2SG
f 635/595/696 790/596/697 791/597/698 728/598/699
f 636/599/700 639/600/701 737/601/702 727/602/703
f 639/600/701 641/603/704 736/604/705 737/601/702
f 641/603/704 643/605/706 735/606/707 736/604/705
f 645/607/708 646/608/709 732/609/710 733/610/711
f 646/608/709 649/611/712 731/612/713 732/609/710
f 649/611/712 651/613/714 730/614/715 731/612/713
f 800/615/716 653/616/717 729/617/718 799/618/719
f 653/616/717 635/595/696 728/598/699 729/617/718
f 645/607/708 655/619/720 656/620/721 657/621/722
f 646/608/709 645/607/708 657/621/722 658/622/723
f 649/611/712 646/608/709 658/622/723 659/623/724
f 659/623/724 658/622/723 660/624/725 661/625/726
f 661/625/726 660/624/725 662/626/727 663/627/728
f 663/627/728 662/626/727 664/628/729 665/629/730
f 665/629/730 664/628/729 666/630/731 667/631/732
f 667/631/732 666/630/731 668/632/733 669/633/734
f 669/633/734 668/632/733 670/634/735 671/635/736
f 671/635/736 670/634/735 672/636/737 673/637/738
f 734/638/739 655/619/720 645/607/708 733/610/711
s 4
f 595/1120/740 774/640/741 786/641/742 787/1095/743
f 596/1096/744 775/644/745 776/645/746 597/1123/747
f 597/1123/747 776/645/746 777/647/748 598/1122/749
f 598/1122/749 777/647/748 778/649/750 628/650/751
f 599/651/752 780/652/753 781/653/754 600/654/755
f 600/654/755 781/653/754 782/655/756 601/1113/757
f 601/1113/757 782/655/756 783/657/758 602/1121/759
f 803/659/760 804/660/761 773/661/762 603/1094/763
f 603/1094/763 773/661/762 774/640/741 595/1120/740
f 599/651/752 613/1127/764 632/1126/765 629/665/766
f 600/654/755 614/1128/767 613/1127/764 599/651/752
f 601/1113/757 615/1112/768 614/1128/767 600/654/755
f 615/1112/768 619/1110/769 618/1111/770 614/1128/767
f 619/1110/769 617/1108/771 616/1109/772 618/1111/770
f 617/1108/771 621/1106/773 620/1107/774 616/1109/772
f 621/1106/773 623/1104/775 622/1105/776 620/1107/774
f 623/1104/775 625/1102/777 624/1103/778 622/1105/776
f 625/1102/777 627/1100/779 626/1101/780 624/1103/778
f 627/1100/779 634/1073/781 633/681/782 626/1101/780
f 779/682/783 780/652/753 599/651/752 629/665/766
s 6
f 595/639/784 787/642/785 788/683/786 699/684/787
s 7
f 785/685/788 604/1114/789 834/687/790 835/688/791
s 8
f 596/643/792 597/646/793 697/689/794 698/690/795
s 7
f 606/1119/796 605/1098/797 836/693/798 837/694/799
s 8
f 597/646/793 598/648/800 696/695/801 697/689/794
s 7
f 607/1118/802 606/1119/796 837/694/799 838/697/803
s 8
f 598/648/800 628/1089/804 695/698/805 696/695/801
s 7
f 630/699/806 607/1118/802 838/697/803 839/700/807
f 609/1117/808 608/1099/809 828/703/810 829/704/811
f 610/1116/812 609/1117/808 829/704/811 830/706/813
s 6
f 601/656/814 602/658/815 701/707/816 702/708/817
s 7
f 611/1115/818 610/1116/812 830/706/813 831/710/819
s 6
f 803/1093/820 603/662/821 700/711/822 802/712/823
s 7
f 612/1092/824 805/714/825 832/715/826 833/716/827
s 6
f 603/662/821 595/639/784 699/684/787 700/711/822
s 7
f 604/1114/789 612/1092/824 833/716/827 834/687/790
s 11
f 632/664/828 613/663/829 725/717/830 726/718/831
f 613/663/829 614/666/832 724/719/833 725/717/830
s 6
f 615/667/834 601/656/814 702/708/817 703/720/835
s 12
f 614/666/836 618/669/837 723/721/838 724/719/839
s 6
f 619/668/840 615/667/834 703/720/835 704/722/841
s 13
f 618/669/842 616/671/843 722/723/844 723/721/845
s 6
f 617/670/846 619/668/840 704/722/841 705/724/847
s 13
f 616/671/843 620/673/848 721/725/849 722/723/844
s 6
f 621/672/850 617/670/846 705/724/847 706/726/851
s 13
f 620/673/848 622/675/852 720/727/853 721/725/849
s 6
f 623/674/854 621/672/850 706/726/851 691/728/855
s 14
f 622/675/856 624/677/857 719/729/858 720/727/859
s 15
f 625/676/860 623/674/861 691/728/862 692/730/863
s 14
f 624/677/857 626/679/864 718/731/865 719/729/858
s 15
f 627/678/866 625/676/860 692/730/863 693/732/867
s 14
f 626/679/864 633/1071/868 717/733/869 718/731/865
s 15
f 634/680/870 627/678/866 693/732/867 694/734/871
s 7
f 608/1099/809 631/1061/872 827/736/873 828/703/810
s 15
f 676/737/874 675/738/875 667/631/876 669/633/877
f 677/739/878 676/737/874 669/633/877 671/635/879
f 678/740/880 677/739/878 671/635/879 673/637/881
s 8
f 680/741/882 679/742/883 643/605/884 641/603/885
f 681/743/886 680/741/882 641/603/885 639/600/887
f 682/744/888 681/743/886 639/600/887 636/599/889
s 6
f 683/745/890 789/746/891 790/596/892 635/595/893
f 684/747/894 683/745/890 635/595/893 653/616/895
f 801/748/896 684/747/894 653/616/895 800/615/897
f 686/749/898 685/750/899 651/613/900 649/611/901
f 687/751/902 686/749/898 649/611/901 659/623/903
f 688/752/904 687/751/902 659/623/903 661/625/905
f 689/753/906 688/752/904 661/625/905 663/627/907
f 690/754/908 689/753/906 663/627/907 665/629/909
f 675/738/910 690/754/908 665/629/909 667/631/911
s 15
f 692/730/863 691/728/862 675/738/875 676/737/874
f 693/732/867 692/730/863 676/737/874 677/739/878
f 694/734/871 693/732/867 677/739/878 678/740/880
s 8
f 696/695/801 695/698/805 679/742/883 680/741/882
f 697/689/794 696/695/801 680/741/882 681/743/886
f 698/690/795 697/689/794 681/743/886 682/744/888
s 6
f 699/684/787 788/683/786 789/746/891 683/745/890
f 700/711/822 699/684/787 683/745/890 684/747/894
f 802/712/823 700/711/822 684/747/894 801/748/896
f 702/708/817 701/707/816 685/750/899 686/749/898
f 703/720/835 702/708/817 686/749/898 687/751/902
f 704/722/841 703/720/835 687/751/902 688/752/904
f 705/724/847 704/722/841 688/752/904 689/753/906
f 706/726/851 705/724/847 689/753/906 690/754/908
f 691/728/855 706/726/851 690/754/908 675/738/910
s 14
f 708/755/912 707/756/913 672/636/914 670/634/915
f 709/757/916 708/755/912 670/634/915 668/632/917
f 710/758/918 709/757/916 668/632/917 666/630/919
s 13
f 711/759/920 710/758/921 666/630/922 664/628/923
f 712/760/924 711/759/920 664/628/923 662/626/925
f 713/761/926 712/760/924 662/626/925 660/624/927
s 12
f 714/762/928 713/761/929 660/624/930 658/622/931
s 11
f 715/763/932 714/762/933 658/622/934 657/621/935
f 716/764/936 715/763/932 657/621/935 656/620/937
s 14
f 718/731/865 717/733/869 707/756/913 708/755/912
f 719/729/858 718/731/865 708/755/912 709/757/916
f 720/727/859 719/729/858 709/757/916 710/758/918
s 13
f 721/725/849 720/727/938 710/758/921 711/759/920
f 722/723/844 721/725/849 711/759/920 712/760/924
f 723/721/845 722/723/844 712/760/924 713/761/926
s 12
f 724/719/839 723/721/838 713/761/929 714/762/928
s 11
f 725/717/830 724/719/833 714/762/933 715/763/932
f 726/718/831 725/717/830 715/763/932 716/764/936
s 17
f 750/765/939 794/766/940 795/767/941 752/768/942
f 753/769/943 750/765/939 752/768/942 754/770/944
f 811/771/945 753/769/943 754/770/944 810/772/946
s 1
f 731/612/713 730/614/715 739/773/947 740/774/948
f 732/609/710 731/612/713 740/774/948 741/775/949
f 733/610/711 732/609/710 741/775/949 742/776/950
f 743/777/951 734/638/739 733/610/711 742/776/950
f 736/604/705 735/606/707 744/778/952 745/779/953
f 737/601/702 736/604/705 745/779/953 746/780/954
f 727/602/703 737/601/702 746/780/954 747/781/955
f 807/782/956 738/783/957 654/784/958 806/785/959
f 740/774/948 739/773/947 652/786/960 650/787/961
f 741/775/949 740/774/948 650/787/961 647/788/962
f 742/776/950 741/775/949 647/788/962 648/789/963
f 674/790/964 743/777/951 742/776/950 648/789/963
f 745/779/953 744/778/952 644/791/965 642/792/966
f 746/780/954 745/779/953 642/792/966 640/793/967
f 747/781/955 746/780/954 640/793/967 637/794/968
f 748/795/969 798/796/970 784/797/971 638/798/972
f 738/783/957 748/795/969 638/798/972 654/784/958
s 19
f 728/598/973 791/597/974 792/799/975 767/800/976
s 20
f 727/602/977 747/781/978 765/801/979 766/802/980
s 21
f 798/796/981 748/795/982 772/803/983 797/804/984
s 22
f 729/617/985 728/598/986 767/800/987 768/805/988
s 23
f 748/795/989 738/783/990 771/806/991 772/803/992
s 24
f 813/807/993 799/618/994 729/617/995 768/805/996
s 25
f 738/783/997 807/782/998 808/808/999 771/806/1000
s 26
f 739/773/1001 730/614/1002 769/809/1003 770/810/1004
s 20
f 758/811/1005 757/812/1006 751/813/1007 749/814/1008
s 19
f 759/815/1009 793/816/1010 794/766/1011 750/765/1012
s 22
f 760/817/1013 759/815/1014 750/765/1015 753/769/1016
s 24
f 812/818/1017 760/817/1018 753/769/1019 811/771/1020
s 26
f 762/819/1021 761/820/1022 755/821/1023 756/822/1024
s 25
f 763/823/1025 809/824/1026 810/772/1027 754/770/1028
s 23
f 764/825/1029 763/823/1030 754/770/1031 752/768/1032
s 21
f 796/826/1033 764/825/1034 752/768/1035 795/767/1036
s 20
f 766/802/980 765/801/979 757/812/1006 758/811/1005
s 19
f 767/800/976 792/799/975 793/816/1010 759/815/1009
s 22
f 768/805/988 767/800/987 759/815/1014 760/817/1013
s 24
f 813/807/993 768/805/996 760/817/1018 812/818/1017
s 26
f 770/810/1004 769/809/1003 761/820/1022 762/819/1021
s 25
f 771/806/1000 808/808/999 809/824/1026 763/823/1025
s 23
f 772/803/992 771/806/991 763/823/1030 764/825/1029
s 21
f 797/804/984 772/803/983 764/825/1034 796/826/1033
s 4
f 773/661/762 612/713/1037 604/686/1038 774/640/741
f 786/641/742 774/640/741 604/686/1038 785/1097/1039
f 776/645/746 775/644/745 605/692/1040 606/691/1041
f 777/647/748 776/645/746 606/691/1041 607/696/1042
f 778/649/750 777/647/748 607/696/1042 630/1068/1043
f 631/735/1044 608/702/1045 780/652/753 779/682/783
f 781/653/754 780/652/753 608/702/1045 609/701/1046
f 782/655/756 781/653/754 609/701/1046 610/705/1047
f 783/657/758 782/655/756 610/705/1047 611/709/1048
f 773/661/762 804/660/761 805/1091/1049 612/713/1037
s 7
f 605/1098/797 785/685/788 835/688/791 836/693/798
s 4
f 775/644/745 786/641/742 785/1097/1039 605/692/1040
f 787/1095/743 786/641/742 775/644/745 596/1096/744
s 6
f 788/683/786 787/642/785 596/643/1050 698/690/1051
f 789/746/891 788/683/786 698/690/1051 682/744/1052
f 790/596/892 789/746/891 682/744/1052 636/599/1053
s 1
f 791/597/698 790/596/697 636/599/700 727/602/703
s 19
f 792/799/975 791/597/974 727/602/1054 766/802/1055
f 793/816/1010 792/799/975 766/802/1055 758/811/1056
f 794/766/1011 793/816/1010 758/811/1056 749/814/1057
s 17
f 795/767/941 794/766/940 749/814/1058 751/813/1059
s 21
f 757/812/1060 796/826/1033 795/767/1036 751/813/1061
f 765/801/1062 797/804/984 796/826/1033 757/812/1060
f 747/781/1063 798/796/981 797/804/984 765/801/1062
s 1
f 784/797/971 798/796/970 747/781/955 637/794/968
f 651/613/714 800/615/716 799/618/719 730/614/715
s 6
f 685/750/899 801/748/896 800/615/897 651/613/900
f 701/707/816 802/712/823 801/748/896 685/750/899
f 602/658/815 803/1093/820 802/712/823 701/707/816
s 4
f 602/1121/759 783/657/758 804/660/761 803/659/760
f 805/1091/1049 804/660/761 783/657/758 611/709/1048
s 7
f 832/715/826 805/714/825 611/1115/818 831/710/819
s 1
f 739/773/947 807/782/956 806/785/959 652/786/960
s 25
f 808/808/999 807/782/998 739/773/1064 770/810/1065
f 809/824/1026 808/808/999 770/810/1065 762/819/1066
f 810/772/1027 809/824/1026 762/819/1066 756/822/1067
s 17
f 755/821/1068 811/771/945 810/772/946 756/822/1069
s 24
f 761/820/1070 812/818/1017 811/771/1020 755/821/1071
f 769/809/1072 813/807/993 812/818/1017 761/820/1070
f 730/614/1073 799/618/994 813/807/993 769/809/1072
s 7
f 815/827/1074 814/828/1075 674/790/1076 648/789/1077
f 816/829/1078 815/827/1074 648/789/1077 647/788/1079
f 817/830/1080 816/829/1078 647/788/1079 650/787/1081
f 818/831/1082 817/830/1080 650/787/1081 652/786/1083
f 806/785/1084 819/832/1085 818/831/1082 652/786/1083
f 820/833/1086 819/832/1085 806/785/1084 654/784/1087
f 821/834/1088 820/833/1086 654/784/1087 638/798/1089
f 822/835/1090 821/834/1088 638/798/1089 784/797/1091
f 823/836/1092 822/835/1090 784/797/1091 637/794/1093
f 824/837/1094 823/836/1092 637/794/1093 640/793/1095
f 825/838/1096 824/837/1094 640/793/1095 642/792/1097
f 826/839/1098 825/838/1096 642/792/1097 644/791/1099
f 828/703/810 827/736/873 814/828/1075 815/827/1074
f 829/704/811 828/703/810 815/827/1074 816/829/1078
f 830/706/813 829/704/811 816/829/1078 817/830/1080
f 831/710/819 830/706/813 817/830/1080 818/831/1082
f 819/832/1085 832/715/826 831/710/819 818/831/1082
f 833/716/827 832/715/826 819/832/1085 820/833/1086
f 834/687/790 833/716/827 820/833/1086 821/834/1088
f 835/688/791 834/687/790 821/834/1088 822/835/1090
f 836/693/798 835/688/791 822/835/1090 823/836/1092
f 837/694/799 836/693/798 823/836/1092 824/837/1094
f 838/697/803 837/694/799 824/837/1094 825/838/1096
f 839/700/807 838/697/803 825/838/1096 826/839/1098
s 1
f 873/840/1100 951/841/1101 1008/842/1102 1007/843/1103
f 874/844/1104 950/845/1105 958/846/1106 877/847/1107
f 877/847/1107 958/846/1106 957/848/1108 879/849/1109
f 879/849/1109 957/848/1108 735/606/707 643/605/706
f 881/850/1110 956/851/1111 955/852/1112 882/853/1113
f 882/853/1113 955/852/1112 954/854/1114 885/855/1115
f 885/855/1115 954/854/1114 953/856/1116 887/857/1117
f 1017/858/1118 1016/859/1119 952/860/1120 889/861/1121
f 889/861/1121 952/860/1120 951/841/1101 873/840/1100
f 881/850/1110 891/862/1122 656/620/721 655/619/720
f 882/853/1113 892/863/1123 891/862/1122 881/850/1110
f 885/855/1115 893/864/1124 892/863/1123 882/853/1113
f 893/864/1124 895/865/1125 894/866/1126 892/863/1123
f 895/865/1125 897/867/1127 896/868/1128 894/866/1126
f 897/867/1127 899/869/1129 898/870/1130 896/868/1128
f 899/869/1129 901/871/1131 900/872/1132 898/870/1130
f 901/871/1131 903/873/1133 902/874/1134 900/872/1132
f 903/873/1133 905/875/1135 904/876/1136 902/874/1134
f 905/875/1135 673/637/738 672/636/737 904/876/1136
f 734/638/739 956/851/1111 881/850/1110 655/619/720
s 4
f 840/1087/1137 1004/1057/1138 1003/879/1139 993/880/1140
f 841/881/1141 842/1090/1142 995/883/1143 994/884/1144
f 842/1090/1142 843/1088/1145 996/886/1146 995/883/1143
f 843/1088/1145 628/650/751 778/649/750 996/886/1146
f 844/887/1147 845/888/1148 998/889/1149 997/890/1150
f 845/888/1148 846/1085/1151 999/892/1152 998/889/1149
f 846/1085/1151 847/1055/1153 1000/894/1154 999/892/1152
f 1020/895/1155 848/1086/1156 992/897/1157 1021/898/1158
f 848/1086/1156 840/1087/1137 993/880/1140 992/897/1157
f 844/887/1147 629/665/766 632/1126/765 858/1125/1159
f 845/888/1148 844/887/1147 858/1125/1159 859/1124/1160
f 846/1085/1151 845/888/1148 859/1124/1160 860/1084/1161
f 860/1084/1161 859/1124/1160 863/1082/1162 864/1083/1163
f 864/1083/1163 863/1082/1162 861/1080/1164 862/1081/1165
f 862/1081/1165 861/1080/1164 865/1078/1166 866/1079/1167
f 866/1079/1167 865/1078/1166 867/1076/1168 868/1077/1169
f 868/1077/1169 867/1076/1168 869/1074/1170 870/1075/1171
f 870/1075/1171 869/1074/1170 871/1070/1172 872/1072/1173
f 872/1072/1173 871/1070/1172 633/681/782 634/1073/781
f 779/682/783 629/665/766 844/887/1147 997/890/1150
s 31
f 840/877/1174 926/914/1175 1005/915/1176 1004/878/1177
s 7
f 1002/1059/1178 1049/917/1179 1048/918/1180 849/1064/1181
s 8
f 841/1058/1182 925/920/1183 924/921/1184 842/882/1185
s 7
f 851/1069/1186 1051/923/1187 1050/924/1188 850/925/1189
s 8
f 842/882/1185 924/921/1184 923/926/1190 843/885/1191
s 7
f 852/1067/1192 1052/928/1193 1051/923/1187 851/1069/1186
s 8
f 843/885/1191 923/926/1190 695/698/805 628/1089/804
s 7
f 630/699/806 839/700/807 1052/928/1193 852/1067/1192
f 854/1066/1194 1043/930/1195 1042/931/1196 853/1062/1197
f 855/1065/1198 1044/934/1199 1043/930/1195 854/1066/1194
s 31
f 846/891/1200 929/935/1201 928/936/1202 847/893/1203
s 7
f 856/1053/1204 1045/938/1205 1044/934/1199 855/1065/1198
s 31
f 1020/1056/1206 1019/939/1207 927/940/1208 848/896/1209
s 7
f 857/1063/1210 1047/942/1211 1046/943/1212 1022/944/1213
s 31
f 848/896/1209 927/940/1208 926/914/1175 840/877/1174
s 7
f 849/1064/1181 1048/918/1180 1047/942/1211 857/1063/1210
s 11
f 632/664/828 726/718/831 949/945/1214 858/899/1215
f 858/899/1215 949/945/1214 948/946/1216 859/900/1217
s 31
f 860/901/1218 930/947/1219 929/935/1201 846/891/1200
s 37
f 859/900/1220 948/946/1221 947/948/1222 863/902/1223
s 31
f 864/903/1224 931/949/1225 930/947/1219 860/901/1218
s 38
f 863/902/1226 947/948/1227 946/950/1228 861/904/1229
s 31
f 862/905/1230 932/951/1231 931/949/1225 864/903/1224
s 38
f 861/904/1229 946/950/1228 945/952/1232 865/906/1233
s 31
f 866/907/1234 933/953/1235 932/951/1231 862/905/1230
s 38
f 865/906/1233 945/952/1232 944/954/1236 867/908/1237
s 31
f 868/909/1238 920/955/1239 933/953/1235 866/907/1234
s 14
f 867/908/1240 944/954/1241 943/956/1242 869/910/1243
s 15
f 870/911/1244 921/957/1245 920/955/1246 868/909/1247
s 14
f 869/910/1243 943/956/1242 942/958/1248 871/912/1249
s 15
f 872/913/1250 922/959/1251 921/957/1245 870/911/1244
s 14
f 871/912/1249 942/958/1248 717/733/869 633/1071/868
s 15
f 634/680/870 694/734/871 922/959/1251 872/913/1250
s 7
f 853/1062/1197 1042/931/1196 827/736/873 631/1061/872
s 15
f 907/960/1252 903/873/1253 901/871/1254 906/961/1255
f 908/962/1256 905/875/1257 903/873/1253 907/960/1252
f 678/740/880 673/637/881 905/875/1257 908/962/1256
s 8
f 909/963/1258 879/849/1259 643/605/884 679/742/883
f 910/964/1260 877/847/1261 879/849/1259 909/963/1258
f 911/965/1262 874/844/1263 877/847/1261 910/964/1260
s 31
f 912/966/1264 873/840/1265 1007/843/1266 1006/967/1267
f 913/968/1268 889/861/1269 873/840/1265 912/966/1264
f 1018/969/1270 1017/858/1271 889/861/1269 913/968/1268
f 915/970/1272 885/855/1273 887/857/1274 914/971/1275
f 916/972/1276 893/864/1277 885/855/1273 915/970/1272
f 917/973/1278 895/865/1279 893/864/1277 916/972/1276
f 918/974/1280 897/867/1281 895/865/1279 917/973/1278
f 919/975/1282 899/869/1283 897/867/1281 918/974/1280
f 906/961/1284 901/871/1285 899/869/1283 919/975/1282
s 15
f 921/957/1245 907/960/1252 906/961/1255 920/955/1246
f 922/959/1251 908/962/1256 907/960/1252 921/957/1245
f 694/734/871 678/740/880 908/962/1256 922/959/1251
s 8
f 923/926/1190 909/963/1258 679/742/883 695/698/805
f 924/921/1184 910/964/1260 909/963/1258 923/926/1190
f 925/920/1183 911/965/1262 910/964/1260 924/921/1184
s 31
f 926/914/1175 912/966/1264 1006/967/1267 1005/915/1176
f 927/940/1208 913/968/1268 912/966/1264 926/914/1175
f 1019/939/1207 1018/969/1270 913/968/1268 927/940/1208
f 929/935/1201 915/970/1272 914/971/1275 928/936/1202
f 930/947/1219 916/972/1276 915/970/1272 929/935/1201
f 931/949/1225 917/973/1278 916/972/1276 930/947/1219
f 932/951/1231 918/974/1280 917/973/1278 931/949/1225
f 933/953/1235 919/975/1282 918/974/1280 932/951/1231
f 920/955/1239 906/961/1284 919/975/1282 933/953/1235
s 14
f 934/976/1286 904/876/1287 672/636/914 707/756/913
f 935/977/1288 902/874/1289 904/876/1287 934/976/1286
f 936/978/1290 900/872/1291 902/874/1289 935/977/1288
s 38
f 937/979/1292 898/870/1293 900/872/1294 936/978/1295
f 938/980/1296 896/868/1297 898/870/1293 937/979/1292
f 939/981/1298 894/866/1299 896/868/1297 938/980/1296
s 37
f 940/982/1300 892/863/1301 894/866/1302 939/981/1303
s 11
f 941/983/1304 891/862/1305 892/863/1306 940/982/1307
f 716/764/936 656/620/937 891/862/1305 941/983/1304
s 14
f 942/958/1248 934/976/1286 707/756/913 717/733/869
f 943/956/1242 935/977/1288 934/976/1286 942/958/1248
f 944/954/1241 936/978/1290 935/977/1288 943/956/1242
s 38
f 945/952/1232 937/979/1292 936/978/1295 944/954/1308
f 946/950/1228 938/980/1296 937/979/1292 945/952/1232
f 947/948/1227 939/981/1298 938/980/1296 946/950/1228
s 37
f 948/946/1221 940/982/1300 939/981/1303 947/948/1222
s 11
f 949/945/1214 941/983/1304 940/982/1307 948/946/1216
f 726/718/831 716/764/936 941/983/1304 949/945/1214
s 45
f 969/984/1309 971/985/1310 1012/986/1311 1011/987/1312
f 972/988/1313 973/989/1314 971/985/1310 969/984/1309
f 1028/990/1315 1027/991/1316 973/989/1314 972/988/1313
s 1
f 954/854/1114 961/992/1317 960/993/1318 953/856/1116
f 955/852/1112 962/994/1319 961/992/1317 954/854/1114
f 956/851/1111 963/995/1320 962/994/1319 955/852/1112
f 743/777/951 963/995/1320 956/851/1111 734/638/739
f 957/848/1108 964/996/1321 744/778/952 735/606/707
f 958/846/1106 965/997/1322 964/996/1321 957/848/1108
f 950/845/1105 966/998/1323 965/997/1322 958/846/1106
f 1024/999/1324 1023/1000/1325 890/1001/1326 959/1002/1327
f 961/992/1317 886/1003/1328 888/1004/1329 960/993/1318
f 962/994/1319 883/1005/1330 886/1003/1328 961/992/1317
f 963/995/1320 884/1006/1331 883/1005/1330 962/994/1319
f 674/790/964 884/1006/1331 963/995/1320 743/777/951
f 964/996/1321 880/1007/1332 644/791/965 744/778/952
f 965/997/1322 878/1008/1333 880/1007/1332 964/996/1321
f 966/998/1323 875/1009/1334 878/1008/1333 965/997/1322
f 967/1010/1335 876/1011/1336 1001/1012/1337 1015/1013/1338
f 959/1002/1327 890/1001/1326 876/1011/1336 967/1010/1335
s 47
f 951/841/1339 986/1014/1340 1009/1015/1341 1008/842/1342
s 48
f 950/845/1343 985/1016/1344 984/1017/1345 966/998/1346
s 49
f 1015/1013/1347 1014/1018/1348 991/1019/1349 967/1010/1350
s 50
f 952/860/1351 987/1020/1352 986/1014/1353 951/841/1354
s 51
f 967/1010/1355 991/1019/1356 990/1021/1357 959/1002/1358
s 52
f 1030/1022/1359 987/1020/1360 952/860/1361 1016/859/1362
s 53
f 959/1002/1363 990/1021/1364 1025/1023/1365 1024/999/1366
s 54
f 960/993/1367 989/1024/1368 988/1025/1369 953/856/1370
s 48
f 977/1026/1371 968/1027/1372 970/1028/1373 976/1029/1374
s 47
f 978/1030/1375 969/984/1376 1011/987/1377 1010/1031/1378
s 50
f 979/1032/1379 972/988/1380 969/984/1381 978/1030/1382
s 52
f 1029/1033/1383 1028/990/1384 972/988/1385 979/1032/1386
s 54
f 981/1034/1387 975/1035/1388 974/1036/1389 980/1037/1390
s 53
f 982/1038/1391 973/989/1392 1027/991/1393 1026/1039/1394
s 51
f 983/1040/1395 971/985/1396 973/989/1397 982/1038/1398
s 49
f 1013/1041/1399 1012/986/1400 971/985/1401 983/1040/1402
s 48
f 985/1016/1344 977/1026/1371 976/1029/1374 984/1017/1345
s 47
f 986/1014/1340 978/1030/1375 1010/1031/1378 1009/1015/1341
s 50
f 987/1020/1352 979/1032/1379 978/1030/1382 986/1014/1353
s 52
f 1030/1022/1359 1029/1033/1383 979/1032/1386 987/1020/1360
s 54
f 989/1024/1368 981/1034/1387 980/1037/1390 988/1025/1369
s 53
f 990/1021/1364 982/1038/1391 1026/1039/1394 1025/1023/1365
s 51
f 991/1019/1356 983/1040/1395 982/1038/1398 990/1021/1357
s 49
f 1014/1018/1348 1013/1041/1399 983/1040/1402 991/1019/1349
s 4
f 992/897/1157 993/880/1140 849/919/1403 857/941/1404
f 1003/879/1139 1002/916/1405 849/919/1403 993/880/1140
f 995/883/1143 851/922/1406 850/1060/1407 994/884/1144
f 996/886/1146 852/927/1408 851/922/1406 995/883/1143
f 778/649/750 630/1068/1043 852/927/1408 996/886/1146
f 631/735/1044 779/682/783 997/890/1150 853/932/1409
f 998/889/1149 854/929/1410 853/932/1409 997/890/1150
f 999/892/1152 855/933/1411 854/929/1410 998/889/1149
f 1000/894/1154 856/937/1412 855/933/1411 999/892/1152
f 992/897/1157 857/941/1404 1022/1054/1413 1021/898/1158
s 7
f 850/925/1189 1050/924/1188 1049/917/1179 1002/1059/1178
s 4
f 994/884/1144 850/1060/1407 1002/916/1405 1003/879/1139
f 1004/1057/1138 841/881/1141 994/884/1144 1003/879/1139
s 31
f 1005/915/1176 925/920/1414 841/1058/1415 1004/878/1177
f 1006/967/1267 911/965/1416 925/920/1414 1005/915/1176
f 1007/843/1266 874/844/1417 911/965/1416 1006/967/1267
s 1
f 1008/842/1102 950/845/1105 874/844/1104 1007/843/1103
s 47
f 1009/1015/1341 985/1016/1418 950/845/1419 1008/842/1342
f 1010/1031/1378 977/1026/1420 985/1016/1418 1009/1015/1341
f 1011/987/1377 968/1027/1421 977/1026/1420 1010/1031/1378
s 45
f 1012/986/1311 970/1028/1422 968/1027/1423 1011/987/1312
s 49
f 976/1029/1424 970/1028/1425 1012/986/1400 1013/1041/1399
f 984/1017/1426 976/1029/1424 1013/1041/1399 1014/1018/1348
f 966/998/1427 984/1017/1426 1014/1018/1348 1015/1013/1347
s 1
f 1001/1012/1337 875/1009/1334 966/998/1323 1015/1013/1338
f 887/857/1117 953/856/1116 1016/859/1119 1017/858/1118
s 31
f 914/971/1275 887/857/1274 1017/858/1271 1018/969/1270
f 928/936/1202 914/971/1275 1018/969/1270 1019/939/1207
f 847/893/1203 928/936/1202 1019/939/1207 1020/1056/1206
s 4
f 847/1055/1153 1020/895/1155 1021/898/1158 1000/894/1154
f 1022/1054/1413 856/937/1412 1000/894/1154 1021/898/1158
s 7
f 1046/943/1212 1045/938/1205 856/1053/1204 1022/944/1213
s 1
f 960/993/1318 888/1004/1329 1023/1000/1325 1024/999/1324
s 53
f 1025/1023/1365 989/1024/1428 960/993/1429 1024/999/1366
f 1026/1039/1394 981/1034/1430 989/1024/1428 1025/1023/1365
f 1027/991/1393 975/1035/1431 981/1034/1430 1026/1039/1394
s 45
f 974/1036/1432 975/1035/1433 1027/991/1316 1028/990/1315
s 52
f 980/1037/1434 974/1036/1435 1028/990/1384 1029/1033/1383
f 988/1025/1436 980/1037/1434 1029/1033/1383 1030/1022/1359
f 953/856/1437 988/1025/1436 1030/1022/1359 1016/859/1362
s 7
f 1031/1042/1438 884/1006/1439 674/790/1076 814/828/1075
f 1032/1043/1440 883/1005/1441 884/1006/1439 1031/1042/1438
f 1033/1044/1442 886/1003/1443 883/1005/1441 1032/1043/1440
f 1034/1045/1444 888/1004/1445 886/1003/1443 1033/1044/1442
f 1023/1000/1446 888/1004/1445 1034/1045/1444 1035/1046/1447
f 1036/1047/1448 890/1001/1449 1023/1000/1446 1035/1046/1447
f 1037/1048/1450 876/1011/1451 890/1001/1449 1036/1047/1448
f 1038/1049/1452 1001/1012/1453 876/1011/1451 1037/1048/1450
f 1039/1050/1454 875/1009/1455 1001/1012/1453 1038/1049/1452
f 1040/1051/1456 878/1008/1457 875/1009/1455 1039/1050/1454
f 1041/1052/1458 880/1007/1459 878/1008/1457 1040/1051/1456
f 826/839/1098 644/791/1099 880/1007/1459 1041/1052/1458
f 1042/931/1196 1031/1042/1438 814/828/1075 827/736/873
f 1043/930/1195 1032/1043/1440 1031/1042/1438 1042/931/1196
f 1044/934/1199 1033/1044/1442 1032/1043/1440 1043/930/1195
f 1045/938/1205 1034/1045/1444 1033/1044/1442 1044/934/1199
f 1035/1046/1447 1034/1045/1444 1045/938/1205 1046/943/1212
f 1047/942/1211 1036/1047/1448 1035/1046/1447 1046/943/1212
f 1048/918/1180 1037/1048/1450 1036/1047/1448 1047/942/1211
f 1049/917/1179 1038/1049/1452 1037/1048/1450 1048/918/1180
f 1050/924/1188 1039/1050/1454 1038/1049/1452 1049/917/1179
f 1051/923/1187 1040/1051/1456 1039/1050/1454 1050/924/1188
f 1052/928/1193 1041/1052/1458 1040/1051/1456 1051/923/1187
f 839/700/807 826/839/1098 1041/1052/1458 1052/928/1193
g default
v -7.519023 5.569759 1.425740
v -7.516709 5.569759 1.454064
v -7.505755 5.569759 1.480287
v -7.487234 5.569759 1.501842
v -7.462959 5.569759 1.516619
v -7.435305 5.569759 1.523170
v -7.406981 5.569759 1.520856
v -7.380758 5.569759 1.509903
v -7.359203 5.569759 1.491382
v -7.344426 5.569759 1.467106
v -7.337874 5.569759 1.439453
v -7.340189 5.569759 1.411128
v -7.351142 5.569759 1.384905
v -7.369663 5.569759 1.363351
v -7.393939 5.569759 1.348574
v -7.421592 5.569759 1.342022
v -7.449916 5.569759 1.344336
v -7.476140 5.569759 1.355290
v -7.497694 5.569759 1.373811
v -7.512471 5.569759 1.398086
v -7.463215 5.569759 1.429964
v -7.462327 5.569759 1.440837
v -7.428449 5.569759 1.432596
v -7.458122 5.569759 1.450902
v -7.451013 5.569759 1.459176
v -7.441695 5.569759 1.464848
v -7.431080 5.569759 1.467363
v -7.420208 5.569759 1.466474
v -7.410143 5.569759 1.462270
v -7.401869 5.569759 1.455161
v -7.396197 5.569759 1.445843
v -7.393682 5.569759 1.435228
v -7.394571 5.569759 1.424356
v -7.398775 5.569759 1.414290
v -7.405884 5.569759 1.406017
v -7.415202 5.569759 1.400345
v -7.425817 5.569759 1.397830
v -7.436689 5.569759 1.398718
v -7.446754 5.569759 1.402923
v -7.455028 5.569759 1.410032
v -7.460700 5.569759 1.419350
v -7.346642 5.569759 1.466196
v -7.361029 5.569759 1.489831
v -7.382015 5.569759 1.507864
v -7.407547 5.569759 1.518528
v -7.435124 5.569759 1.520782
v -7.462048 5.569759 1.514403
v -7.485683 5.569759 1.500016
v -7.503716 5.569759 1.479030
v -7.514381 5.569759 1.453498
v -7.516634 5.569759 1.425921
v -7.510255 5.569759 1.398997
v -7.495868 5.569759 1.375362
v -7.474882 5.569759 1.357329
v -7.449350 5.569759 1.346664
v -7.421773 5.569759 1.344411
v -7.394849 5.569759 1.350790
v -7.371214 5.569759 1.365177
v -7.353181 5.569759 1.386163
v -7.342516 5.569759 1.411695
v -7.340263 5.569759 1.439272
v -7.337874 5.567112 1.439453
v -7.344426 5.567112 1.467106
v -7.359203 5.567112 1.491382
v -7.380758 5.567112 1.509903
v -7.406981 5.567112 1.520856
v -7.435305 5.567112 1.523170
v -7.462959 5.567112 1.516619
v -7.487234 5.567112 1.501842
v -7.505755 5.567112 1.480287
v -7.516709 5.567112 1.454064
v -7.519023 5.567112 1.425740
v -7.512471 5.567112 1.398086
v -7.497694 5.567112 1.373811
v -7.476140 5.567112 1.355290
v -7.449916 5.567112 1.344336
v -7.421592 5.567112 1.342022
v -7.393939 5.567112 1.348574
v -7.369663 5.567112 1.363351
v -7.351142 5.567112 1.384905
v -7.340189 5.567112 1.411128
vt 0.684669 0.611821
vt 0.686029 0.609159
vt 0.682553 0.613933
vt 0.679888 0.615287
vt 0.676935 0.615752
vt 0.673982 0.615281
vt 0.671320 0.613921
vt 0.669209 0.611805
vt 0.667855 0.609140
vt 0.667390 0.606186
vt 0.667861 0.603234
vt 0.669221 0.600572
vt 0.671337 0.598461
vt 0.674002 0.597106
vt 0.676955 0.596642
vt 0.679908 0.597113
vt 0.682570 0.598473
vt 0.684681 0.600589
vt 0.686035 0.603254
vt 0.686500 0.606207
vt 0.680333 0.607302
vt 0.679826 0.608295
vt 0.676945 0.606197
vt 0.679037 0.609082
vt 0.678043 0.609588
vt 0.676941 0.609761
vt 0.675840 0.609585
vt 0.674847 0.609078
vt 0.674059 0.608288
vt 0.673554 0.607294
vt 0.673381 0.606193
vt 0.673557 0.605092
vt 0.674064 0.604099
vt 0.674853 0.603311
vt 0.675847 0.602806
vt 0.676949 0.602633
vt 0.678050 0.602808
vt 0.679043 0.603316
vt 0.679831 0.604105
vt 0.680336 0.605099
vt 0.680509 0.606201
vt 0.685772 0.609076
vt 0.684451 0.611663
vt 0.684253 0.611519
vt 0.685540 0.609000
vt 0.682394 0.613715
vt 0.682250 0.613516
vt 0.679804 0.615031
vt 0.679729 0.614798
vt 0.676935 0.615482
vt 0.676935 0.615237
vt 0.674066 0.615024
vt 0.674142 0.614791
vt 0.671479 0.613702
vt 0.671623 0.613505
vt 0.669427 0.611646
vt 0.669625 0.611502
vt 0.668111 0.609056
vt 0.668344 0.608981
vt 0.667660 0.606186
vt 0.667905 0.606187
vt 0.668118 0.603318
vt 0.668350 0.603394
vt 0.669439 0.600731
vt 0.669637 0.600875
vt 0.671496 0.598679
vt 0.671640 0.598877
vt 0.674086 0.597363
vt 0.674161 0.597596
vt 0.676955 0.596912
vt 0.676955 0.597157
vt 0.679824 0.597369
vt 0.679748 0.597602
vt 0.682411 0.598691
vt 0.682267 0.598889
vt 0.684463 0.600748
vt 0.684265 0.600891
vt 0.685779 0.603337
vt 0.685546 0.603413
vt 0.686230 0.606207
vt 0.685985 0.606207
vn 0.000000 1.000000 -0.000000
vn 0.000000 1.000000 -0.000000
vn 0.000000 1.000000 -0.000000
vn 0.000000 1.000000 -0.000000
vn 0.000000 1.000000 -0.000000
vn -0.000000 1.000000 0.000000
vn -0.000000 1.000000 0.000000
vn 0.000000 1.000000 -0.000000
vn 0.000000 1.000000 -0.000000
vn 0.000000 1.000000 -0.000000
vn 0.000000 1.000000 -0.000000
vn 0.000000 1.000000 -0.000000
vn 0.000000 1.000000 -0.000000
vn 0.000000 1.000000 -0.000000
vn 0.000000 1.000000 -0.000000
vn 0.000000 1.000000 -0.000000
vn 0.000000 1.000000 -0.000000
vn 0.000000 1.000000 -0.000000
vn 0.000000 1.000000 -0.000000
vn 0.000000 1.000000 -0.000000
vn 0.000000 1.000000 -0.000000
vn 0.000000 1.000000 -0.000000
vn 0.000000 1.000000 -0.000000
vn 0.000000 1.000000 -0.000000
vn 0.000000 1.000000 -0.000000
vn 0.000000 1.000000 -0.000000
vn 0.000000 1.000000 -0.000000
vn 0.000000 1.000000 -0.000000
vn 0.000000 1.000000 -0.000000
vn 0.000000 1.000000 -0.000000
vn 0.000000 1.000000 -0.000000
vn 0.000000 1.000000 -0.000000
vn 0.000000 1.000000 -0.000000
vn 0.000000 1.000000 -0.000000
vn 0.000000 1.000000 -0.000000
vn -0.000000 1.000000 0.000000
vn -0.000000 1.000000 0.000000
vn -0.000000 1.000000 0.000000
vn -0.000000 1.000000 0.000000
vn 0.000000 1.000000 -0.000000
vn 0.000000 1.000000 -0.000000
vn 0.000000 1.000000 -0.000000
vn 0.000000 1.000000 -0.000000
vn 0.000000 1.000000 -0.000000
vn 0.000000 1.000000 -0.000000
vn 0.000000 1.000000 -0.000000
vn 0.000000 1.000000 -0.000000
vn 0.000000 1.000000 -0.000000
vn 0.000000 1.000000 -0.000000
vn 0.000000 1.000000 -0.000000
vn 0.000000 1.000000 -0.000000
vn 0.000000 1.000000 -0.000000
vn 0.000000 1.000000 -0.000000
vn 0.000000 1.000000 -0.000000
vn 0.000000 1.000000 -0.000000
vn 0.000000 1.000000 -0.000000
vn 0.000000 1.000000 -0.000000
vn 0.000000 1.000000 -0.000000
vn 0.000000 1.000000 -0.000000
vn 0.000000 1.000000 -0.000000
vn 0.000000 1.000000 -0.000000
vn 0.000000 1.000000 -0.000000
vn 0.000000 1.000000 -0.000000
vn 0.000000 1.000000 -0.000000
vn 0.000000 1.000000 -0.000000
vn 0.000000 1.000000 -0.000000
vn 0.000000 1.000000 -0.000000
vn 0.000000 1.000000 -0.000000
vn 0.000000 1.000000 -0.000000
vn 0.000000 1.000000 -0.000000
vn 0.000000 1.000000 -0.000000
vn 0.000000 1.000000 -0.000000
vn 0.000000 1.000000 -0.000000
vn 0.000000 1.000000 -0.000000
vn 0.000000 1.000000 -0.000000
vn 0.000000 1.000000 -0.000000
vn 0.000000 1.000000 -0.000000
vn -0.000000 1.000000 0.000000
vn -0.000000 1.000000 0.000000
vn -0.000000 1.000000 0.000000
vn -0.000000 1.000000 0.000000
vn 0.000000 1.000000 -0.000000
vn 0.000000 1.000000 -0.000000
vn 0.000000 1.000000 -0.000000
vn 0.000000 1.000000 -0.000000
vn 0.000000 1.000000 -0.000000
vn 0.000000 1.000000 -0.000000
vn 0.000000 1.000000 -0.000000
vn 0.000000 1.000000 -0.000000
vn 0.000000 1.000000 -0.000000
vn 0.000000 1.000000 -0.000000
vn 0.000000 1.000000 -0.000000
vn 0.000000 1.000000 -0.000000
vn 0.000000 1.000000 -0.000000
vn 0.000000 1.000000 -0.000000
vn -0.000000 1.000000 0.000000
vn -0.000000 1.000000 0.000000
vn 0.000000 1.000000 -0.000000
vn 0.000000 1.000000 -0.000000
vn 0.000000 1.000000 -0.000000
vn 0.000000 1.000000 -0.000000
vn 0.000000 1.000000 -0.000000
vn 0.000000 1.000000 -0.000000
vn 0.000000 1.000000 -0.000000
vn 0.000000 1.000000 -0.000000
vn 0.000000 1.000000 -0.000000
vn 0.000000 1.000000 -0.000000
vn 0.000000 1.000000 -0.000000
vn 0.000000 1.000000 -0.000000
vn 0.000000 1.000000 -0.000000
vn 0.000000 1.000000 -0.000000
vn -0.000000 1.000000 0.000000
vn -0.000000 1.000000 0.000000
vn 0.000000 1.000000 -0.000000
vn 0.000000 1.000000 -0.000000
vn 0.000000 1.000000 -0.000000
vn 0.000000 1.000000 -0.000000
vn 0.000000 1.000000 -0.000000
vn 0.000000 1.000000 -0.000000
vn 0.000000 1.000000 -0.000000
vn 0.000000 1.000000 -0.000000
vn -0.000000 1.000000 0.000000
vn -0.000000 1.000000 0.000000
vn 0.000000 1.000000 -0.000000
vn 0.000000 1.000000 -0.000000
vn 0.000000 1.000000 -0.000000
vn 0.000000 1.000000 -0.000000
vn 0.000000 1.000000 -0.000000
vn 0.000000 1.000000 -0.000000
vn -0.000000 1.000000 0.000000
vn -0.000000 1.000000 0.000000
vn 0.000000 1.000000 -0.000000
vn 0.000000 1.000000 -0.000000
vn 0.000000 1.000000 -0.000000
vn 0.000000 1.000000 -0.000000
vn 0.000000 1.000000 -0.000000
vn 0.000000 1.000000 -0.000000
vn 0.000000 1.000000 -0.000000
vn 0.000000 1.000000 -0.000000
vn 0.000000 1.000000 -0.000000
vn 0.000000 1.000000 -0.000000
vn 0.925017 -0.000000 0.379927
vn 0.997147 -0.000000 0.075486
vn 0.997147 -0.000000 0.075486
vn 0.925017 -0.000000 0.379927
vn 0.762339 0.000000 0.647177
vn 0.762339 0.000000 0.647177
vn 0.525039 -0.000001 0.851078
vn 0.525039 -0.000001 0.851078
vn 0.236345 -0.000002 0.971669
vn 0.236344 -0.000002 0.971669
vn -0.075486 -0.000002 0.997147
vn -0.075486 -0.000002 0.997147
vn -0.379926 -0.000001 0.925017
vn -0.379926 -0.000001 0.925017
vn -0.647177 -0.000000 0.762340
vn -0.647177 -0.000000 0.762339
vn -0.851078 -0.000000 0.525039
vn -0.851078 -0.000000 0.525039
vn -0.971669 0.000000 0.236344
vn -0.971669 0.000000 0.236344
vn -0.997147 0.000000 -0.075487
vn -0.997147 0.000000 -0.075487
vn -0.925016 0.000000 -0.379928
vn -0.925016 0.000000 -0.379928
vn -0.762339 -0.000001 -0.647178
vn -0.762339 -0.000001 -0.647178
vn -0.525039 -0.000001 -0.851078
vn -0.525039 -0.000001 -0.851078
vn -0.236344 -0.000001 -0.971669
vn -0.236344 -0.000001 -0.971669
vn 0.075486 -0.000001 -0.997147
vn 0.075486 -0.000001 -0.997147
vn 0.379927 -0.000001 -0.925017
vn 0.379927 -0.000001 -0.925017
vn 0.647177 -0.000001 -0.762339
vn 0.647177 -0.000001 -0.762340
vn 0.851078 -0.000001 -0.525039
vn 0.851078 -0.000001 -0.525039
vn 0.971669 0.000000 -0.236344
vn 0.971669 0.000000 -0.236344
s 1
g lata_ancha ancha_chapita
usemtl aiStandardSurface2SG
f 1073/1149/1460 1074/1150/1461 1075/1151/1462
f 1074/1150/1461 1076/1152/1463 1075/1151/1462
f 1076/1152/1463 1077/1153/1464 1075/1151/1462
f 1077/1153/1464 1078/1154/1465 1075/1151/1462
f 1078/1154/1465 1079/1155/1466 1075/1151/1462
f 1079/1155/1466 1080/1156/1467 1075/1151/1462
f 1080/1156/1467 1081/1157/1468 1075/1151/1462
f 1081/1157/1468 1082/1158/1469 1075/1151/1462
f 1082/1158/1469 1083/1159/1470 1075/1151/1462
f 1083/1159/1470 1084/1160/1471 1075/1151/1462
f 1084/1160/1471 1085/1161/1472 1075/1151/1462
f 1085/1161/1472 1086/1162/1473 1075/1151/1462
f 1086/1162/1473 1087/1163/1474 1075/1151/1462
f 1087/1163/1474 1088/1164/1475 1075/1151/1462
f 1088/1164/1475 1089/1165/1476 1075/1151/1462
f 1089/1165/1476 1090/1166/1477 1075/1151/1462
f 1090/1166/1477 1091/1167/1478 1075/1151/1462
f 1091/1167/1478 1092/1168/1479 1075/1151/1462
f 1092/1168/1479 1093/1169/1480 1075/1151/1462
f 1093/1169/1480 1073/1149/1460 1075/1151/1462
s 2
f 1053/1170/1481 1054/1171/1482 1102/1172/1483 1103/1173/1484
s 3
f 1054/1171/1485 1055/1174/1486 1101/1175/1487 1102/1172/1488
s 4
f 1055/1174/1489 1056/1176/1490 1100/1177/1491 1101/1175/1492
s 5
f 1056/1176/1493 1057/1178/1494 1099/1179/1495 1100/1177/1496
s 6
f 1057/1178/1497 1058/1180/1498 1098/1181/1499 1099/1179/1500
s 7
f 1058/1180/1501 1059/1182/1502 1097/1183/1503 1098/1181/1504
s 8
f 1059/1182/1505 1060/1184/1506 1096/1185/1507 1097/1183/1508
s 9
f 1060/1184/1509 1061/1186/1510 1095/1187/1511 1096/1185/1512
s 10
f 1061/1186/1513 1062/1188/1514 1094/1189/1515 1095/1187/1516
s 11
f 1062/1188/1517 1063/1190/1518 1113/1191/1519 1094/1189/1520
s 12
f 1063/1190/1521 1064/1192/1522 1112/1193/1523 1113/1191/1524
s 13
f 1064/1192/1525 1065/1194/1526 1111/1195/1527 1112/1193/1528
s 14
f 1065/1194/1529 1066/1196/1530 1110/1197/1531 1111/1195/1532
s 15
f 1066/1196/1533 1067/1198/1534 1109/1199/1535 1110/1197/1536
s 16
f 1067/1198/1537 1068/1200/1538 1108/1201/1539 1109/1199/1540
s 17
f 1068/1200/1541 1069/1202/1542 1107/1203/1543 1108/1201/1544
s 18
f 1069/1202/1545 1070/1204/1546 1106/1205/1547 1107/1203/1548
s 19
f 1070/1204/1549 1071/1206/1550 1105/1207/1551 1106/1205/1552
s 20
f 1071/1206/1553 1072/1208/1554 1104/1209/1555 1105/1207/1556
s 21
f 1072/1208/1557 1053/1170/1558 1103/1173/1559 1104/1209/1560
s 10
f 1095/1187/1516 1094/1189/1515 1083/1159/1561 1082/1158/1562
s 9
f 1096/1185/1512 1095/1187/1511 1082/1158/1563 1081/1157/1564
s 8
f 1097/1183/1508 1096/1185/1507 1081/1157/1565 1080/1156/1566
s 7
f 1098/1181/1504 1097/1183/1503 1080/1156/1567 1079/1155/1568
s 6
f 1099/1179/1500 1098/1181/1499 1079/1155/1569 1078/1154/1570
s 5
f 1100/1177/1496 1099/1179/1495 1078/1154/1571 1077/1153/1572
s 4
f 1101/1175/1492 1100/1177/1491 1077/1153/1573 1076/1152/1574
s 3
f 1102/1172/1488 1101/1175/1487 1076/1152/1575 1074/1150/1576
s 2
f 1103/1173/1484 1102/1172/1483 1074/1150/1577 1073/1149/1578
s 21
f 1104/1209/1560 1103/1173/1559 1073/1149/1579 1093/1169/1580
s 20
f 1105/1207/1556 1104/1209/1555 1093/1169/1581 1092/1168/1582
s 19
f 1106/1205/1552 1105/1207/1551 1092/1168/1583 1091/1167/1584
s 18
f 1107/1203/1548 1106/1205/1547 1091/1167/1585 1090/1166/1586
s 17
f 1108/1201/1544 1107/1203/1543 1090/1166/1587 1089/1165/1588
s 16
f 1109/1199/1540 1108/1201/1539 1089/1165/1589 1088/1164/1590
s 15
f 1110/1197/1536 1109/1199/1535 1088/1164/1591 1087/1163/1592
s 14
f 1111/1195/1532 1110/1197/1531 1087/1163/1593 1086/1162/1594
s 13
f 1112/1193/1528 1111/1195/1527 1086/1162/1595 1085/1161/1596
s 12
f 1113/1191/1524 1112/1193/1523 1085/1161/1597 1084/1160/1598
s 11
f 1094/1189/1520 1113/1191/1519 1084/1160/1599 1083/1159/1600
s 22
f 1115/1138/1601 1114/1139/1602 1063/1190/1603 1062/1188/1604
f 1116/1137/1605 1115/1138/1601 1062/1188/1604 1061/1186/1606
f 1117/1136/1607 1116/1137/1605 1061/1186/1606 1060/1184/1608
f 1118/1135/1609 1117/1136/1607 1060/1184/1608 1059/1182/1610
f 1119/1134/1611 1118/1135/1609 1059/1182/1610 1058/1180/1612
f 1120/1133/1613 1119/1134/1611 1058/1180/1612 1057/1178/1614
f 1121/1132/1615 1120/1133/1613 1057/1178/1614 1056/1176/1616
f 1122/1131/1617 1121/1132/1615 1056/1176/1616 1055/1174/1618
f 1123/1129/1619 1122/1131/1617 1055/1174/1618 1054/1171/1620
f 1124/1130/1621 1123/1129/1619 1054/1171/1620 1053/1170/1622
f 1125/1148/1623 1124/1130/1621 1053/1170/1622 1072/1208/1624
f 1126/1147/1625 1125/1148/1623 1072/1208/1624 1071/1206/1626
f 1127/1146/1627 1126/1147/1625 1071/1206/1626 1070/1204/1628
f 1128/1145/1629 1127/1146/1627 1070/1204/1628 1069/1202/1630
f 1129/1144/1631 1128/1145/1629 1069/1202/1630 1068/1200/1632
f 1130/1143/1633 1129/1144/1631 1068/1200/1632 1067/1198/1634
f 1131/1142/1635 1130/1143/1633 1067/1198/1634 1066/1196/1636
f 1132/1141/1637 1131/1142/1635 1066/1196/1636 1065/1194/1638
f 1133/1140/1639 1132/1141/1637 1065/1194/1638 1064/1192/1640
f 1114/1139/1602 1133/1140/1639 1064/1192/1640 1063/1190/1603
g default
v -7.266567 5.555569 1.038459
v -7.396699 5.555569 0.992714
v -7.530058 5.555569 1.012626
v -7.627466 5.555569 1.013670
v -7.144973 5.555569 0.742411
v -7.355721 5.555569 0.672045
v -7.597066 5.555569 0.691640
v -7.665565 5.555569 0.782661
v -7.224278 5.555569 0.935497
v -7.178458 5.555569 0.823939
v -7.384923 5.555569 0.897436
v -7.375819 5.555569 0.777178
v -7.548368 5.555569 0.910790
v -7.579069 5.555569 0.793785
v -7.711771 5.555569 0.967651
v -7.705890 5.555569 0.847095
v -7.141850 5.555569 1.097387
v -7.060986 5.555569 1.205285
v -6.992432 5.555569 1.274494
v -6.945607 5.555569 0.840488
v -6.787708 5.555569 1.024062
v -6.802961 5.555569 1.136953
v -7.083257 5.555569 1.021337
v -7.005207 5.555569 0.929398
v -6.976383 5.555569 1.145718
v -6.872305 5.555569 1.084070
v -6.900119 5.555569 1.301016
v -6.819566 5.555569 1.211129
vt 0.679342 0.657595
vt 0.630850 0.630802
vt 0.630175 0.635533
vt 0.647604 0.636080
vt 0.645882 0.640369
vt 0.662402 0.646383
vt 0.659325 0.649823
vt 0.672748 0.661084
vt 0.669189 0.662967
vt 0.631680 0.624980
vt 0.632337 0.620369
vt 0.650501 0.630806
vt 0.652624 0.626616
vt 0.667147 0.642718
vt 0.669987 0.638826
vt 0.682727 0.655804
vt 0.611980 0.625313
vt 0.613288 0.631186
vt 0.592669 0.632098
vt 0.596200 0.636943
vt 0.576801 0.642973
vt 0.582157 0.648166
vt 0.613743 0.635786
vt 0.598193 0.641105
vt 0.585048 0.650969
vt 0.611113 0.620697
vt 0.591030 0.627567
vt 0.574052 0.640307
vn 0.000000 1.000000 -0.000001
vn -0.000000 1.000000 0.000000
vn -0.000000 1.000000 0.000001
vn 0.000000 1.000000 -0.000000
vn -0.000000 1.000000 0.000001
vn -0.000000 1.000000 0.000000
vn -0.000000 1.000000 0.000000
vn 0.000000 1.000000 -0.000000
vn 0.000001 1.000000 -0.000003
vn 0.000001 1.000000 -0.000003
vn 0.000001 1.000000 -0.000002
vn 0.000000 1.000000 -0.000000
vn -0.000000 1.000000 0.000000
vn -0.000000 1.000000 0.000000
vn -0.000000 1.000000 0.000000
vn -0.000001 1.000000 0.000002
vn -0.000000 1.000000 0.000000
vn -0.000000 1.000000 0.000001
vn -0.000000 1.000000 0.000001
vn -0.000000 1.000000 0.000000
vn 0.000000 1.000000 -0.000000
vn 0.000000 1.000000 -0.000001
vn 0.000001 1.000000 -0.000002
vn 0.000000 1.000000 -0.000000
vn -0.000001 1.000000 0.000002
vn 0.000000 1.000000 -0.000000
vn 0.000000 1.000000 -0.000000
vn 0.000000 1.000000 -0.000000
s 1
g lata_ancha ancha_boquilla_chapa
usemtl aiStandardSurface2SG
f 1142/1211/1641 1143/1219/1642 1145/1221/1643 1144/1213/1644
f 1144/1213/1644 1145/1221/1643 1147/1223/1645 1146/1215/1646
f 1146/1215/1646 1147/1223/1645 1149/1210/1647 1148/1217/1648
f 1134/1212/1649 1142/1211/1641 1144/1213/1644 1135/1214/1650
f 1135/1214/1650 1144/1213/1644 1146/1215/1646 1136/1216/1651
f 1136/1216/1651 1146/1215/1646 1148/1217/1648 1137/1218/1652
f 1145/1221/1643 1143/1219/1642 1138/1220/1653 1139/1222/1654
f 1147/1223/1645 1145/1221/1643 1139/1222/1654 1140/1224/1655
f 1149/1210/1647 1147/1223/1645 1140/1224/1655 1141/1225/1656
f 1142/1211/1641 1156/1227/1657 1157/1226/1658 1143/1219/1642
f 1156/1227/1657 1158/1229/1659 1159/1228/1660 1157/1226/1658
f 1158/1229/1659 1160/1231/1661 1161/1230/1662 1159/1228/1660
f 1134/1212/1649 1150/1232/1663 1156/1227/1657 1142/1211/1641
f 1150/1232/1663 1151/1233/1664 1158/1229/1659 1156/1227/1657
f 1151/1233/1664 1152/1234/1665 1160/1231/1661 1158/1229/1659
f 1157/1226/1658 1153/1235/1666 1138/1220/1653 1143/1219/1642
f 1159/1228/1660 1154/1236/1667 1153/1235/1666 1157/1226/1658
f 1161/1230/1662 1155/1237/1668 1154/1236/1667 1159/1228/1660
g default
v -8.899466 0.370032 1.321238
v -8.861881 0.370032 1.781257
v -8.683981 0.370032 2.207147
v -8.383182 0.370032 2.557219
v -7.988926 0.370032 2.797205
v -6.867971 0.370032 0.067988
v -7.317090 0.370032 -0.038420
v -7.777109 0.370032 -0.000835
v -8.202999 0.370032 0.177064
v -8.553071 0.370032 0.477864
v -8.793056 0.370032 0.872119
v -8.899466 4.740890 1.321238
v -8.861881 4.740890 1.781257
v -8.683981 4.740890 2.207147
v -8.383182 4.740890 2.557219
v -7.988926 4.740890 2.797205
v -6.867971 4.740890 0.067988
v -7.317090 4.740890 -0.038420
v -7.777109 4.740890 -0.000835
v -8.202999 4.740890 0.177064
v -8.553071 4.740890 0.477864
v -8.793056 4.740890 0.872119
v -8.851171 4.930255 1.324894
v -8.814820 4.930255 1.769811
v -8.642761 4.930255 2.181719
v -8.351837 4.930255 2.520297
v -7.970525 4.930255 2.752404
v -6.886372 4.930255 0.112789
v -7.320746 4.930255 0.009874
v -7.765663 4.930255 0.046225
v -8.177570 4.930255 0.218284
v -8.516149 4.930255 0.509208
v -8.748256 4.930255 0.890520
v -8.751742 5.083359 1.332421
v -8.717931 5.083359 1.746244
v -8.557897 5.083359 2.129365
v -8.287305 5.083359 2.444282
v -7.932641 5.083359 2.660167
v -6.924256 5.083359 0.205026
v -7.328273 5.083359 0.109304
v -7.742096 5.083359 0.143114
v -8.125217 5.083359 0.303148
v -8.440133 5.083359 0.573741
v -8.656019 5.083359 0.928404
v -8.649472 5.268695 1.340163
v -8.618274 5.268695 1.722004
v -8.470608 5.268695 2.075516
v -8.220928 5.268695 2.366094
v -7.893675 5.268695 2.565295
v -6.963222 5.268695 0.299898
v -7.336015 5.268695 0.211574
v -7.717856 5.268695 0.242771
v -8.071367 5.268695 0.390437
v -8.361946 5.268695 0.640117
v -8.561147 5.268695 0.967370
v -8.606859 5.478205 1.343389
v -8.576750 5.478205 1.711904
v -8.434238 5.478205 2.053078
v -8.193272 5.478205 2.333516
v -7.877439 5.478205 2.525765
v -6.979458 5.478205 0.339428
v -7.339241 5.478205 0.254186
v -7.707756 5.478205 0.284295
v -8.048930 5.478205 0.426808
v -8.329367 5.478205 0.667774
v -8.521616 5.478205 0.983606
v -8.606859 5.591018 1.343389
v -8.576750 5.591018 1.711904
v -8.434238 5.591018 2.053078
v -8.193272 5.591018 2.333516
v -7.877439 5.591018 2.525765
v -6.979458 5.591018 0.339428
v -7.339241 5.591018 0.254186
v -7.707756 5.591018 0.284295
v -8.048930 5.591018 0.426808
v -8.329367 5.591019 0.667774
v -8.521616 5.591018 0.983606
v -8.648141 5.476229 1.340263
v -8.616977 5.476229 1.721688
v -8.616977 5.592994 1.721688
v -8.648141 5.592994 1.340263
v -8.469472 5.476229 2.074815
v -8.469472 5.592994 2.074815
v -8.220065 5.476229 2.365076
v -8.220065 5.592994 2.365076
v -7.893168 5.476229 2.564060
v -7.893168 5.592994 2.564060
v -6.963729 5.476229 0.301133
v -6.963729 5.592994 0.301133
v -7.336116 5.476229 0.212904
v -7.336116 5.592994 0.212904
v -7.717540 5.476229 0.244068
v -7.717540 5.592994 0.244068
v -8.070667 5.476229 0.391573
v -8.070667 5.592994 0.391573
v -8.360928 5.476229 0.640981
v -8.360928 5.592994 0.640981
v -8.559912 5.476229 0.967877
v -8.559912 5.592994 0.967877
v -8.606859 5.545384 1.343389
v -8.576750 5.545384 1.711904
v -8.434238 5.545384 2.053078
v -8.193272 5.545384 2.333516
v -7.877439 5.545384 2.525765
v -6.979458 5.545384 0.339428
v -7.339241 5.545384 0.254186
v -7.707756 5.545384 0.284295
v -8.048930 5.545384 0.426808
v -8.329367 5.545384 0.667774
v -8.521616 5.545384 0.983606
v -8.520678 5.563388 1.349913
v -8.492771 5.563388 1.691477
v -8.360681 5.563388 2.007700
v -8.137337 5.563388 2.267628
v -7.844603 5.563388 2.445817
v -7.012295 5.563388 0.419376
v -7.345765 5.563388 0.340368
v -7.687329 5.563388 0.368275
v -8.003552 5.563388 0.500365
v -8.263480 5.563389 0.723708
v -8.441669 5.563388 1.016442
v -7.861021 5.545384 2.485791
v -8.165304 5.545384 2.300572
v -8.397459 5.545384 2.030389
v -8.534761 5.545384 1.701690
v -8.563769 5.545384 1.346651
v -8.481643 5.545384 1.000024
v -8.296424 5.545384 0.695741
v -8.026241 5.545384 0.463586
v -7.697542 5.545384 0.326285
v -7.342503 5.545384 0.297277
v -6.995876 5.545384 0.379402
v -7.514018 5.563388 1.426119
v -7.511831 5.563388 1.452878
v -7.428449 5.563388 1.432597
v -7.501483 5.563388 1.477652
v -7.483986 5.563388 1.498016
v -7.461052 5.563388 1.511976
v -7.395846 5.563388 1.353217
v -7.421971 5.563388 1.347027
v -7.448730 5.563388 1.349214
v -7.473504 5.563388 1.359562
v -7.493868 5.563388 1.377060
v -7.507828 5.563388 1.399994
v -7.841899 5.563388 2.439236
v -8.132733 5.563388 2.262204
v -8.354625 5.563388 2.003965
v -8.485857 5.563388 1.689795
v -8.513583 5.563388 1.350450
v -8.435087 5.563388 1.019146
v -8.258056 5.563389 0.728313
v -7.999816 5.563388 0.506420
v -7.685647 5.563388 0.375188
v -7.346302 5.563388 0.347462
v -7.014998 5.563388 0.425958
v -7.846559 5.561243 2.450579
v -8.140669 5.561243 2.271553
v -8.365062 5.561243 2.010403
v -8.497773 5.561243 1.692694
v -8.525811 5.561243 1.349524
v -8.446431 5.561243 1.014487
v -8.267404 5.561244 0.720376
v -8.006255 5.561243 0.495983
v -7.688546 5.561243 0.363272
v -7.345376 5.561243 0.335234
v -7.010339 5.561243 0.414614
v -7.859483 5.547069 2.482048
v -8.162685 5.547069 2.297487
v -8.394015 5.547069 2.028265
v -8.530829 5.547069 1.700734
v -8.559733 5.547069 1.346956
v -8.477899 5.547069 1.001562
v -8.293339 5.547070 0.698360
v -8.024116 5.547069 0.467030
v -7.696586 5.547069 0.330217
v -7.342808 5.547069 0.301312
v -6.997414 5.547069 0.383146
v -7.875811 5.545383 2.521801
v -8.190498 5.545383 2.330249
v -8.430591 5.545383 2.050828
v -8.572587 5.545383 1.710891
v -8.602586 5.545383 1.343712
v -8.517652 5.545383 0.985234
v -8.326101 5.545384 0.670547
v -8.046680 5.545383 0.430455
v -7.706743 5.545383 0.288459
v -7.339564 5.545383 0.258459
v -6.981086 5.545383 0.343392
v -7.877439 5.551682 2.525765
v -8.193272 5.551682 2.333516
v -8.434238 5.551682 2.053078
v -8.576750 5.551682 1.711904
v -8.606859 5.551682 1.343389
v -8.521616 5.551682 0.983606
v -8.329367 5.551683 0.667774
v -8.048930 5.551682 0.426808
v -7.707756 5.551682 0.284295
v -7.339241 5.551682 0.254186
v -6.979458 5.551682 0.339428
v -7.877439 5.569141 2.525765
v -8.193272 5.569141 2.333516
v -8.434238 5.569141 2.053078
v -8.576751 5.569141 1.711904
v -8.606860 5.569141 1.343389
v -8.521617 5.569141 0.983606
v -8.329368 5.569142 0.667774
v -8.048930 5.569141 0.426808
v -7.707756 5.569141 0.284295
v -7.339241 5.569141 0.254186
v -6.979458 5.569141 0.339428
v -6.971836 5.591976 0.320869
v -7.337726 5.591976 0.234179
v -7.712498 5.591976 0.264800
v -8.059464 5.591976 0.409732
v -8.344663 5.591976 0.654789
v -8.540176 5.591976 0.975983
v -8.626866 5.591976 1.341874
v -8.596246 5.591976 1.716646
v -8.451314 5.591976 2.063613
v -8.206257 5.591976 2.348811
v -7.885062 5.591976 2.544324
v -7.717540 5.532589 0.244068
v -7.336116 5.532589 0.212904
v -6.963729 5.532589 0.301133
v -7.893168 5.532589 2.564060
v -8.220065 5.532589 2.365076
v -8.469472 5.532589 2.074815
v -8.616977 5.532589 1.721688
v -8.648141 5.532589 1.340263
v -8.559912 5.532589 0.967877
v -8.360928 5.532590 0.640981
v -8.070667 5.532589 0.391573
v -8.050479 5.463739 0.424296
v -7.708453 5.463739 0.281428
v -7.339018 5.463739 0.251244
v -6.978337 5.463739 0.336699
v -7.878560 5.463739 2.528494
v -8.195181 5.463739 2.335765
v -8.436749 5.463739 2.054628
v -8.579618 5.463739 1.712601
v -8.609802 5.463739 1.343166
v -8.524346 5.463739 0.982485
v -8.331617 5.463739 0.665864
v -8.059166 5.477274 0.410215
v -7.712364 5.477274 0.265351
v -7.337769 5.477274 0.234745
v -6.972051 5.477274 0.321394
v -7.884846 5.477274 2.543799
v -8.205889 5.477274 2.348379
v -8.450831 5.477274 2.063315
v -8.595695 5.477274 1.716512
v -8.626300 5.477274 1.341917
v -8.539651 5.477274 0.976199
v -8.344230 5.477275 0.655156
v -7.988926 4.472339 2.797205
v -8.383182 4.472339 2.557219
v -8.683981 4.472339 2.207147
v -8.861881 4.472339 1.781257
v -8.899466 4.472339 1.321238
v -8.793056 4.472339 0.872119
v -8.553071 4.472339 0.477864
v -8.202999 4.472339 0.177064
v -7.777109 4.472339 -0.000835
v -7.317090 4.472339 -0.038420
v -6.867971 4.472339 0.067988
v -8.681263 0.243432 1.337756
v -8.649253 0.243432 1.729539
v -8.497742 0.243432 2.092255
v -8.241562 0.243432 2.390399
v -7.905788 0.243432 2.594786
v -6.951110 0.243432 0.270407
v -7.333608 0.243432 0.179783
v -7.725391 0.243432 0.211793
v -8.088106 0.243432 0.363303
v -8.386250 0.243432 0.619484
v -8.590638 0.243432 0.955257
v -8.529182 0.112142 1.349269
v -8.501058 0.112142 1.693493
v -8.367939 0.112142 2.012178
v -8.142857 0.112142 2.274130
v -7.847843 0.112142 2.453706
v -7.009054 0.112142 0.411487
v -7.345121 0.112142 0.331864
v -7.689345 0.112142 0.359988
v -8.008030 0.112142 0.493106
v -8.269981 0.112142 0.718189
v -8.449558 0.112142 1.013202
v -8.529182 -0.009770 1.349269
v -8.501058 -0.009770 1.693493
v -8.367939 -0.009770 2.012178
v -8.142857 -0.009770 2.274130
v -7.847843 -0.009770 2.453706
v -7.009054 -0.009770 0.411487
v -7.345121 -0.009770 0.331864
v -7.689345 -0.009770 0.359988
v -8.008030 -0.009770 0.493106
v -8.269981 -0.009770 0.718189
v -8.449558 -0.009770 1.013202
v -8.553071 0.729009 0.477864
v -8.202999 0.729009 0.177064
v -7.777109 0.729009 -0.000835
v -7.317090 0.729009 -0.038420
v -6.867971 0.729009 0.067988
v -7.988926 0.729009 2.797205
v -8.383182 0.729009 2.557219
v -8.683981 0.729009 2.207147
v -8.861881 0.729009 1.781257
v -8.899466 0.729009 1.321238
v -8.793056 0.729009 0.872119
v -8.480614 0.315044 0.539375
v -8.705137 0.315044 0.908230
v -8.804691 0.315044 1.328412
v -8.769527 0.315044 1.758794
v -8.603090 0.315044 2.157245
v -8.321670 0.315044 2.484762
v -7.952816 0.315044 2.709286
v -6.904082 0.315044 0.155907
v -7.324265 0.315044 0.056355
v -7.754646 0.315044 0.091518
v -8.153097 0.315044 0.257956
v -8.489594 -0.009770 1.352266
v -8.462481 -0.009770 1.684110
v -8.334150 -0.009770 1.991333
v -8.117163 -0.009770 2.243864
v -7.832759 -0.009770 2.416982
v -7.024138 -0.009770 0.448211
v -7.348118 -0.009770 0.371451
v -7.679961 -0.009770 0.398564
v -7.987185 -0.009770 0.526895
v -8.239716 -0.009770 0.743882
v -8.412834 -0.009770 1.028286
v -8.260962 0.049033 1.369574
v -8.239691 0.049033 1.629919
v -8.139010 0.049033 1.870949
v -7.968774 0.049033 2.069070
v -7.745647 0.049033 2.204888
v -7.111250 0.049033 0.660305
v -7.365426 0.049033 0.600084
v -7.625771 0.049033 0.621355
v -7.866801 0.049033 0.722036
v -8.064922 0.049033 0.892271
v -8.200740 0.049033 1.115398
v -8.025172 0.119186 1.387424
v -8.009925 0.119186 1.574032
v -7.428449 0.180411 1.432596
v -7.937760 0.119186 1.746796
v -7.815739 0.119186 1.888804
v -7.655808 0.119186 1.986155
v -7.201089 0.119186 0.879038
v -7.383276 0.119186 0.835874
v -7.569884 0.119186 0.851120
v -7.730978 0.119186 0.928079
v -7.884656 0.119186 1.045306
v -7.982007 0.119186 1.205237
v -8.431022 -0.009770 1.020815
v -8.509201 -0.009770 1.350782
v -8.481587 -0.009770 1.688757
v -8.350885 -0.009770 2.001657
v -8.129889 -0.009770 2.258854
v -7.840230 -0.009770 2.435171
v -7.016667 -0.009770 0.430022
v -7.346634 -0.009770 0.351844
v -7.684609 -0.009770 0.379458
v -7.997509 -0.009770 0.510160
v -8.254706 -0.009770 0.731157
v -8.449558 0.052757 1.013202
v -8.529182 0.052757 1.349269
v -8.501058 0.052757 1.693493
v -8.367939 0.052757 2.012178
v -8.142857 0.052757 2.274130
v -7.847843 0.052757 2.453706
v -7.009054 0.052757 0.411487
v -7.345121 0.052757 0.331864
v -7.689345 0.052757 0.359988
v -8.008030 0.052757 0.493106
v -8.269981 0.052757 0.718189
v -7.741810 0.283623 0.144291
v -8.124581 0.283623 0.304179
v -8.439210 0.283623 0.574525
v -8.654898 0.283623 0.928864
v -8.750534 0.283623 1.332512
v -8.716754 0.283623 1.745958
v -8.556866 0.283623 2.128729
v -8.286521 0.283623 2.443358
v -7.932181 0.283623 2.659046
v -6.924716 0.283623 0.206147
v -7.328364 0.283623 0.110512
v -7.777109 3.848450 -0.000835
v -7.317090 3.848450 -0.038420
v -6.867971 3.848450 0.067988
v -7.988926 3.848450 2.797205
v -8.383182 3.848450 2.557219
v -8.683981 3.848450 2.207148
v -8.861881 3.848450 1.781257
v -8.899466 3.848450 1.321238
v -8.793056 3.848450 0.872119
v -8.553071 3.848450 0.477864
v -8.202999 3.848450 0.177064
v -7.777109 3.224562 -0.000835
v -7.317090 3.224562 -0.038420
v -6.867971 3.224562 0.067988
v -7.988926 3.224562 2.797205
v -8.383182 3.224562 2.557219
v -8.683981 3.224562 2.207148
v -8.861881 3.224562 1.781257
v -8.899466 3.224562 1.321238
v -8.793056 3.224562 0.872119
v -8.553071 3.224562 0.477864
v -8.202999 3.224562 0.177064
v -7.777109 2.600674 -0.000835
v -7.317090 2.600674 -0.038420
v -6.867971 2.600674 0.067988
v -7.988926 2.600674 2.797205
v -8.383182 2.600674 2.557219
v -8.683981 2.600674 2.207148
v -8.861881 2.600674 1.781257
v -8.899466 2.600674 1.321238
v -8.793056 2.600674 0.872119
v -8.553071 2.600674 0.477864
v -8.202999 2.600674 0.177064
v -7.777109 1.976786 -0.000835
v -7.317090 1.976786 -0.038420
v -6.867971 1.976786 0.067988
v -7.988926 1.976786 2.797205
v -8.383182 1.976786 2.557219
v -8.683981 1.976786 2.207148
v -8.861881 1.976786 1.781257
v -8.899466 1.976786 1.321238
v -8.793056 1.976786 0.872119
v -8.553071 1.976786 0.477864
v -8.202999 1.976786 0.177064
v -7.777109 1.352898 -0.000835
v -7.317090 1.352898 -0.038420
v -6.867971 1.352898 0.067988
v -7.988926 1.352898 2.797205
v -8.383182 1.352898 2.557219
v -8.683981 1.352898 2.207148
v -8.861881 1.352898 1.781257
v -8.899466 1.352898 1.321238
v -8.793056 1.352898 0.872119
v -8.553071 1.352898 0.477864
v -8.202999 1.352898 0.177064
v -7.335113 5.563388 1.205349
v -7.521785 5.563388 1.659844
v -7.587440 5.563388 1.619879
v -7.637531 5.563388 1.561582
v -7.667157 5.563388 1.490659
v -7.673416 5.563388 1.414052
v -7.655696 5.563388 1.339261
v -7.615731 5.563388 1.273606
v -7.557434 5.563388 1.223514
v -7.486511 5.563388 1.193888
v -7.409904 5.563388 1.187629
v -7.262294 5.563388 1.028055
v -7.142906 5.563388 0.737380
v -7.399389 5.563388 0.988991
v -7.370352 5.563388 0.681927
v -7.528489 5.563388 1.001099
v -7.593752 5.563388 0.695093
v -7.630701 5.563388 1.021429
v -7.669752 5.563388 0.802174
v -7.777914 5.563388 1.135923
v -7.975454 5.563388 0.968224
v -7.852487 5.563388 1.258434
v -8.092180 5.563388 1.159986
v -7.885552 5.563388 1.397993
v -8.143936 5.563388 1.378433
v -7.873873 5.563388 1.540939
v -8.125655 5.563388 1.602182
v -7.818593 5.563388 1.673281
v -8.036269 5.556815 1.838269
v -7.725122 5.563388 1.782062
v -7.892821 5.563388 1.979602
v -7.602611 5.563388 1.856635
v -7.701059 5.563388 2.096328
v -7.725488 5.563388 0.936978
v -7.876684 5.563388 1.052074
v -7.972333 5.563388 1.209210
v -8.014744 5.563388 1.388213
v -7.999764 5.563388 1.571561
v -7.928860 5.563388 1.741305
v -7.808972 5.563388 1.880832
v -7.651835 5.563388 1.976482
v -7.262294 5.468897 1.028055
v -7.399389 5.468897 0.988991
v -7.528489 5.468897 1.001099
v -7.725488 5.468897 0.936978
v -7.630701 5.468897 1.021429
v -7.142906 5.468897 0.737380
v -7.370352 5.468897 0.681928
v -7.593752 5.468897 0.695093
v -7.681723 5.468897 0.797257
v -7.262294 5.554784 1.028055
v -7.399389 5.554784 0.988991
v -7.528489 5.554784 1.001099
v -7.630701 5.554784 1.021429
v -7.725488 5.554784 0.936978
v -7.681723 5.554784 0.797257
v -7.593752 5.554784 0.695093
v -7.370352 5.554784 0.681927
v -7.142906 5.554784 0.737380
v -7.262294 5.475984 1.028055
v -7.399389 5.475984 0.988991
v -7.528489 5.475984 1.001099
v -7.630701 5.475984 1.021429
v -7.725488 5.475984 0.936978
v -7.681723 5.475984 0.797257
v -7.593752 5.475984 0.695093
v -7.370352 5.475984 0.681928
v -7.142906 5.475984 0.737380
v -7.262294 5.560524 1.028055
v -7.399389 5.560524 0.988991
v -7.528489 5.560524 1.001099
v -7.630701 5.560524 1.021429
v -7.725488 5.560524 0.936978
v -7.681723 5.560524 0.797257
v -7.593752 5.560524 0.695093
v -7.370352 5.560524 0.681927
v -7.142906 5.560524 0.737380
v -6.303826 0.370032 2.387329
v -6.653897 0.370032 2.688129
v -7.079788 0.370032 2.866028
v -7.539807 0.370032 2.903613
v -6.473716 0.370032 0.307974
v -6.172917 0.370032 0.658046
v -5.995018 0.370032 1.083935
v -5.957433 0.370032 1.543955
v -6.063841 0.370032 1.993073
v -6.303826 4.740890 2.387329
v -6.653897 4.740890 2.688129
v -7.079788 4.740890 2.866028
v -7.539807 4.740890 2.903613
v -6.473716 4.740890 0.307974
v -6.172917 4.740890 0.658046
v -5.995018 4.740890 1.083935
v -5.957433 4.740890 1.543955
v -6.063841 4.740890 1.993073
v -6.340748 4.930255 2.355985
v -6.679326 4.930255 2.646909
v -7.091234 4.930255 2.818968
v -7.536151 4.930255 2.855319
v -6.505060 4.930255 0.344896
v -6.214136 4.930255 0.683474
v -6.042078 4.930255 1.095382
v -6.005727 4.930255 1.540299
v -6.108642 4.930255 1.974673
v -6.416763 5.083359 2.291453
v -6.731680 5.083359 2.562045
v -7.114801 5.083359 2.722079
v -7.528624 5.083359 2.755890
v -6.569593 5.083359 0.420912
v -6.299001 5.083359 0.735828
v -6.138966 5.083359 1.118949
v -6.105156 5.083359 1.532772
v -6.200878 5.083359 1.936789
v -6.494951 5.268695 2.225076
v -6.785529 5.268695 2.474756
v -7.139041 5.268695 2.622422
v -7.520882 5.268695 2.653620
v -6.635969 5.268695 0.499099
v -6.386290 5.268695 0.789677
v -6.238624 5.268695 1.143189
v -6.207426 5.268695 1.525030
v -6.295751 5.268695 1.897823
v -6.527529 5.478205 2.197419
v -6.807967 5.478205 2.438386
v -7.149141 5.478205 2.580898
v -7.517656 5.478205 2.611007
v -6.663626 5.478205 0.531677
v -6.422660 5.478205 0.812115
v -6.280147 5.478205 1.153289
v -6.250038 5.478205 1.521804
v -6.335281 5.478205 1.881587
v -6.527529 5.591018 2.197419
v -6.807967 5.591018 2.438386
v -7.149141 5.591018 2.580898
v -7.517656 5.591018 2.611007
v -6.663626 5.591018 0.531677
v -6.422660 5.591018 0.812115
v -6.280147 5.591018 1.153289
v -6.250038 5.591019 1.521804
v -6.335281 5.591018 1.881587
v -6.495968 5.476229 2.224212
v -6.786230 5.476229 2.473620
v -6.786230 5.592994 2.473620
v -6.495968 5.592994 2.224212
v -7.139357 5.476229 2.621125
v -7.139357 5.592994 2.621125
v -7.520781 5.476229 2.652289
v -7.520781 5.592994 2.652289
v -6.636833 5.476229 0.500117
v -6.636833 5.592994 0.500117
v -6.387425 5.476229 0.790378
v -6.387425 5.592994 0.790378
v -6.239920 5.476229 1.143504
v -6.239920 5.592994 1.143504
v -6.208757 5.476229 1.524929
v -6.208757 5.592994 1.524929
v -6.296985 5.476229 1.897316
v -6.296985 5.592994 1.897316
v -6.527529 5.545384 2.197419
v -6.807967 5.545384 2.438386
v -7.149141 5.545384 2.580898
v -7.517656 5.545384 2.611007
v -6.663626 5.545384 0.531677
v -6.422660 5.545384 0.812115
v -6.280147 5.545384 1.153289
v -6.250038 5.545384 1.521804
v -6.335281 5.545384 1.881587
v -6.593417 5.563388 2.141485
v -6.853345 5.563388 2.364829
v -7.169568 5.563388 2.496919
v -7.511132 5.563388 2.524826
v -6.719560 5.563388 0.597565
v -6.496217 5.563388 0.857493
v -6.364127 5.563388 1.173716
v -6.336220 5.563389 1.515280
v -6.415228 5.563388 1.848750
v -7.514394 5.545384 2.567916
v -7.159355 5.545384 2.538909
v -6.830656 5.545384 2.401607
v -6.560473 5.545384 2.169452
v -6.375254 5.545384 1.865168
v -6.293129 5.545384 1.518542
v -6.322137 5.545384 1.163503
v -6.459438 5.545384 0.834804
v -6.691593 5.545384 0.564621
v -7.363029 5.563388 1.488134
v -7.383393 5.563388 1.505631
v -7.408167 5.563388 1.515979
v -7.434927 5.563388 1.518166
v -7.372912 5.563388 1.367177
v -7.355414 5.563388 1.387541
v -7.345066 5.563388 1.412315
v -7.342879 5.563388 1.439074
v -7.349069 5.563388 1.465200
v -7.510595 5.563388 2.517731
v -7.171250 5.563388 2.490005
v -6.857081 5.563388 2.358773
v -6.598841 5.563388 2.136880
v -6.421810 5.563388 1.846047
v -6.343315 5.563389 1.514743
v -6.371040 5.563388 1.175398
v -6.502273 5.563388 0.861228
v -6.724165 5.563388 0.602989
v -7.511521 5.561243 2.529959
v -7.168351 5.561243 2.501921
v -6.850642 5.561243 2.369210
v -6.589492 5.561243 2.144817
v -6.410466 5.561243 1.850706
v -6.331087 5.561244 1.515669
v -6.359125 5.561243 1.172499
v -6.491836 5.561243 0.854790
v -6.716229 5.561243 0.593640
v -7.514089 5.547069 2.563881
v -7.160311 5.547069 2.534977
v -6.832780 5.547069 2.398163
v -6.563558 5.547069 2.166833
v -6.378998 5.547069 1.863631
v -6.297165 5.547070 1.518237
v -6.326069 5.547069 1.164459
v -6.462883 5.547069 0.836928
v -6.694212 5.547069 0.567706
v -7.517333 5.545383 2.606734
v -7.150154 5.545383 2.576734
v -6.810217 5.545383 2.434738
v -6.530796 5.545383 2.194646
v -6.339245 5.545383 1.879959
v -6.254312 5.545384 1.521481
v -6.284311 5.545383 1.154302
v -6.426307 5.545383 0.814365
v -6.666399 5.545383 0.534944
v -7.517656 5.551682 2.611007
v -7.149141 5.551682 2.580898
v -6.807967 5.551682 2.438386
v -6.527529 5.551682 2.197419
v -6.335281 5.551682 1.881587
v -6.250038 5.551683 1.521804
v -6.280147 5.551682 1.153289
v -6.422660 5.551682 0.812115
v -6.663626 5.551682 0.531677
v -7.517656 5.569141 2.611007
v -7.149141 5.569141 2.580898
v -6.807967 5.569141 2.438386
v -6.527529 5.569141 2.197419
v -6.335281 5.569141 1.881587
v -6.250038 5.569142 1.521804
v -6.280147 5.569141 1.153289
v -6.422660 5.569141 0.812115
v -6.663626 5.569141 0.531677
v -6.650641 5.591976 0.516382
v -6.405584 5.591976 0.801580
v -6.260652 5.591976 1.148547
v -6.230032 5.591976 1.523319
v -6.316721 5.591976 1.889209
v -6.512234 5.591976 2.210404
v -6.797432 5.591976 2.455462
v -7.144399 5.591976 2.600394
v -7.519171 5.591976 2.631014
v -6.387425 5.532589 0.790378
v -6.636833 5.532589 0.500117
v -7.520781 5.532589 2.652289
v -7.139357 5.532589 2.621125
v -6.786230 5.532589 2.473620
v -6.495968 5.532589 2.224212
v -6.296985 5.532589 1.897316
v -6.208757 5.532590 1.524929
v -6.239920 5.532589 1.143504
v -6.277280 5.463739 1.152592
v -6.420149 5.463739 0.810565
v -6.661716 5.463739 0.529428
v -7.517879 5.463739 2.613949
v -7.148444 5.463739 2.583765
v -6.806418 5.463739 2.440897
v -6.525280 5.463739 2.199329
v -6.332551 5.463739 1.882708
v -6.247096 5.463739 1.522027
v -6.261203 5.477274 1.148681
v -6.406067 5.477274 0.801878
v -6.651008 5.477274 0.516814
v -7.519128 5.477274 2.630448
v -7.144533 5.477274 2.599843
v -6.797730 5.477274 2.454979
v -6.512666 5.477274 2.210037
v -6.317246 5.477274 1.888994
v -6.230598 5.477275 1.523276
v -7.539807 4.472339 2.903613
v -7.079788 4.472339 2.866028
v -6.653897 4.472339 2.688129
v -6.303826 4.472339 2.387329
v -6.063841 4.472339 1.993073
v -5.957433 4.472339 1.543955
v -5.995018 4.472339 1.083935
v -6.172917 4.472339 0.658046
v -6.473716 4.472339 0.307974
v -6.470646 0.243432 2.245709
v -6.768790 0.243432 2.501890
v -7.131506 0.243432 2.653401
v -7.523289 0.243432 2.685410
v -6.615336 0.243432 0.474795
v -6.359156 0.243432 0.772938
v -6.207645 0.243432 1.135654
v -6.175635 0.243432 1.527436
v -6.266260 0.243432 1.909935
v -6.586915 0.112142 2.147004
v -6.848867 0.112142 2.372087
v -7.167552 0.112142 2.505205
v -7.511776 0.112142 2.533330
v -6.714041 0.112142 0.591063
v -6.488959 0.112142 0.853015
v -6.355840 0.112142 1.171700
v -6.327716 0.112142 1.515924
v -6.407339 0.112142 1.851990
v -6.586915 -0.009770 2.147004
v -6.848867 -0.009770 2.372087
v -7.167552 -0.009770 2.505205
v -7.511776 -0.009770 2.533330
v -6.714041 -0.009770 0.591063
v -6.488959 -0.009770 0.853015
v -6.355840 -0.009770 1.171700
v -6.327716 -0.009770 1.515924
v -6.407339 -0.009770 1.851990
v -5.957433 0.729009 1.543955
v -5.995018 0.729009 1.083935
v -6.172917 0.729009 0.658046
v -6.473716 0.729009 0.307974
v -7.539807 0.729009 2.903613
v -7.079788 0.729009 2.866028
v -6.653897 0.729009 2.688129
v -6.303826 0.729009 2.387329
v -6.063841 0.729009 1.993073
v -6.052207 0.315044 1.536780
v -6.151760 0.315044 1.956963
v -6.376283 0.315044 2.325818
v -6.703800 0.315044 2.607238
v -7.102251 0.315044 2.773675
v -7.532633 0.315044 2.808839
v -6.535228 0.315044 0.380431
v -6.253808 0.315044 0.707948
v -6.087371 0.315044 1.106399
v -6.617181 -0.009770 2.121311
v -6.869712 -0.009770 2.338298
v -7.176936 -0.009770 2.466629
v -7.508779 -0.009770 2.493742
v -6.739735 -0.009770 0.621329
v -6.522747 -0.009770 0.873860
v -6.394416 -0.009770 1.181083
v -6.367304 -0.009770 1.512927
v -6.444063 -0.009770 1.836907
v -6.791975 0.049033 1.972922
v -6.990096 0.049033 2.143158
v -7.231126 0.049033 2.243839
v -7.491471 0.049033 2.265110
v -6.888124 0.049033 0.796123
v -6.717888 0.049033 0.994244
v -6.617207 0.049033 1.235274
v -6.595936 0.049033 1.495619
v -6.656157 0.049033 1.749795
v -6.972242 0.119186 1.819887
v -7.114249 0.119186 1.941908
v -7.287013 0.119186 2.014073
v -7.473622 0.119186 2.029320
v -7.041158 0.119186 0.976389
v -6.919138 0.119186 1.118397
v -6.858642 0.119186 1.286368
v -6.831726 0.119186 1.477769
v -6.874891 0.119186 1.659956
v -6.425875 -0.009770 1.844378
v -6.602191 -0.009770 2.134036
v -6.859388 -0.009770 2.355033
v -7.172288 -0.009770 2.485735
v -7.510263 -0.009770 2.513349
v -6.727009 -0.009770 0.606339
v -6.506013 -0.009770 0.863536
v -6.375310 -0.009770 1.176436
v -6.347697 -0.009770 1.514411
v -6.407339 0.052757 1.851990
v -6.586915 0.052757 2.147004
v -6.848867 0.052757 2.372087
v -7.167552 0.052757 2.505205
v -7.511776 0.052757 2.533330
v -6.714041 0.052757 0.591063
v -6.488959 0.052757 0.853015
v -6.355840 0.052757 1.171700
v -6.327716 0.052757 1.515924
v -6.300032 0.283623 0.736464
v -6.140144 0.283623 1.119235
v -6.106364 0.283623 1.532680
v -6.201999 0.283623 1.936329
v -6.417687 0.283623 2.290668
v -6.732316 0.283623 2.561014
v -7.115087 0.283623 2.720902
v -7.528533 0.283623 2.754682
v -6.570377 0.283623 0.421835
v -6.172917 3.848450 0.658046
v -6.473716 3.848450 0.307974
v -7.539807 3.848450 2.903613
v -7.079788 3.848450 2.866028
v -6.653897 3.848450 2.688129
v -6.303826 3.848450 2.387329
v -6.063841 3.848450 1.993073
v -5.957433 3.848450 1.543955
v -5.995018 3.848450 1.083935
v -6.172917 3.224562 0.658046
v -6.473716 3.224562 0.307974
v -7.539807 3.224562 2.903613
v -7.079788 3.224562 2.866028
v -6.653897 3.224562 2.688129
v -6.303826 3.224562 2.387329
v -6.063841 3.224562 1.993073
v -5.957433 3.224562 1.543955
v -5.995018 3.224562 1.083935
v -6.172917 2.600674 0.658046
v -6.473716 2.600674 0.307974
v -7.539807 2.600674 2.903613
v -7.079788 2.600674 2.866028
v -6.653897 2.600674 2.688129
v -6.303826 2.600674 2.387329
v -6.063841 2.600674 1.993073
v -5.957433 2.600674 1.543955
v -5.995018 2.600674 1.083935
v -6.172917 1.976786 0.658046
v -6.473716 1.976786 0.307974
v -7.539807 1.976786 2.903613
v -7.079788 1.976786 2.866028
v -6.653897 1.976786 2.688129
v -6.303826 1.976786 2.387329
v -6.063841 1.976786 1.993073
v -5.957433 1.976786 1.543955
v -5.995018 1.976786 1.083935
v -6.172917 1.352898 0.658046
v -6.473716 1.352898 0.307974
v -7.539807 1.352898 2.903613
v -7.079788 1.352898 2.866028
v -6.653897 1.352898 2.688129
v -6.303826 1.352898 2.387329
v -6.063841 1.352898 1.993073
v -5.957433 1.352898 1.543955
v -5.995018 1.352898 1.083935
v -7.446993 5.563388 1.677564
v -7.370387 5.563388 1.671305
v -7.299463 5.563388 1.641679
v -7.241166 5.563388 1.591587
v -7.201202 5.563388 1.525932
v -7.183482 5.563388 1.451141
v -7.189741 5.563388 1.374534
v -7.219366 5.563388 1.303611
v -7.269458 5.563388 1.245314
v -7.137319 5.563388 1.096629
v -6.942146 5.563388 0.857802
v -7.053999 5.563388 1.195983
v -6.792493 5.563388 1.024190
v -6.995585 5.563388 1.282287
v -6.813697 5.563388 1.153776
v -6.971345 5.563388 1.467200
v -6.712961 5.563388 1.486760
v -7.004411 5.563388 1.606759
v -6.764717 5.563388 1.705207
v -7.078983 5.563388 1.729270
v -6.881443 5.563388 1.896969
v -7.187765 5.563388 1.822741
v -7.051715 5.563388 2.043275
v -7.320106 5.563388 1.878021
v -7.258864 5.563388 2.129803
v -7.463052 5.563388 1.889700
v -7.482612 5.563388 2.148084
v -6.868803 5.563388 1.288839
v -6.842153 5.563388 1.476980
v -6.884564 5.563388 1.655983
v -6.980213 5.563388 1.813120
v -7.119740 5.563388 1.933008
v -7.289485 5.563388 2.003912
v -7.472832 5.563388 2.018892
v -7.137319 5.468897 1.096629
v -7.053999 5.468897 1.195983
v -6.868803 5.468897 1.288839
v -6.995585 5.468897 1.282287
v -6.942146 5.468897 0.857802
v -6.792493 5.468897 1.024190
v -6.801727 5.468897 1.158693
v -7.137319 5.554784 1.096629
v -7.053999 5.554784 1.195983
v -6.995585 5.554784 1.282287
v -6.868803 5.554784 1.288839
v -6.801727 5.554784 1.158693
v -6.792493 5.554784 1.024190
v -6.942146 5.554784 0.857802
v -7.137319 5.475984 1.096629
v -7.053999 5.475984 1.195983
v -6.995585 5.475984 1.282287
v -6.868803 5.475984 1.288839
v -6.801727 5.475984 1.158693
v -6.792493 5.475984 1.024190
v -6.942146 5.475984 0.857802
v -7.137319 5.560524 1.096629
v -7.053999 5.560524 1.195983
v -6.995585 5.560524 1.282287
v -6.868803 5.560524 1.288839
v -6.801727 5.560524 1.158693
v -6.792493 5.560524 1.024190
v -6.942146 5.560524 0.857802
v -7.482648 5.563388 2.374185
v -7.305510 5.563388 2.370700
v -6.905818 5.563388 2.279770
v -6.669606 5.563388 2.076805
v -6.507676 5.563388 1.810780
v -6.435876 5.563388 1.507736
v -6.461237 5.563388 1.197336
v -6.581275 5.563388 0.909966
v -6.784240 5.563388 0.673754
v -7.050265 5.563388 0.511823
v -7.353309 5.563388 0.440024
v -7.663708 5.563388 0.465385
v -7.951079 5.563388 0.585423
v -8.187291 5.563388 0.788388
v -8.349221 5.563388 1.054413
v -8.421022 5.563388 1.357457
v -8.395661 5.563388 1.667856
v -8.163734 5.563388 2.073087
v -8.039361 5.563388 2.164256
v -7.783299 5.563388 2.296559
v -8.022619 5.546037 2.134514
v -7.883117 5.546037 2.006141
v -8.021172 5.546037 1.861038
v -8.089665 5.546037 2.043560
v -7.706348 5.546037 2.109205
v -7.767760 5.546037 2.258725
v -7.496214 5.546037 2.337622
v -7.508169 5.546037 2.160141
v -7.366289 5.546037 2.328079
v -7.343553 5.546037 2.185775
v -7.780252 5.559995 2.289141
v -8.039911 5.559995 2.157397
v -8.161251 5.559995 2.031664
v -8.034430 5.554708 1.820525
v -7.890924 5.559995 1.984791
v -7.702093 5.559995 2.098846
v -7.487610 5.559995 2.150442
v -7.304041 5.559995 2.166339
v -7.338769 5.559995 2.367568
v -7.485099 5.559995 2.366545
v -7.771850 5.548893 2.268684
v -8.027521 5.548893 2.145240
v -8.119316 5.548893 2.035420
v -8.025224 5.547812 1.861106
v -7.886281 5.548893 2.005588
v -7.707044 5.548893 2.110901
v -7.505529 5.548893 2.161972
v -7.337035 5.548893 2.185614
v -7.369270 5.548893 2.357127
v -7.494688 5.548893 2.345361
vt 0.793450 0.006239
vt 0.842358 0.006234
vt 0.842358 0.044275
vt 0.793450 0.044280
vt 0.891266 0.006236
vt 0.891266 0.044274
vt 0.940174 0.006236
vt 0.940174 0.044273
vt 0.989083 0.006237
vt 0.989083 0.044272
vt 0.500000 0.006284
vt 0.500000 0.044319
vt 0.548908 0.006279
vt 0.548908 0.044319
vt 0.597817 0.006272
vt 0.597817 0.044312
vt 0.646725 0.006267
vt 0.646725 0.044305
vt 0.695633 0.006261
vt 0.695633 0.044302
vt 0.744541 0.006252
vt 0.744541 0.044290
vt 0.413889 0.837166
vt 0.404034 0.820495
vt 0.461590 0.797720
vt 0.428413 0.849976
vt 0.446185 0.857670
vt 0.465464 0.859497
vt 0.457716 0.735943
vt 0.438816 0.740164
vt 0.422144 0.750019
vt 0.409335 0.764543
vt 0.401640 0.782314
vt 0.399813 0.801594
vt 0.807760 0.778497
vt 0.806415 0.780881
vt 0.799174 0.775402
vt 0.804346 0.782750
vt 0.801762 0.783898
vt 0.798935 0.784143
vt 0.799680 0.766354
vt 0.802320 0.767209
vt 0.804710 0.768743
vt 0.806594 0.770750
vt 0.807805 0.773190
vt 0.808233 0.775842
vt 0.793450 0.469401
vt 0.842358 0.469388
vt 0.842358 0.490427
vt 0.793450 0.490441
vt 0.891266 0.469376
vt 0.891266 0.490416
vt 0.940174 0.469364
vt 0.940174 0.490403
vt 0.989083 0.469352
vt 0.989083 0.490392
vt 0.500000 0.469451
vt 0.500000 0.490498
vt 0.548908 0.469452
vt 0.548908 0.490496
vt 0.597817 0.469450
vt 0.597817 0.490490
vt 0.646725 0.469439
vt 0.646725 0.490480
vt 0.695633 0.469426
vt 0.695633 0.490468
vt 0.744541 0.469414
vt 0.744541 0.490456
vt 0.842358 0.511094
vt 0.793450 0.511107
vt 0.891266 0.511082
vt 0.940174 0.511071
vt 0.989083 0.511060
vt 0.500000 0.511161
vt 0.548908 0.511160
vt 0.597817 0.511156
vt 0.646725 0.511147
vt 0.695633 0.511136
vt 0.744541 0.511123
vt 0.842358 0.536973
vt 0.793450 0.536987
vt 0.891266 0.536962
vt 0.940174 0.536954
vt 0.989083 0.536950
vt 0.500000 0.537040
vt 0.548908 0.537039
vt 0.597817 0.537033
vt 0.646725 0.537024
vt 0.695633 0.537015
vt 0.744541 0.537002
vt 0.842358 0.562791
vt 0.793450 0.562805
vt 0.891266 0.562780
vt 0.940174 0.562774
vt 0.989083 0.562777
vt 0.500000 0.562859
vt 0.548908 0.562856
vt 0.597817 0.562851
vt 0.646725 0.562844
vt 0.695633 0.562837
vt 0.744541 0.562823
vt 0.938244 0.818730
vt 0.917383 0.860119
vt 0.912448 0.856763
vt 0.932508 0.817080
vt 0.884595 0.893015
vt 0.880983 0.888260
vt 0.843088 0.913993
vt 0.841211 0.908314
vt 0.797147 0.921015
vt 0.797231 0.914969
vt 0.799629 0.621553
vt 0.799565 0.627458
vt 0.846046 0.628757
vt 0.844180 0.634377
vt 0.887270 0.651225
vt 0.883758 0.656019
vt 0.918877 0.685546
vt 0.914057 0.689065
vt 0.938537 0.727440
vt 0.932878 0.729378
vt 0.945359 0.773051
vt 0.939389 0.773224
vt 0.942335 0.819885
vt 0.920910 0.862488
vt 0.919246 0.861372
vt 0.940405 0.819341
vt 0.903637 0.850583
vt 0.922211 0.813970
vt 0.924240 0.814597
vt 0.905369 0.851815
vt 0.887187 0.896379
vt 0.885963 0.894794
vt 0.874597 0.879578
vt 0.875849 0.881301
vt 0.844453 0.918019
vt 0.843806 0.916123
vt 0.837961 0.898015
vt 0.838598 0.900051
vt 0.797088 0.925303
vt 0.797116 0.923283
vt 0.797381 0.904125
vt 0.797352 0.906249
vt 0.799676 0.617337
vt 0.799654 0.619326
vt 0.799458 0.638141
vt 0.799478 0.636017
vt 0.847358 0.624740
vt 0.846741 0.626637
vt 0.840752 0.644414
vt 0.841432 0.642439
vt 0.889761 0.647796
vt 0.888586 0.649414
vt 0.877370 0.664559
vt 0.878636 0.662882
vt 0.922304 0.683027
vt 0.920687 0.684215
vt 0.905321 0.695316
vt 0.907050 0.694092
vt 0.942565 0.726045
vt 0.940666 0.726702
vt 0.922638 0.732767
vt 0.924663 0.732108
vt 0.949613 0.772909
vt 0.947607 0.772976
vt 0.928625 0.773406
vt 0.930750 0.773383
vt 0.901760 0.849246
vt 0.920011 0.813289
vt 0.873241 0.877709
vt 0.837270 0.895809
vt 0.797413 0.901812
vt 0.799438 0.640438
vt 0.840019 0.646545
vt 0.876003 0.666375
vt 0.903447 0.696647
vt 0.920439 0.733485
vt 0.926319 0.773432
vt 0.917624 0.812547
vt 0.899723 0.847792
vt 0.899353 0.847530
vt 0.917191 0.812414
vt 0.871770 0.875679
vt 0.871501 0.875312
vt 0.836520 0.893413
vt 0.836381 0.892980
vt 0.797449 0.899306
vt 0.797455 0.898853
vt 0.799417 0.642937
vt 0.799413 0.643390
vt 0.839222 0.648852
vt 0.839080 0.649271
vt 0.874519 0.668342
vt 0.874251 0.668699
vt 0.901413 0.698090
vt 0.901045 0.698352
vt 0.918050 0.734264
vt 0.917619 0.734406
vt 0.923816 0.773457
vt 0.923363 0.773463
vt 0.797509 0.894743
vt 0.797516 0.894280
vt 0.835120 0.889049
vt 0.834977 0.888606
vt 0.869058 0.871990
vt 0.868782 0.871616
vt 0.895991 0.845156
vt 0.895612 0.844889
vt 0.913262 0.811210
vt 0.912819 0.811075
vt 0.919250 0.773518
vt 0.918786 0.773525
vt 0.913700 0.735697
vt 0.913258 0.735843
vt 0.897713 0.700733
vt 0.897338 0.701002
vt 0.871828 0.671939
vt 0.871556 0.672304
vt 0.837791 0.653068
vt 0.837647 0.653494
vt 0.799381 0.647511
vt 0.799378 0.647975
vt 0.908528 0.809781
vt 0.891931 0.842319
vt 0.891309 0.841897
vt 0.907807 0.809572
vt 0.866093 0.868007
vt 0.865634 0.867409
vt 0.833577 0.884323
vt 0.833331 0.883608
vt 0.797573 0.889791
vt 0.797583 0.889039
vt 0.799350 0.652474
vt 0.799346 0.653228
vt 0.836264 0.657611
vt 0.836041 0.658300
vt 0.868939 0.675836
vt 0.868476 0.676433
vt 0.893717 0.703614
vt 0.893115 0.704057
vt 0.908986 0.737273
vt 0.908272 0.737520
vt 0.914299 0.773604
vt 0.913548 0.773626
vt 0.797566 0.890381
vt 0.833764 0.884885
vt 0.866449 0.868480
vt 0.892416 0.842656
vt 0.909092 0.809949
vt 0.914889 0.773592
vt 0.909547 0.737083
vt 0.894192 0.703270
vt 0.869281 0.675371
vt 0.836444 0.657071
vt 0.799353 0.651882
vt 0.797439 0.899969
vt 0.836720 0.894048
vt 0.872161 0.876216
vt 0.900263 0.848177
vt 0.918257 0.812743
vt 0.924479 0.773450
vt 0.918683 0.734057
vt 0.901951 0.697707
vt 0.874911 0.667820
vt 0.839433 0.648241
vt 0.799422 0.642273
vt 0.799500 0.633757
vt 0.842158 0.640334
vt 0.879985 0.661095
vt 0.908890 0.692787
vt 0.926815 0.731406
vt 0.933010 0.773355
vt 0.926400 0.815261
vt 0.907214 0.853124
vt 0.877182 0.883133
vt 0.839273 0.902217
vt 0.797321 0.908510
vt 0.646725 0.564794
vt 0.597817 0.564800
vt 0.548908 0.564805
vt 0.500000 0.564808
vt 0.989083 0.564728
vt 0.940174 0.564724
vt 0.891266 0.564729
vt 0.842358 0.564741
vt 0.793450 0.564755
vt 0.744541 0.564773
vt 0.695633 0.564787
vt 0.940174 0.440913
vt 0.989083 0.440904
vt 0.891266 0.440924
vt 0.842358 0.440935
vt 0.793450 0.440945
vt 0.744541 0.440955
vt 0.695633 0.440969
vt 0.646725 0.440980
vt 0.597817 0.440990
vt 0.548908 0.440995
vt 0.500000 0.440994
vt 0.325352 0.910684
vt 0.297112 0.863055
vt 0.308154 0.858656
vt 0.334494 0.903089
vt 0.366928 0.947255
vt 0.373275 0.937206
vt 0.417770 0.969189
vt 0.420701 0.957670
vt 0.472667 0.974353
vt 0.471923 0.962490
vt 0.450513 0.621087
vt 0.451257 0.632950
vt 0.396255 0.633242
vt 0.400654 0.644284
vt 0.348626 0.661482
vt 0.356222 0.670624
vt 0.312055 0.703058
vt 0.322104 0.709405
vt 0.290121 0.753900
vt 0.301640 0.756831
vt 0.284972 0.809031
vt 0.296833 0.808260
vt 0.346281 0.893303
vt 0.322388 0.852992
vt 0.342080 0.845117
vt 0.362576 0.879728
vt 0.381461 0.924257
vt 0.392764 0.906311
vt 0.424485 0.942825
vt 0.429689 0.922265
vt 0.470965 0.947200
vt 0.469637 0.926034
vt 0.452216 0.648239
vt 0.453543 0.669406
vt 0.406318 0.658518
vt 0.414193 0.678210
vt 0.366007 0.682411
vt 0.379582 0.698706
vt 0.335053 0.717591
vt 0.352999 0.728894
vt 0.316485 0.760615
vt 0.337045 0.765819
vt 0.312121 0.807271
vt 0.333283 0.805867
vt 0.347788 0.842848
vt 0.367303 0.875806
vt 0.396048 0.901120
vt 0.431208 0.916313
vt 0.469253 0.919903
vt 0.453928 0.675537
vt 0.416462 0.683918
vt 0.383504 0.703433
vt 0.358190 0.732178
vt 0.342997 0.767338
vt 0.339413 0.805472
vt 0.695633 0.110411
vt 0.646725 0.110418
vt 0.597817 0.110425
vt 0.548908 0.110430
vt 0.500000 0.110431
vt 0.989083 0.110376
vt 0.940174 0.110378
vt 0.891266 0.110380
vt 0.842358 0.110385
vt 0.793450 0.110392
vt 0.744541 0.110402
vt 0.308176 0.758498
vt 0.303565 0.807825
vt 0.314422 0.856163
vt 0.339684 0.898780
vt 0.376880 0.931505
vt 0.422368 0.951134
vt 0.471501 0.955758
vt 0.451679 0.639682
vt 0.403147 0.650551
vt 0.360530 0.675814
vt 0.327805 0.713010
vt 0.372269 0.871678
vt 0.353786 0.840457
vt 0.355718 0.839692
vt 0.373869 0.870354
vt 0.399495 0.895660
vt 0.400608 0.893906
vt 0.432800 0.910055
vt 0.433316 0.908043
vt 0.468849 0.913458
vt 0.468719 0.911385
vt 0.454332 0.681981
vt 0.454462 0.684054
vt 0.418853 0.689916
vt 0.419618 0.691847
vt 0.387632 0.708399
vt 0.388956 0.709999
vt 0.363650 0.735625
vt 0.365404 0.736738
vt 0.349255 0.768929
vt 0.351267 0.769446
vt 0.345856 0.805052
vt 0.347930 0.804921
vt 0.375439 0.869055
vt 0.357612 0.838941
vt 0.377434 0.831064
vt 0.391857 0.855438
vt 0.401699 0.892186
vt 0.413106 0.874162
vt 0.433822 0.906069
vt 0.439100 0.885403
vt 0.468591 0.909352
vt 0.467256 0.888063
vt 0.454589 0.686088
vt 0.455924 0.707376
vt 0.420369 0.693742
vt 0.428246 0.713564
vt 0.390256 0.711569
vt 0.403873 0.727987
vt 0.367125 0.737829
vt 0.385149 0.749235
vt 0.353241 0.769952
vt 0.373907 0.775230
vt 0.349963 0.804792
vt 0.371249 0.803426
vt 0.548908 0.374883
vt 0.597817 0.374877
vt 0.500000 0.374885
vt 0.940174 0.374813
vt 0.989083 0.374811
vt 0.891266 0.374818
vt 0.842358 0.374825
vt 0.793450 0.374834
vt 0.744541 0.374845
vt 0.695633 0.374857
vt 0.646725 0.374868
vt 0.548908 0.308764
vt 0.597817 0.308761
vt 0.500000 0.308764
vt 0.940174 0.308705
vt 0.989083 0.308704
vt 0.891266 0.308709
vt 0.842358 0.308718
vt 0.793450 0.308728
vt 0.744541 0.308739
vt 0.695633 0.308749
vt 0.646725 0.308756
vt 0.548908 0.242650
vt 0.597817 0.242647
vt 0.500000 0.242650
vt 0.940174 0.242599
vt 0.989083 0.242597
vt 0.891266 0.242602
vt 0.842358 0.242606
vt 0.793450 0.242616
vt 0.744541 0.242628
vt 0.695633 0.242637
vt 0.646725 0.242644
vt 0.548908 0.176539
vt 0.597817 0.176535
vt 0.500000 0.176543
vt 0.940174 0.176488
vt 0.989083 0.176486
vt 0.891266 0.176493
vt 0.842358 0.176499
vt 0.793450 0.176507
vt 0.744541 0.176515
vt 0.695633 0.176523
vt 0.646725 0.176532
vt 0.799695 0.752170
vt 0.798586 0.800430
vt 0.806829 0.799298
vt 0.814291 0.795742
vt 0.820230 0.790146
vt 0.824053 0.783124
vt 0.825362 0.775480
vt 0.823958 0.768164
vt 0.820668 0.761764
vt 0.814721 0.756880
vt 0.807492 0.753803
vt 0.834870 0.743327
vt 0.848132 0.735509
vt 0.858051 0.754151
vt 0.845263 0.759331
vt 0.861044 0.773950
vt 0.847709 0.774106
vt 0.857898 0.793526
vt 0.845252 0.789138
vt 0.848790 0.810952
vt 0.838181 0.802699
vt 0.834771 0.824576
vt 0.827207 0.813383
vt 0.817341 0.833178
vt 0.813422 0.820122
vt 0.798125 0.835929
vt 0.798272 0.822369
vt 0.799396 0.734501
vt 0.824043 0.740464
vt 0.812228 0.736127
vt 0.798939 0.686318
vt 0.824585 0.690292
vt 0.846501 0.703302
vt 0.850785 0.718521
vt 0.870779 0.749743
vt 0.874503 0.773097
vt 0.870944 0.797017
vt 0.860096 0.818440
vt 0.843162 0.835296
vt 0.821820 0.846022
vt 0.797976 0.849504
vt 0.798936 0.725618
vt 0.812999 0.727171
vt 0.824648 0.731523
vt 0.832965 0.732984
vt 0.838566 0.729236
vt 0.798908 0.696712
vt 0.820302 0.700300
vt 0.835564 0.708870
vt 0.841304 0.718838
vt 0.799107 0.733733
vt 0.812089 0.735353
vt 0.823986 0.739679
vt 0.834715 0.742522
vt 0.847465 0.734971
vt 0.849378 0.718652
vt 0.845774 0.703677
vt 0.824232 0.691039
vt 0.798924 0.687138
vt 0.799020 0.726302
vt 0.812999 0.727870
vt 0.824580 0.732206
vt 0.833247 0.735671
vt 0.841272 0.731257
vt 0.843145 0.719049
vt 0.839973 0.707581
vt 0.821540 0.698070
vt 0.798882 0.694487
vt 0.799231 0.734273
vt 0.812121 0.735880
vt 0.823994 0.740203
vt 0.834814 0.743057
vt 0.847925 0.735310
vt 0.849822 0.718685
vt 0.846253 0.703421
vt 0.824458 0.690536
vt 0.798932 0.686590
vt 0.206550 0.006239
vt 0.157642 0.006234
vt 0.157642 0.044275
vt 0.206550 0.044280
vt 0.108734 0.006236
vt 0.108734 0.044274
vt 0.059826 0.006236
vt 0.059826 0.044273
vt 0.010918 0.006237
vt 0.010918 0.044272
vt 0.451092 0.006279
vt 0.451092 0.044319
vt 0.402184 0.006272
vt 0.402184 0.044312
vt 0.353275 0.006267
vt 0.353275 0.044305
vt 0.304367 0.006261
vt 0.304367 0.044302
vt 0.255459 0.006252
vt 0.255459 0.044290
vt 0.513846 0.830897
vt 0.521541 0.813125
vt 0.501036 0.845421
vt 0.484365 0.855276
vt 0.476996 0.737769
vt 0.494767 0.745464
vt 0.509291 0.758274
vt 0.519146 0.774945
vt 0.523367 0.793846
vt 0.790469 0.777787
vt 0.791653 0.780320
vt 0.793606 0.782365
vt 0.796122 0.783704
vt 0.796941 0.766758
vt 0.794358 0.768019
vt 0.792250 0.769902
vt 0.790818 0.772324
vt 0.790183 0.775028
vt 0.206550 0.469401
vt 0.157642 0.469388
vt 0.157642 0.490427
vt 0.206551 0.490441
vt 0.108734 0.469376
vt 0.108734 0.490416
vt 0.059826 0.469364
vt 0.059826 0.490403
vt 0.010918 0.469352
vt 0.010918 0.490392
vt 0.451092 0.469452
vt 0.451092 0.490496
vt 0.402184 0.469450
vt 0.402184 0.490490
vt 0.353275 0.469439
vt 0.353275 0.490480
vt 0.304367 0.469426
vt 0.304367 0.490468
vt 0.255459 0.469414
vt 0.255459 0.490456
vt 0.157642 0.511094
vt 0.206551 0.511107
vt 0.108734 0.511082
vt 0.059826 0.511071
vt 0.010918 0.511060
vt 0.451092 0.511160
vt 0.402184 0.511156
vt 0.353275 0.511147
vt 0.304367 0.511136
vt 0.255459 0.511123
vt 0.157642 0.536973
vt 0.206551 0.536987
vt 0.108734 0.536962
vt 0.059826 0.536954
vt 0.010918 0.536950
vt 0.451092 0.537039
vt 0.402184 0.537033
vt 0.353275 0.537024
vt 0.304367 0.537015
vt 0.255459 0.537002
vt 0.157642 0.562791
vt 0.206551 0.562805
vt 0.108734 0.562780
vt 0.059826 0.562774
vt 0.010918 0.562777
vt 0.451092 0.562856
vt 0.402184 0.562851
vt 0.353275 0.562844
vt 0.304367 0.562837
vt 0.255459 0.562823
vt 0.657854 0.816352
vt 0.678125 0.857893
vt 0.683145 0.854657
vt 0.663630 0.814830
vt 0.710301 0.891281
vt 0.714038 0.886620
vt 0.751364 0.913054
vt 0.753395 0.907426
vt 0.753085 0.628344
vt 0.754812 0.634020
vt 0.711279 0.649994
vt 0.714649 0.654892
vt 0.678689 0.683592
vt 0.683399 0.687240
vt 0.658364 0.725262
vt 0.663970 0.727334
vt 0.651169 0.770746
vt 0.657137 0.771049
vt 0.653736 0.817415
vt 0.674539 0.860176
vt 0.676231 0.859100
vt 0.655678 0.816914
vt 0.692115 0.848689
vt 0.674009 0.811952
vt 0.671963 0.812534
vt 0.690351 0.849880
vt 0.707619 0.894578
vt 0.708885 0.893025
vt 0.720655 0.878104
vt 0.719357 0.879795
vt 0.749889 0.917041
vt 0.750588 0.915163
vt 0.756927 0.897218
vt 0.756235 0.899236
vt 0.751872 0.624289
vt 0.752443 0.626204
vt 0.757992 0.644168
vt 0.757361 0.642171
vt 0.708888 0.646492
vt 0.710016 0.648144
vt 0.720769 0.663635
vt 0.719557 0.661916
vt 0.675338 0.680982
vt 0.676920 0.682212
vt 0.691917 0.693736
vt 0.690232 0.692463
vt 0.654374 0.723774
vt 0.656255 0.724475
vt 0.674107 0.730981
vt 0.672103 0.730271
vt 0.646919 0.770512
vt 0.648923 0.770622
vt 0.667901 0.771476
vt 0.665775 0.771404
vt 0.694029 0.847396
vt 0.676229 0.811321
vt 0.722061 0.876269
vt 0.757679 0.895030
vt 0.758673 0.646326
vt 0.722075 0.665497
vt 0.693737 0.695122
vt 0.676282 0.731757
vt 0.670208 0.771555
vt 0.678638 0.810632
vt 0.696105 0.845989
vt 0.696481 0.845736
vt 0.679074 0.810509
vt 0.723588 0.874276
vt 0.723866 0.873917
vt 0.758495 0.892655
vt 0.758645 0.892226
vt 0.759413 0.648664
vt 0.759545 0.649088
vt 0.723491 0.667517
vt 0.723746 0.667883
vt 0.695712 0.696625
vt 0.696069 0.696897
vt 0.678644 0.732599
vt 0.679071 0.732752
vt 0.672714 0.771638
vt 0.673167 0.771654
vt 0.760009 0.888327
vt 0.760163 0.887888
vt 0.726394 0.870651
vt 0.726679 0.870284
vt 0.699903 0.843435
vt 0.700290 0.843177
vt 0.683038 0.809385
vt 0.683485 0.809259
vt 0.677284 0.771798
vt 0.677748 0.771814
vt 0.682949 0.734141
vt 0.683386 0.734299
vt 0.699307 0.699374
vt 0.699671 0.699654
vt 0.726057 0.671208
vt 0.726316 0.671583
vt 0.760742 0.652931
vt 0.760876 0.653363
vt 0.687813 0.808047
vt 0.704035 0.840681
vt 0.704667 0.840271
vt 0.688541 0.807852
vt 0.729456 0.866735
vt 0.729930 0.866146
vt 0.761669 0.883638
vt 0.761932 0.882929
vt 0.762160 0.657534
vt 0.762366 0.658232
vt 0.728805 0.675211
vt 0.729216 0.675822
vt 0.703182 0.702369
vt 0.703766 0.702829
vt 0.687613 0.735834
vt 0.688319 0.736097
vt 0.682242 0.771984
vt 0.682995 0.772019
vt 0.761469 0.884196
vt 0.729089 0.867200
vt 0.703541 0.841008
vt 0.687244 0.808204
vt 0.681651 0.771961
vt 0.687057 0.735631
vt 0.702722 0.702011
vt 0.728481 0.674734
vt 0.761993 0.656986
vt 0.758278 0.893285
vt 0.723182 0.874804
vt 0.695554 0.846362
vt 0.677999 0.810814
vt 0.672049 0.771616
vt 0.678018 0.732376
vt 0.695189 0.696226
vt 0.723116 0.666981
vt 0.759217 0.648044
vt 0.756687 0.640042
vt 0.718264 0.660086
vt 0.688437 0.691107
vt 0.669971 0.729515
vt 0.663514 0.771325
vt 0.669786 0.813149
vt 0.688473 0.851144
vt 0.717975 0.881592
vt 0.755500 0.901384
vt 0.353275 0.564794
vt 0.402184 0.564800
vt 0.451092 0.564805
vt 0.010918 0.564728
vt 0.059826 0.564724
vt 0.108734 0.564729
vt 0.157642 0.564741
vt 0.206550 0.564755
vt 0.255459 0.564773
vt 0.304367 0.564787
vt 0.059826 0.440913
vt 0.010918 0.440904
vt 0.108734 0.440924
vt 0.157642 0.440935
vt 0.206550 0.440945
vt 0.255459 0.440955
vt 0.304367 0.440969
vt 0.353275 0.440980
vt 0.402184 0.440990
vt 0.451092 0.440995
vt 0.610874 0.892778
vt 0.632942 0.841994
vt 0.621437 0.839009
vt 0.600855 0.886384
vt 0.574193 0.934257
vt 0.566640 0.925080
vt 0.526490 0.962371
vt 0.522142 0.951308
vt 0.505864 0.626368
vt 0.502880 0.637873
vt 0.556648 0.648436
vt 0.550254 0.658456
vt 0.598127 0.685117
vt 0.588950 0.692670
vt 0.626241 0.732820
vt 0.615178 0.737168
vt 0.638237 0.786877
vt 0.626373 0.787593
vt 0.587938 0.878148
vt 0.606607 0.835168
vt 0.586085 0.829815
vt 0.570074 0.866715
vt 0.556900 0.913255
vt 0.543444 0.896862
vt 0.516533 0.937053
vt 0.508802 0.917304
vt 0.499038 0.652703
vt 0.493685 0.673225
vt 0.542018 0.671372
vt 0.530585 0.689236
vt 0.577125 0.702410
vt 0.560732 0.715866
vt 0.600923 0.742777
vt 0.581174 0.750509
vt 0.611082 0.788522
vt 0.589910 0.789773
vt 0.580139 0.828276
vt 0.564894 0.863414
vt 0.539537 0.892122
vt 0.506551 0.911588
vt 0.492147 0.679171
vt 0.527285 0.694416
vt 0.555992 0.719773
vt 0.575458 0.752760
vt 0.583779 0.790147
vt 0.304367 0.110411
vt 0.353275 0.110418
vt 0.402184 0.110425
vt 0.451092 0.110430
vt 0.010918 0.110376
vt 0.059826 0.110378
vt 0.108734 0.110380
vt 0.157642 0.110385
vt 0.206550 0.110392
vt 0.255459 0.110402
vt 0.608902 0.739638
vt 0.619640 0.788003
vt 0.614907 0.837318
vt 0.595167 0.882758
vt 0.562351 0.919873
vt 0.519672 0.945032
vt 0.501189 0.644403
vt 0.546628 0.664143
vt 0.583744 0.696959
vt 0.559451 0.859939
vt 0.573889 0.826653
vt 0.571877 0.826136
vt 0.557698 0.858826
vt 0.535435 0.887135
vt 0.534112 0.885534
vt 0.504190 0.905578
vt 0.503426 0.903646
vt 0.490524 0.685422
vt 0.490006 0.687433
vt 0.523810 0.699859
vt 0.522696 0.701612
vt 0.551005 0.723875
vt 0.549404 0.725199
vt 0.569448 0.755120
vt 0.567516 0.755884
vt 0.577333 0.790535
vt 0.575260 0.790665
vt 0.555979 0.857732
vt 0.569904 0.825627
vt 0.549253 0.820289
vt 0.537988 0.846273
vt 0.532814 0.883963
vt 0.519245 0.867505
vt 0.502678 0.901751
vt 0.494858 0.881906
vt 0.489498 0.689406
vt 0.484159 0.710058
vt 0.521602 0.703331
vt 0.510143 0.721322
vt 0.547833 0.726496
vt 0.531375 0.740065
vt 0.565621 0.756632
vt 0.545776 0.764452
vt 0.573227 0.790791
vt 0.551936 0.792095
vt 0.451092 0.374883
vt 0.402184 0.374877
vt 0.059826 0.374813
vt 0.010918 0.374811
vt 0.108734 0.374818
vt 0.157642 0.374825
vt 0.206550 0.374834
vt 0.255459 0.374845
vt 0.304367 0.374857
vt 0.353275 0.374868
vt 0.451092 0.308764
vt 0.402184 0.308761
vt 0.059826 0.308705
vt 0.010918 0.308704
vt 0.108734 0.308709
vt 0.157642 0.308718
vt 0.206550 0.308728
vt 0.255459 0.308739
vt 0.304367 0.308749
vt 0.353275 0.308756
vt 0.451092 0.242650
vt 0.402184 0.242647
vt 0.059826 0.242599
vt 0.010918 0.242597
vt 0.108734 0.242602
vt 0.157642 0.242606
vt 0.206550 0.242616
vt 0.255459 0.242628
vt 0.304367 0.242637
vt 0.353275 0.242644
vt 0.451092 0.176539
vt 0.402184 0.176535
vt 0.059826 0.176488
vt 0.010918 0.176486
vt 0.108734 0.176493
vt 0.157642 0.176499
vt 0.206550 0.176507
vt 0.255459 0.176515
vt 0.304367 0.176523
vt 0.353275 0.176532
vt 0.790405 0.798931
vt 0.783096 0.795032
vt 0.777399 0.789118
vt 0.773907 0.781805
vt 0.773010 0.773882
vt 0.774914 0.766258
vt 0.779068 0.759495
vt 0.784823 0.755312
vt 0.791951 0.752975
vt 0.762941 0.742164
vt 0.748872 0.734424
vt 0.739108 0.753387
vt 0.752597 0.757950
vt 0.736085 0.772868
vt 0.749928 0.772783
vt 0.739137 0.792308
vt 0.752112 0.787886
vt 0.747984 0.809828
vt 0.758888 0.801619
vt 0.761731 0.823730
vt 0.769595 0.812589
vt 0.778967 0.832734
vt 0.783192 0.819705
vt 0.774291 0.739503
vt 0.786423 0.735580
vt 0.772972 0.690192
vt 0.750427 0.703080
vt 0.745561 0.717837
vt 0.726096 0.748511
vt 0.722299 0.772043
vt 0.725850 0.795760
vt 0.736448 0.817234
vt 0.753088 0.834364
vt 0.774209 0.845527
vt 0.786217 0.735409
vt 0.774121 0.739320
vt 0.763004 0.741922
vt 0.749153 0.734339
vt 0.773136 0.690406
vt 0.750721 0.703058
vt 0.746615 0.718016
vt 0.786005 0.734926
vt 0.784977 0.727421
vt 0.773950 0.738844
vt 0.773212 0.731523
vt 0.763090 0.741419
vt 0.764342 0.734803
vt 0.749684 0.734113
vt 0.755807 0.730331
vt 0.747101 0.718004
vt 0.753788 0.718338
vt 0.751271 0.703192
vt 0.757064 0.707175
vt 0.773381 0.690891
vt 0.775912 0.697864
vt 0.784793 0.726742
vt 0.773031 0.730881
vt 0.765207 0.731886
vt 0.758487 0.728212
vt 0.757496 0.718638
vt 0.761980 0.708740
vt 0.777624 0.700470
vt 0.765256 0.873620
vt 0.736013 0.858383
vt 0.712849 0.834801
vt 0.698001 0.805178
vt 0.692829 0.772369
vt 0.697630 0.739411
vt 0.711316 0.708782
vt 0.734975 0.683620
vt 0.765262 0.667288
vt 0.799211 0.662422
vt 0.832900 0.667339
vt 0.862433 0.684134
vt 0.885196 0.709702
vt 0.898882 0.740632
vt 0.903753 0.773823
vt 0.898435 0.806771
vt 0.883251 0.836311
vt 0.859711 0.859552
vt 0.830194 0.874244
vt 0.797678 0.879124
vt 0.821820 0.846022
vt 0.843162 0.835296
vt 0.859711 0.859552
vt 0.830194 0.874244
vt 0.797976 0.849504
vt 0.797678 0.879124
vt 0.765256 0.873620
vt 0.774209 0.845527
vt 0.736013 0.858383
vt 0.753088 0.834364
vt 0.797678 0.879124
vt 0.830194 0.874244
vt 0.859711 0.859552
vt 0.843162 0.835296
vt 0.821820 0.846022
vt 0.797976 0.849504
vt 0.774209 0.845527
vt 0.753088 0.834364
vt 0.736013 0.858383
vt 0.765256 0.873620
vt 0.797678 0.879124
vt 0.830194 0.874244
vt 0.859711 0.859552
vt 0.843162 0.835296
vt 0.821820 0.846022
vt 0.797976 0.849504
vt 0.774209 0.845527
vt 0.753088 0.834364
vt 0.736013 0.858383
vt 0.765256 0.873620
vn -0.976608 -0.201917 -0.073932
vn -0.951656 -0.201917 0.231476
vn -0.971669 0.000000 0.236344
vn -0.997147 0.000000 -0.075487
vn -0.833548 -0.201916 0.514225
vn -0.851078 -0.000000 0.525039
vn -0.633847 -0.201916 0.746637
vn -0.647177 -0.000000 0.762340
vn -0.372101 -0.201916 0.905964
vn -0.379927 0.000000 0.925017
vn 0.372101 -0.201916 -0.905964
vn 0.073931 -0.201916 -0.976608
vn 0.075486 -0.000000 -0.997147
vn 0.379927 0.000000 -0.925017
vn -0.231476 -0.201916 -0.951656
vn -0.236344 -0.000000 -0.971669
vn -0.514225 -0.201916 -0.833548
vn -0.525039 0.000000 -0.851078
vn -0.746637 -0.201916 -0.633847
vn -0.762339 0.000000 -0.647177
vn -0.905963 -0.201917 -0.372102
vn -0.925016 0.000000 -0.379928
vn 0.196361 -0.979368 -0.047762
vn 0.201509 -0.979368 0.015255
vn 0.000019 -1.000000 -0.000047
vn 0.171991 -0.979368 -0.106103
vn 0.130786 -0.979368 -0.154058
vn 0.076778 -0.979368 -0.186933
vn -0.015254 -0.979368 0.201509
vn -0.076778 -0.979368 0.186933
vn 0.050395 -0.979173 0.196674
vn 0.104004 -0.980043 0.169407
vn 0.151519 -0.979379 0.133637
vn 0.186933 -0.979368 0.076778
vn 0.000000 1.000000 -0.000001
vn 0.000000 1.000000 -0.000000
vn 0.000000 1.000000 -0.000001
vn 0.000001 1.000000 -0.000003
vn 0.000000 1.000000 -0.000000
vn 0.000000 1.000000 -0.000000
vn 0.000001 1.000000 -0.000002
vn 0.000000 1.000000 -0.000001
vn -0.000001 1.000000 0.000003
vn 0.000001 1.000000 -0.000003
vn 0.000001 1.000000 -0.000003
vn 0.000000 1.000000 -0.000001
vn -0.991879 0.102655 -0.075088
vn -0.966536 0.102654 0.235096
vn -0.895953 0.387009 0.217927
vn -0.919445 0.387010 -0.069605
vn -0.846582 0.102654 0.522265
vn -0.784759 0.387009 0.484126
vn -0.643758 0.102654 0.758312
vn -0.596746 0.387009 0.702935
vn -0.377919 0.102654 0.920130
vn -0.350321 0.387009 0.852936
vn 0.377919 0.102654 -0.920130
vn 0.075087 0.102654 -0.991879
vn 0.069604 0.387009 -0.919445
vn 0.350321 0.387009 -0.852936
vn -0.235096 0.102654 -0.966536
vn -0.217927 0.387009 -0.895953
vn -0.522265 0.102654 -0.846582
vn -0.484126 0.387009 -0.784759
vn -0.758312 0.102654 -0.643758
vn -0.702935 0.387009 -0.596747
vn -0.920130 0.102654 -0.377920
vn -0.852935 0.387009 -0.350322
vn -0.832452 0.515776 0.202482
vn -0.854279 0.515776 -0.064671
vn -0.729138 0.515776 0.449813
vn -0.554452 0.515776 0.653114
vn -0.325492 0.515776 0.792483
vn 0.064671 0.515776 -0.854279
vn 0.325492 0.515776 -0.792483
vn -0.202482 0.515776 -0.832452
vn -0.449813 0.515776 -0.729139
vn -0.653114 0.515776 -0.554452
vn -0.792483 0.515776 -0.325493
vn -0.906754 0.359378 0.220555
vn -0.930529 0.359378 -0.070443
vn -0.794219 0.359378 0.489962
vn -0.603941 0.359378 0.711409
vn -0.354544 0.359378 0.863218
vn 0.070443 0.359378 -0.930530
vn 0.354544 0.359378 -0.863218
vn -0.220555 0.359378 -0.906754
vn -0.489962 0.359378 -0.794219
vn -0.711409 0.359378 -0.603941
vn -0.863218 0.359378 -0.354545
vn -0.952066 0.199859 0.231576
vn -0.977029 0.199859 -0.073963
vn -0.833908 0.199859 0.514446
vn -0.634120 0.199859 0.746959
vn -0.372261 0.199858 0.906354
vn 0.073963 0.199858 -0.977029
vn 0.372261 0.199858 -0.906354
vn -0.231576 0.199858 -0.952066
vn -0.514446 0.199858 -0.833907
vn -0.746959 0.199859 -0.634120
vn -0.906354 0.199859 -0.372262
vn -0.940427 -0.332459 -0.071193
vn -0.916398 -0.332460 0.222900
vn -0.971669 0.000000 0.236345
vn -0.997147 0.000000 -0.075486
vn -0.802667 -0.332460 0.495173
vn -0.851078 0.000000 0.525039
vn -0.610365 -0.332459 0.718976
vn -0.647177 0.000000 0.762340
vn -0.358316 -0.332458 0.872400
vn -0.379927 -0.000000 0.925017
vn 0.358315 -0.332459 -0.872400
vn 0.071191 -0.332458 -0.940427
vn 0.075486 0.000000 -0.997147
vn 0.379927 0.000000 -0.925017
vn -0.222902 -0.332458 -0.916399
vn -0.236344 0.000000 -0.971669
vn -0.495175 -0.332459 -0.802666
vn -0.525039 0.000000 -0.851078
vn -0.718977 -0.332458 -0.610364
vn -0.762340 0.000000 -0.647177
vn -0.872400 -0.332458 -0.358316
vn -0.925016 0.000000 -0.379928
vn -0.592323 -0.804452 -0.044842
vn -0.577189 -0.804452 0.140389
vn 0.046325 -0.998863 -0.011271
vn 0.047539 -0.998863 0.003597
vn 0.697399 0.696319 -0.169633
vn 0.715684 0.696320 0.054178
vn 0.047538 0.998863 0.003599
vn 0.046322 0.998863 -0.011264
vn -0.505556 -0.804454 0.311877
vn 0.040576 -0.998863 -0.025035
vn 0.610847 0.696320 -0.376836
vn 0.040573 0.998863 -0.025028
vn -0.384436 -0.804451 0.452845
vn 0.030854 -0.998863 -0.036344
vn 0.464500 0.696321 -0.547154
vn 0.030852 0.998863 -0.036341
vn -0.225686 -0.804445 0.549485
vn 0.018111 -0.998863 -0.044096
vn 0.272685 0.696319 -0.663914
vn 0.018110 0.998863 -0.044093
vn 0.225680 -0.804458 -0.549469
vn 0.044838 -0.804456 -0.592318
vn -0.003599 -0.998863 0.047538
vn -0.018113 -0.998863 0.044099
vn -0.054178 0.696320 0.715683
vn -0.272687 0.696315 0.663918
vn -0.018116 0.998863 0.044107
vn -0.003600 0.998863 0.047540
vn -0.140391 -0.804452 -0.577189
vn 0.011267 -0.998863 0.046325
vn 0.169636 0.696322 0.697395
vn 0.011268 0.998863 0.046322
vn -0.311883 -0.804449 -0.505560
vn 0.025029 -0.998863 0.040577
vn 0.376838 0.696322 0.610843
vn 0.025032 0.998863 0.040571
vn -0.452849 -0.804446 -0.384440
vn 0.036343 -0.998863 0.030855
vn 0.547152 0.696324 0.464497
vn 0.036344 0.998863 0.030853
vn -0.549480 -0.804448 -0.225688
vn 0.044100 -0.998863 0.018112
vn 0.663913 0.696321 0.272685
vn 0.044098 0.998863 0.018114
vn 0.971669 0.000000 -0.236347
vn 0.997147 0.000000 0.075486
vn 0.851077 0.000000 -0.525041
vn 0.647176 -0.000000 -0.762340
vn 0.379927 0.000000 -0.925017
vn -0.075486 -0.000000 0.997147
vn -0.379927 -0.000000 0.925017
vn 0.236344 -0.000001 0.971669
vn 0.525037 -0.000000 0.851080
vn 0.762339 -0.000000 0.647178
vn 0.925016 0.000000 0.379927
vn 0.850818 0.521497 0.064413
vn 0.829077 0.521502 -0.201660
vn 0.000004 1.000000 -0.000003
vn 0.000004 1.000000 0.000000
vn 0.726178 0.521508 -0.447990
vn 0.000003 1.000000 -0.000002
vn 0.552202 0.521503 -0.650467
vn 0.000001 1.000000 -0.000000
vn 0.324172 0.521503 -0.789270
vn 0.000001 1.000000 -0.000003
vn -0.324167 0.521525 0.789257
vn -0.064406 0.521511 0.850810
vn -0.000000 1.000000 0.000003
vn -0.000001 1.000000 0.000003
vn 0.201658 0.521504 0.829076
vn 0.000001 1.000000 0.000003
vn 0.447995 0.521499 0.726182
vn 0.000003 1.000000 0.000002
vn 0.650468 0.521496 0.552207
vn 0.000002 1.000000 0.000004
vn 0.789269 0.521504 0.324173
vn 0.000003 1.000000 0.000003
vn -0.020935 0.999477 0.024663
vn -0.012291 0.999477 0.029924
vn -0.146115 0.923089 0.355749
vn -0.248894 0.923090 0.293184
vn -0.027530 0.999477 0.016984
vn -0.327311 0.923090 0.201922
vn -0.031430 0.999477 0.007645
vn -0.373689 0.923090 0.090896
vn -0.032254 0.999477 -0.002440
vn -0.383486 0.923091 -0.029029
vn -0.029921 0.999477 -0.012288
vn -0.355746 0.923090 -0.146113
vn -0.024659 0.999477 -0.020934
vn -0.293181 0.923090 -0.248897
vn -0.016982 0.999477 -0.027529
vn -0.201921 0.923091 -0.327310
vn -0.007644 0.999477 -0.031432
vn -0.090896 0.923091 -0.373685
vn 0.002443 0.999477 -0.032256
vn 0.029030 0.923091 -0.383485
vn 0.012288 0.999477 -0.029918
vn 0.146112 0.923091 -0.355743
vn -0.191220 0.981441 -0.014472
vn -0.186328 0.981442 0.045312
vn 0.000001 1.000000 -0.000002
vn 0.000000 1.000000 -0.000001
vn -0.163203 0.981442 0.100676
vn 0.000000 1.000000 -0.000000
vn -0.124105 0.981441 0.146188
vn 0.000001 1.000000 -0.000001
vn -0.072850 0.981444 0.177371
vn 0.000001 1.000000 -0.000002
vn 0.072857 0.981441 -0.177387
vn 0.014482 0.981438 -0.191233
vn 0.000001 1.000000 -0.000002
vn 0.000000 1.000000 -0.000000
vn -0.045316 0.981438 -0.186348
vn 0.000001 1.000000 -0.000002
vn -0.100681 0.981440 -0.163213
vn 0.000002 1.000000 0.000000
vn -0.146188 0.981441 -0.124110
vn 0.000003 1.000000 0.000002
vn -0.177388 0.981441 -0.072853
vn 0.000001 1.000000 0.000001
vn -0.248900 0.923086 0.293190
vn -0.146117 0.923086 0.355755
vn -0.327320 0.923085 0.201929
vn -0.373698 0.923086 0.090899
vn -0.383495 0.923087 -0.029032
vn -0.355755 0.923086 -0.146117
vn -0.293190 0.923086 -0.248902
vn -0.201925 0.923086 -0.327321
vn -0.090896 0.923086 -0.373697
vn 0.029032 0.923086 -0.383496
vn 0.146117 0.923087 -0.355754
vn 0.647176 0.000002 -0.762341
vn 0.379927 0.000002 -0.925017
vn 0.851077 0.000001 -0.525040
vn 0.971669 0.000003 -0.236344
vn 0.997147 0.000003 0.075487
vn 0.925015 0.000002 0.379930
vn 0.762340 0.000005 0.647177
vn 0.525043 0.000005 0.851076
vn 0.236347 0.000003 0.971669
vn -0.075484 0.000002 0.997147
vn -0.379927 0.000002 0.925017
vn 0.361854 0.304754 -0.881015
vn 0.071896 0.304754 -0.949714
vn -0.225102 0.304754 -0.925448
vn -0.500064 0.304755 -0.810593
vn -0.726075 0.304755 -0.616392
vn -0.881014 0.304754 -0.361854
vn -0.949714 0.304755 -0.071895
vn -0.925447 0.304755 0.225103
vn -0.810593 0.304755 0.500064
vn -0.616392 0.304754 0.726076
vn -0.361854 0.304754 0.881015
vn -0.647177 0.000000 0.762340
vn -0.379927 0.000000 0.925017
vn -0.851078 0.000000 0.525039
vn -0.971669 0.000000 0.236344
vn -0.997147 0.000000 -0.075487
vn -0.925016 0.000000 -0.379927
vn -0.762339 0.000000 -0.647177
vn -0.525039 0.000000 -0.851078
vn -0.236344 0.000000 -0.971669
vn 0.075486 0.000000 -0.997147
vn 0.379927 0.000000 -0.925017
vn -0.499344 -0.865579 -0.037802
vn -0.486586 -0.865579 0.118355
vn -0.426197 -0.865578 0.262926
vn -0.324089 -0.865578 0.381759
vn -0.190257 -0.865578 0.463224
vn 0.190257 -0.865578 -0.463224
vn 0.037801 -0.865578 -0.499345
vn -0.118355 -0.865578 -0.486586
vn -0.262926 -0.865578 -0.426197
vn -0.381759 -0.865578 -0.324089
vn -0.463224 -0.865578 -0.190258
vn -0.586248 -0.797483 0.142596
vn -0.601620 -0.797483 -0.045544
vn -0.765877 -0.640368 -0.057979
vn -0.746309 -0.640368 0.181529
vn -0.513490 -0.797483 0.316778
vn -0.653686 -0.640368 0.403266
vn -0.390469 -0.797483 0.459951
vn -0.497077 -0.640368 0.585529
vn -0.229225 -0.797483 0.558101
vn -0.291810 -0.640367 0.710476
vn 0.045544 -0.797483 -0.601620
vn 0.229225 -0.797483 -0.558101
vn 0.291810 -0.640367 -0.710477
vn 0.057978 -0.640367 -0.765877
vn -0.142596 -0.797483 -0.586248
vn -0.181528 -0.640367 -0.746309
vn -0.316778 -0.797483 -0.513491
vn -0.403266 -0.640367 -0.653687
vn -0.459951 -0.797483 -0.390469
vn -0.585529 -0.640367 -0.497077
vn -0.558100 -0.797483 -0.229226
vn -0.710476 -0.640367 -0.291811
vn -0.997147 0.000000 -0.075487
vn -0.971669 0.000000 0.236344
vn -0.851078 -0.000000 0.525039
vn -0.647177 -0.000000 0.762339
vn -0.379927 0.000000 0.925017
vn 0.379927 0.000000 -0.925017
vn 0.075485 0.000000 -0.997147
vn -0.236344 0.000000 -0.971669
vn -0.525039 0.000000 -0.851078
vn -0.762339 0.000000 -0.647178
vn -0.925016 0.000000 -0.379927
vn -0.762339 0.000000 -0.647177
vn -0.525039 -0.000000 -0.851078
vn -0.236344 -0.000000 -0.971669
vn 0.075486 -0.000000 -0.997147
vn 0.379927 -0.000000 -0.925017
vn -0.379927 0.000000 0.925017
vn -0.647177 -0.000000 0.762340
vn -0.851078 -0.000000 0.525039
vn -0.971669 0.000000 0.236344
vn -0.997147 0.000000 -0.075487
vn -0.925016 0.000000 -0.379928
vn -0.381760 -0.865578 -0.324090
vn -0.463224 -0.865578 -0.190258
vn -0.499345 -0.865579 -0.037802
vn -0.486586 -0.865578 0.118355
vn -0.426197 -0.865578 0.262926
vn -0.324089 -0.865578 0.381759
vn -0.190257 -0.865578 0.463224
vn 0.190257 -0.865578 -0.463224
vn 0.037801 -0.865578 -0.499345
vn -0.118355 -0.865578 -0.486587
vn -0.262926 -0.865578 -0.426198
vn -0.934261 -0.274801 0.227245
vn -0.958758 -0.274801 -0.072581
vn -0.000000 -1.000000 0.000000
vn -0.000000 -1.000000 0.000001
vn -0.818313 -0.274801 0.504826
vn -0.000000 -1.000000 0.000000
vn -0.622262 -0.274801 0.732990
vn 0.000000 -1.000000 -0.000000
vn -0.365300 -0.274802 0.889404
vn 0.000000 -1.000000 0.000000
vn 0.072579 -0.274802 -0.958758
vn 0.365300 -0.274802 -0.889404
vn 0.000000 -1.000000 -0.000000
vn 0.000000 -1.000000 -0.000000
vn -0.227245 -0.274802 -0.934261
vn 0.000000 -1.000000 -0.000000
vn -0.504825 -0.274802 -0.818312
vn -0.000000 -1.000000 0.000000
vn -0.732990 -0.274803 -0.622261
vn 0.000000 -1.000000 -0.000000
vn -0.889404 -0.274803 -0.365301
vn 0.000000 -1.000000 -0.000000
vn 0.217224 -0.974691 -0.052837
vn 0.222920 -0.974691 0.016876
vn 0.261875 -0.964898 0.019825
vn 0.255184 -0.964898 -0.062070
vn 0.190265 -0.974691 -0.117377
vn 0.223514 -0.964898 -0.137888
vn 0.144682 -0.974691 -0.170427
vn 0.169964 -0.964898 -0.200209
vn 0.084936 -0.974691 -0.206795
vn 0.099778 -0.964898 -0.242932
vn -0.016875 -0.974691 0.222920
vn -0.084936 -0.974691 0.206795
vn -0.099778 -0.964898 0.242932
vn -0.019824 -0.964898 0.261875
vn 0.052837 -0.974691 0.217225
vn 0.062705 -0.965214 0.253832
vn 0.117377 -0.974691 0.190265
vn 0.137248 -0.965363 0.221894
vn 0.170427 -0.974691 0.144682
vn 0.198249 -0.965248 0.170275
vn 0.206795 -0.974691 0.084936
vn 0.242932 -0.964898 0.099778
vn 0.075486 0.000000 -0.997147
vn -0.236344 0.000000 -0.971669
vn 0.379927 0.000000 -0.925017
vn -0.647177 0.000000 0.762340
vn -0.379927 0.000000 0.925017
vn -0.851078 0.000000 0.525039
vn -0.971669 0.000000 0.236344
vn -0.997147 0.000000 -0.075487
vn -0.925016 0.000000 -0.379927
vn -0.762339 0.000000 -0.647178
vn -0.525039 0.000000 -0.851078
vn 0.075486 -0.000000 -0.997147
vn -0.236344 0.000000 -0.971669
vn 0.379927 -0.000000 -0.925017
vn -0.647177 0.000000 0.762340
vn -0.379927 0.000000 0.925017
vn -0.851078 0.000000 0.525039
vn -0.971669 0.000000 0.236344
vn -0.997147 0.000000 -0.075487
vn -0.925016 0.000000 -0.379928
vn -0.762339 -0.000000 -0.647178
vn -0.525039 -0.000000 -0.851078
vn 0.075486 0.000000 -0.997147
vn -0.236344 0.000000 -0.971669
vn 0.379927 -0.000000 -0.925017
vn -0.647177 0.000000 0.762340
vn -0.379927 0.000000 0.925017
vn -0.851078 0.000000 0.525039
vn -0.971669 0.000000 0.236344
vn -0.997147 0.000000 -0.075487
vn -0.925016 0.000000 -0.379928
vn -0.762339 -0.000000 -0.647178
vn -0.525039 -0.000000 -0.851078
vn 0.075486 0.000000 -0.997147
vn -0.236344 0.000000 -0.971669
vn 0.379927 0.000000 -0.925017
vn -0.647177 0.000000 0.762340
vn -0.379927 0.000000 0.925017
vn -0.851078 0.000000 0.525039
vn -0.971669 0.000000 0.236344
vn -0.997147 0.000000 -0.075487
vn -0.925016 0.000000 -0.379928
vn -0.762339 0.000000 -0.647177
vn -0.525039 0.000000 -0.851078
vn -0.000000 1.000000 0.000001
vn -0.000000 1.000000 0.000001
vn 0.000000 1.000000 -0.000001
vn -0.000000 1.000000 0.000001
vn -0.000000 1.000000 0.000000
vn 0.000001 1.000000 -0.000002
vn -0.000000 1.000000 0.000000
vn -0.000000 1.000000 0.000001
vn -0.000000 1.000000 0.000001
vn 0.000000 1.000000 -0.000001
vn 0.000000 1.000000 -0.000001
vn -0.000000 1.000000 0.000000
vn 0.000000 1.000000 -0.000001
vn 0.000000 1.000000 -0.000000
vn -0.000000 1.000000 0.000000
vn -0.000000 1.000000 0.000000
vn 0.000000 1.000000 -0.000000
vn 0.000000 1.000000 -0.000001
vn -0.000000 1.000000 0.000000
vn -0.005126 0.999961 0.007251
vn -0.000000 1.000000 0.000001
vn -0.013454 0.999868 0.009154
vn -0.000000 1.000000 0.000000
vn -0.009029 0.999958 0.001365
vn -0.000000 1.000000 0.000000
vn 0.000000 1.000000 -0.000001
vn -0.000000 1.000000 0.000000
vn -0.000000 1.000000 0.000000
vn 0.000000 1.000000 -0.000001
vn 0.000000 1.000000 -0.000000
vn -0.000000 1.000000 0.000000
vn -0.000000 1.000000 0.000001
vn -0.000000 1.000000 0.000000
vn -0.000000 1.000000 0.000000
vn -0.000000 1.000000 0.000000
vn 0.000000 1.000000 -0.000000
vn 0.000000 1.000000 0.000001
vn 0.000000 1.000000 -0.000000
vn 0.000001 1.000000 0.000001
vn -0.000000 1.000000 0.000000
vn 0.000001 1.000000 0.000000
vn 0.000000 1.000000 -0.000000
vn 0.000000 1.000000 -0.000000
vn 0.000000 1.000000 -0.000001
vn 0.005628 0.999984 0.000455
vn 0.005528 0.999979 0.003238
vn 0.007872 0.999969 0.000636
vn 0.006550 0.999968 0.004511
vn -0.000000 1.000000 0.000000
vn -0.000000 1.000000 0.000001
vn 0.000001 1.000000 -0.000002
vn 0.000001 1.000000 -0.000002
vn -0.000000 1.000000 0.000001
vn -0.000000 1.000000 0.000001
vn -0.015353 0.999879 0.002322
vn 0.000000 1.000000 -0.000001
vn 0.100739 0.000001 -0.994913
vn 0.379926 0.000000 -0.925017
vn 0.379927 0.000000 -0.925017
vn 0.100754 0.000000 -0.994911
vn -0.138893 0.000001 -0.990308
vn -0.138879 0.000000 -0.990309
vn 0.665238 -0.000004 -0.746631
vn 0.665238 -0.000004 -0.746631
vn 0.665227 -0.000000 -0.746641
vn 0.665227 0.000000 -0.746641
vn -0.195111 0.000000 -0.980781
vn -0.195097 0.000000 -0.980784
vn -0.379927 0.000000 0.925017
vn -0.093376 0.000000 0.995631
vn -0.093383 0.000001 0.995630
vn -0.379927 0.000000 0.925017
vn 0.058865 0.000000 0.998266
vn 0.058840 0.000002 0.998267
vn 0.328907 -0.908507 0.257751
vn 0.328907 -0.908507 0.257751
vn 0.652840 -0.523523 0.547470
vn 0.623820 -0.582745 0.520822
vn 0.380840 -0.914279 0.138036
vn 0.380840 -0.914279 0.138036
vn 0.759803 -0.600044 0.250295
vn 0.769911 -0.585784 0.253169
vn 0.100751 -0.000000 -0.994912
vn 0.379927 0.000000 -0.925017
vn 0.379927 0.000000 -0.925017
vn 0.100751 0.000000 -0.994912
vn -0.138879 -0.000000 -0.990309
vn -0.138879 0.000000 -0.990309
vn -0.195086 0.000000 -0.980786
vn -0.195087 0.000000 -0.980786
vn 0.665224 0.000000 -0.746644
vn 0.665224 0.000000 -0.746644
vn 0.665224 0.000000 -0.746643
vn 0.665224 0.000000 -0.746643
vn 0.954281 0.000000 0.298910
vn 0.954281 0.000000 0.298910
vn 0.954281 0.000000 0.298910
vn 0.954281 0.000000 0.298910
vn 0.757783 0.000000 0.652507
vn 0.757783 0.000000 0.652507
vn 0.757783 0.000000 0.652507
vn 0.757783 0.000000 0.652507
vn -0.093383 0.000001 0.995630
vn 0.058832 0.000001 0.998268
vn 0.058832 0.000001 0.998268
vn -0.093383 0.000001 0.995630
vn -0.379927 0.000000 0.925017
vn -0.379927 0.000000 0.925017
vn 0.379927 0.000000 -0.925017
vn 0.100758 0.000000 -0.994911
vn -0.138870 0.000000 -0.990311
vn -0.195093 0.000000 -0.980785
vn 0.665225 0.000000 -0.746643
vn 0.665225 0.000000 -0.746643
vn 0.954281 0.000000 0.298912
vn 0.954281 0.000000 0.298912
vn 0.757786 0.000000 0.652503
vn 0.757786 0.000000 0.652503
vn 0.058833 0.000000 0.998268
vn -0.093384 0.000000 0.995630
vn -0.379927 0.000000 0.925017
vn 0.746638 -0.201917 0.633847
vn 0.762340 0.000000 0.647177
vn 0.525039 0.000000 0.851078
vn 0.514225 -0.201917 0.833548
vn 0.236344 -0.000000 0.971669
vn 0.231476 -0.201916 0.951656
vn -0.075486 -0.000000 0.997147
vn -0.073931 -0.201916 0.976608
vn 0.647178 -0.000000 -0.762339
vn 0.633848 -0.201916 -0.746637
vn 0.851078 -0.000000 -0.525039
vn 0.833548 -0.201916 -0.514225
vn 0.971669 0.000000 -0.236344
vn 0.951656 -0.201916 -0.231476
vn 0.997147 0.000000 0.075486
vn 0.976608 -0.201916 0.073931
vn 0.925017 0.000000 0.379925
vn 0.905964 -0.201917 0.372100
vn -0.106103 -0.979368 -0.171991
vn -0.154058 -0.979368 -0.130785
vn -0.047762 -0.979368 -0.196361
vn 0.015255 -0.979368 -0.201509
vn -0.130786 -0.979368 0.154058
vn -0.174084 -0.979173 0.104475
vn -0.193052 -0.980043 0.047399
vn -0.201708 -0.979379 -0.011441
vn -0.186933 -0.979368 -0.076778
vn -0.000001 1.000000 0.000001
vn -0.000000 1.000000 0.000001
vn 0.000001 1.000000 -0.000003
vn 0.000000 1.000000 -0.000000
vn 0.000001 1.000000 -0.000003
vn -0.000001 1.000000 0.000002
vn 0.000000 1.000000 -0.000001
vn 0.000001 1.000000 -0.000002
vn 0.000000 1.000000 -0.000001
vn 0.758313 0.102655 0.643758
vn 0.702935 0.387009 0.596746
vn 0.484126 0.387009 0.784759
vn 0.522265 0.102654 0.846582
vn 0.217927 0.387009 0.895953
vn 0.235096 0.102654 0.966536
vn -0.069604 0.387009 0.919445
vn -0.075087 0.102654 0.991879
vn 0.596747 0.387009 -0.702935
vn 0.643759 0.102654 -0.758312
vn 0.784759 0.387009 -0.484126
vn 0.846582 0.102654 -0.522265
vn 0.895953 0.387009 -0.217928
vn 0.966536 0.102654 -0.235095
vn 0.919445 0.387009 0.069604
vn 0.991879 0.102654 0.075087
vn 0.852936 0.387009 0.350320
vn 0.920130 0.102654 0.377918
vn 0.653114 0.515776 0.554451
vn 0.449813 0.515776 0.729139
vn 0.202481 0.515776 0.832452
vn -0.064671 0.515776 0.854279
vn 0.554452 0.515776 -0.653114
vn 0.729138 0.515776 -0.449813
vn 0.832452 0.515776 -0.202482
vn 0.854279 0.515776 0.064670
vn 0.792484 0.515776 0.325491
vn 0.711409 0.359378 0.603940
vn 0.489962 0.359378 0.794219
vn 0.220554 0.359378 0.906754
vn -0.070443 0.359378 0.930530
vn 0.603941 0.359378 -0.711409
vn 0.794220 0.359378 -0.489962
vn 0.906754 0.359378 -0.220554
vn 0.930530 0.359378 0.070443
vn 0.863219 0.359378 0.354544
vn 0.746959 0.199859 0.634120
vn 0.514447 0.199858 0.833907
vn 0.231576 0.199858 0.952066
vn -0.073963 0.199858 0.977029
vn 0.634121 0.199858 -0.746959
vn 0.833908 0.199858 -0.514446
vn 0.952066 0.199858 -0.231576
vn 0.977029 0.199859 0.073963
vn 0.906355 0.199859 0.372260
vn 0.718976 -0.332459 0.610364
vn 0.762340 0.000000 0.647177
vn 0.525039 0.000000 0.851078
vn 0.495174 -0.332460 0.802667
vn 0.236344 0.000000 0.971669
vn 0.222901 -0.332460 0.916398
vn -0.075486 -0.000000 0.997147
vn -0.071192 -0.332458 0.940427
vn 0.647177 0.000000 -0.762340
vn 0.610365 -0.332458 -0.718976
vn 0.851078 0.000000 -0.525039
vn 0.802668 -0.332458 -0.495173
vn 0.971669 0.000000 -0.236344
vn 0.916399 -0.332458 -0.222901
vn 0.997147 0.000000 0.075486
vn 0.940427 -0.332458 0.071191
vn 0.925017 0.000000 0.379925
vn 0.872400 -0.332458 0.358315
vn 0.452843 -0.804452 0.384434
vn -0.036343 -0.998863 -0.030855
vn -0.025029 -0.998863 -0.040579
vn 0.311885 -0.804452 0.505553
vn -0.376835 0.696319 -0.610848
vn -0.025031 0.998863 -0.040572
vn -0.036343 0.998863 -0.030854
vn -0.547155 0.696320 -0.464501
vn -0.011266 -0.998863 -0.046326
vn 0.140395 -0.804453 0.577187
vn -0.169632 0.696320 -0.697398
vn -0.011269 0.998863 -0.046320
vn 0.003597 -0.998863 -0.047535
vn -0.044843 -0.804448 0.592328
vn 0.054177 0.696321 -0.715682
vn 0.003597 0.998863 -0.047534
vn -0.030853 -0.998863 0.036343
vn 0.384432 -0.804456 -0.452838
vn -0.464500 0.696319 0.547156
vn -0.030856 0.998863 0.036350
vn -0.040574 -0.998863 0.025030
vn 0.505554 -0.804452 -0.311883
vn -0.610846 0.696322 0.376833
vn -0.040573 0.998863 0.025028
vn -0.046322 -0.998863 0.011266
vn 0.577193 -0.804449 -0.140395
vn -0.697396 0.696322 0.169630
vn -0.046322 0.998863 0.011263
vn -0.047537 -0.998863 -0.003601
vn 0.592331 -0.804446 0.044839
vn -0.715680 0.696324 -0.054177
vn -0.047538 0.998863 -0.003599
vn -0.044099 -0.998863 -0.018113
vn 0.549482 -0.804449 0.225682
vn -0.663912 0.696321 -0.272685
vn -0.044100 0.998863 -0.018111
vn -0.762340 0.000000 -0.647177
vn -0.525037 0.000000 -0.851079
vn -0.236342 0.000000 -0.971670
vn 0.075487 0.000000 -0.997147
vn -0.647177 -0.000000 0.762340
vn -0.851078 -0.000001 0.525039
vn -0.971669 -0.000000 0.236347
vn -0.997147 -0.000000 -0.075485
vn -0.925017 0.000000 -0.379926
vn -0.650469 0.521496 -0.552207
vn -0.000001 1.000000 -0.000006
vn -0.000001 1.000000 -0.000005
vn -0.447993 0.521503 -0.726180
vn -0.000002 1.000000 -0.000000
vn -0.201663 0.521511 -0.829071
vn -0.000001 1.000000 -0.000000
vn 0.064408 0.521506 -0.850813
vn -0.000002 1.000000 0.000003
vn -0.552202 0.521510 0.650462
vn -0.000003 1.000000 0.000003
vn -0.726179 0.521502 0.447995
vn -0.000003 1.000000 -0.000001
vn -0.829080 0.521499 0.201657
vn -0.000004 1.000000 0.000000
vn -0.850818 0.521498 -0.064408
vn -0.000003 1.000000 -0.000001
vn -0.789270 0.521503 -0.324172
vn -0.002444 0.999477 0.032259
vn -0.029031 0.923090 0.383488
vn 0.007643 0.999477 0.031434
vn 0.090894 0.923090 0.373690
vn 0.016983 0.999477 0.027530
vn 0.201919 0.923089 0.327315
vn 0.024659 0.999477 0.020933
vn 0.293181 0.923090 0.248896
vn 0.029921 0.999477 0.012289
vn 0.355746 0.923090 0.146113
vn 0.032254 0.999477 0.002440
vn 0.383488 0.923090 0.029026
vn 0.031430 0.999477 -0.007645
vn 0.373687 0.923091 -0.090893
vn 0.027530 0.999477 -0.016985
vn 0.327309 0.923092 -0.201916
vn 0.020935 0.999477 -0.024661
vn 0.248893 0.923091 -0.293182
vn 0.146187 0.981440 0.124112
vn -0.000000 1.000000 0.000001
vn -0.000000 1.000000 0.000000
vn 0.100683 0.981441 0.163207
vn -0.000001 1.000000 0.000002
vn 0.045321 0.981440 0.186335
vn -0.000000 1.000000 0.000001
vn -0.014475 0.981441 0.191215
vn 0.000000 1.000000 -0.000000
vn 0.124114 0.981437 -0.146210
vn -0.000000 1.000000 0.000001
vn 0.163217 0.981437 -0.100710
vn -0.000002 1.000000 0.000001
vn 0.186336 0.981440 -0.045333
vn -0.000003 1.000000 -0.000001
vn 0.191219 0.981441 0.014473
vn -0.000002 1.000000 0.000000
vn 0.177386 0.981441 0.072860
vn -0.029031 0.923087 0.383494
vn 0.090895 0.923085 0.373700
vn 0.201924 0.923085 0.327323
vn 0.293190 0.923086 0.248900
vn 0.355755 0.923086 0.146117
vn 0.383497 0.923086 0.029029
vn 0.373698 0.923086 -0.090900
vn 0.327319 0.923086 -0.201929
vn 0.248900 0.923086 -0.293191
vn 0.075488 0.000002 -0.997147
vn -0.236344 0.000001 -0.971669
vn -0.525040 0.000003 -0.851077
vn -0.762340 0.000003 -0.647177
vn -0.925018 0.000002 -0.379924
vn -0.997147 0.000005 -0.075487
vn -0.971671 0.000005 0.236340
vn -0.851080 0.000003 0.525036
vn -0.647179 0.000002 0.762338
vn 0.616392 0.304754 -0.726076
vn 0.810593 0.304754 -0.500064
vn 0.925448 0.304755 -0.225101
vn 0.949713 0.304755 0.071895
vn 0.881015 0.304754 0.361853
vn 0.726076 0.304754 0.616392
vn 0.500062 0.304755 0.810594
vn 0.225101 0.304755 0.925448
vn -0.071895 0.304754 0.949714
vn -0.075486 0.000000 0.997147
vn 0.236344 0.000000 0.971669
vn 0.525039 0.000000 0.851078
vn 0.762340 0.000000 0.647177
vn 0.925017 0.000000 0.379926
vn 0.997147 0.000000 0.075486
vn 0.971669 0.000000 -0.236344
vn 0.851078 0.000000 -0.525039
vn 0.647178 0.000000 -0.762339
vn 0.262926 -0.865579 0.426197
vn 0.381759 -0.865579 0.324088
vn 0.118355 -0.865579 0.486586
vn -0.037801 -0.865578 0.499345
vn 0.324089 -0.865578 -0.381759
vn 0.426197 -0.865578 -0.262926
vn 0.486586 -0.865579 -0.118355
vn 0.499345 -0.865578 0.037801
vn 0.463224 -0.865578 0.190257
vn 0.316778 -0.797483 0.513490
vn 0.403266 -0.640368 0.653686
vn 0.585529 -0.640368 0.497076
vn 0.459951 -0.797483 0.390468
vn 0.142596 -0.797483 0.586248
vn 0.181528 -0.640367 0.746309
vn -0.045544 -0.797483 0.601620
vn -0.057978 -0.640367 0.765877
vn 0.390469 -0.797483 -0.459951
vn 0.497077 -0.640367 -0.585529
vn 0.513490 -0.797483 -0.316778
vn 0.653686 -0.640368 -0.403266
vn 0.586248 -0.797483 -0.142596
vn 0.746309 -0.640367 -0.181529
vn 0.601620 -0.797483 0.045544
vn 0.765877 -0.640367 0.057978
vn 0.558101 -0.797483 0.229225
vn 0.710477 -0.640367 0.291809
vn 0.525039 0.000000 0.851078
vn 0.762340 0.000000 0.647177
vn 0.236344 -0.000000 0.971669
vn -0.075486 -0.000000 0.997147
vn 0.647178 0.000000 -0.762339
vn 0.851078 0.000000 -0.525039
vn 0.971669 0.000000 -0.236344
vn 0.997147 0.000000 0.075486
vn 0.925017 0.000000 0.379926
vn 0.971669 0.000000 -0.236344
vn 0.997147 0.000000 0.075486
vn 0.851078 -0.000000 -0.525039
vn 0.647178 -0.000000 -0.762339
vn -0.075486 -0.000000 0.997147
vn 0.236344 -0.000000 0.971669
vn 0.525039 0.000000 0.851078
vn 0.762340 0.000000 0.647177
vn 0.925017 0.000000 0.379925
vn 0.463224 -0.865578 0.190257
vn 0.499345 -0.865578 0.037801
vn 0.381760 -0.865578 0.324089
vn 0.262926 -0.865578 0.426197
vn 0.118355 -0.865579 0.486586
vn -0.037801 -0.865579 0.499345
vn 0.324089 -0.865578 -0.381759
vn 0.426197 -0.865578 -0.262926
vn 0.486586 -0.865578 -0.118355
vn 0.504826 -0.274801 0.818313
vn -0.000000 -1.000000 0.000001
vn -0.000000 -1.000000 0.000000
vn 0.732991 -0.274801 0.622261
vn 0.227245 -0.274801 0.934261
vn -0.000000 -1.000000 0.000000
vn -0.072580 -0.274801 0.958758
vn 0.000000 -1.000000 0.000000
vn 0.622262 -0.274802 -0.732990
vn 0.000000 -1.000000 0.000000
vn 0.818312 -0.274802 -0.504825
vn 0.000000 -1.000000 0.000000
vn 0.934261 -0.274802 -0.227245
vn -0.000000 -1.000000 0.000000
vn 0.958757 -0.274803 0.072580
vn -0.000000 -1.000000 0.000000
vn 0.889405 -0.274802 0.365299
vn -0.000000 -1.000000 0.000000
vn -0.117377 -0.974691 -0.190265
vn -0.137888 -0.964898 -0.223514
vn -0.200209 -0.964898 -0.169964
vn -0.170427 -0.974691 -0.144681
vn -0.052837 -0.974691 -0.217224
vn -0.062070 -0.964898 -0.255184
vn 0.016875 -0.974691 -0.222920
vn 0.019824 -0.964898 -0.261875
vn -0.144682 -0.974691 0.170427
vn -0.169965 -0.964898 0.200209
vn -0.190265 -0.974691 0.117377
vn -0.223016 -0.965214 0.136480
vn -0.217225 -0.974691 0.052837
vn -0.253590 -0.965363 0.061367
vn -0.222920 -0.974691 -0.016875
vn -0.260699 -0.965248 -0.018226
vn -0.206795 -0.974691 -0.084936
vn -0.242932 -0.964898 -0.099778
vn 0.647178 0.000000 -0.762339
vn 0.851078 0.000000 -0.525039
vn -0.075486 0.000000 0.997147
vn 0.236344 0.000000 0.971669
vn 0.525039 0.000000 0.851078
vn 0.762340 0.000000 0.647177
vn 0.925017 0.000000 0.379926
vn 0.997147 0.000000 0.075486
vn 0.971669 0.000000 -0.236344
vn 0.647178 -0.000000 -0.762339
vn 0.851078 0.000000 -0.525039
vn -0.075486 0.000000 0.997147
vn 0.236344 0.000000 0.971669
vn 0.525039 0.000000 0.851078
vn 0.762340 0.000000 0.647177
vn 0.925017 0.000000 0.379926
vn 0.997147 -0.000000 0.075486
vn 0.971669 -0.000000 -0.236344
vn 0.647178 0.000000 -0.762339
vn 0.851078 0.000000 -0.525039
vn -0.075486 0.000000 0.997147
vn 0.236344 0.000000 0.971669
vn 0.525039 0.000000 0.851078
vn 0.762340 0.000000 0.647177
vn 0.925017 0.000000 0.379925
vn 0.997147 -0.000000 0.075486
vn 0.971669 -0.000000 -0.236344
vn 0.647178 0.000000 -0.762339
vn 0.851078 0.000000 -0.525039
vn -0.075486 0.000000 0.997147
vn 0.236344 0.000000 0.971669
vn 0.525039 0.000000 0.851078
vn 0.762340 0.000000 0.647177
vn 0.925017 0.000000 0.379925
vn 0.997147 0.000000 0.075486
vn 0.971669 0.000000 -0.236344
vn -0.000000 1.000000 0.000001
vn 0.000000 1.000000 -0.000001
vn -0.000000 1.000000 0.000001
vn -0.000000 1.000000 0.000000
vn 0.000001 1.000000 -0.000002
vn -0.000000 1.000000 0.000000
vn -0.000000 1.000000 0.000001
vn -0.000000 1.000000 0.000001
vn 0.000000 1.000000 -0.000000
vn 0.000000 1.000000 -0.000001
vn 0.000000 1.000000 -0.000001
vn 0.000001 1.000000 -0.000002
vn 0.000001 1.000000 -0.000002
vn -0.000001 1.000000 0.000001
vn -0.000000 1.000000 0.000001
vn 0.000000 1.000000 -0.000000
vn 0.000000 1.000000 -0.000000
vn -0.000000 1.000000 0.000000
vn 0.000000 1.000000 -0.000000
vn -0.000001 1.000000 -0.000000
vn -0.000000 1.000000 0.000000
vn -0.000001 1.000000 -0.000000
vn 0.000000 1.000000 -0.000000
vn -0.000000 1.000000 -0.000000
vn 0.000000 1.000000 -0.000001
vn -0.000000 1.000000 0.000001
vn 0.000000 1.000000 -0.000000
vn -0.000000 1.000000 0.000001
vn -0.000000 1.000000 0.000001
vn 0.000000 1.000000 -0.000000
vn -0.000000 1.000000 0.000000
vn -0.000000 1.000000 0.000000
vn 0.000000 1.000000 -0.000001
vn 0.000000 1.000000 -0.000000
vn -0.000000 1.000000 0.000000
vn -0.000000 1.000000 0.000000
vn 0.000000 1.000000 -0.000001
vn -0.000000 1.000000 0.000000
vn 0.000000 1.000000 -0.000001
vn -0.000000 1.000000 0.000000
vn 0.000000 1.000000 -0.000000
vn -0.000000 1.000000 0.000000
vn 0.000000 1.000000 -0.000001
vn -0.000000 1.000000 0.000001
vn -0.000000 1.000000 0.000001
vn 0.000000 1.000000 -0.000001
vn 0.627639 0.000001 -0.778505
vn 0.627633 0.000000 -0.778510
vn 0.794857 0.000001 -0.606797
vn 0.794852 0.000000 -0.606804
vn 0.051598 -0.000004 -0.998668
vn 0.051613 -0.000000 -0.998667
vn 0.051613 -0.000000 -0.998667
vn 0.051598 -0.000004 -0.998668
vn 0.828156 0.000000 -0.560498
vn 0.828145 0.000000 -0.560514
vn -0.633381 0.000001 0.773840
vn -0.633386 0.000000 0.773836
vn -0.743513 0.000002 0.668722
vn -0.743529 0.000000 0.668703
vn -0.415122 -0.908507 -0.047840
vn -0.809804 -0.582747 -0.068002
vn -0.849176 -0.523525 -0.069444
vn -0.415122 -0.908507 -0.047840
vn -0.367918 -0.914279 -0.169499
vn -0.725593 -0.585784 -0.361072
vn -0.716382 -0.600044 -0.356011
vn -0.367918 -0.914279 -0.169499
vn 0.627635 -0.000000 -0.778508
vn 0.627635 0.000000 -0.778508
vn 0.794852 -0.000000 -0.606804
vn 0.794852 0.000000 -0.606804
vn 0.828139 0.000000 -0.560523
vn 0.828139 0.000000 -0.560523
vn 0.051617 0.000000 -0.998667
vn 0.051616 0.000000 -0.998667
vn 0.051616 0.000000 -0.998667
vn 0.051617 0.000000 -0.998667
vn -0.888888 0.000000 -0.458124
vn -0.888888 0.000000 -0.458124
vn -0.888888 0.000000 -0.458124
vn -0.888888 0.000000 -0.458124
vn -0.997652 0.000000 -0.068492
vn -0.997652 0.000000 -0.068492
vn -0.997652 0.000000 -0.068492
vn -0.997652 0.000000 -0.068492
vn -0.633381 0.000001 0.773840
vn -0.633381 0.000000 0.773840
vn -0.743507 0.000001 0.668728
vn -0.743507 0.000001 0.668728
vn 0.627629 0.000000 -0.778512
vn 0.794846 0.000000 -0.606811
vn 0.828143 0.000000 -0.560517
vn 0.051616 0.000000 -0.998667
vn 0.051616 0.000000 -0.998667
vn -0.888889 0.000000 -0.458122
vn -0.888889 0.000000 -0.458122
vn -0.997651 0.000000 -0.068497
vn -0.997651 0.000000 -0.068497
vn -0.633380 0.000000 0.773841
vn -0.743508 0.000000 0.668727
vn -0.000001 1.000000 0.000001
vn 0.000000 1.000000 -0.000001
vn 0.000000 1.000000 -0.000000
vn -0.292179 -0.904913 0.309458
vn -0.292179 -0.904913 0.309458
vn -0.657531 0.445640 0.607502
vn -0.439155 0.810611 0.387366
vn 0.131631 -0.986111 0.101280
vn 0.131631 -0.986111 0.101280
vn 0.852416 -0.102607 0.512697
vn 0.343650 0.920742 0.184770
vn 0.117904 0.984002 -0.133564
vn 0.117904 0.984002 -0.133564
vn 0.215151 0.953912 -0.209195
vn 0.230689 0.947548 -0.221216
vn -0.384394 0.671078 0.633953
vn -0.384394 0.671078 0.633953
vn -0.344228 0.743644 0.573150
vn -0.329134 0.767454 0.550168
vn 0.200546 0.897976 -0.391690
vn 0.200546 0.897976 -0.391690
vn 0.216081 0.875275 -0.432668
vn 0.217164 0.873583 -0.435537
vn 0.105396 0.908193 -0.405065
vn 0.105396 0.908193 -0.405065
vn 0.117175 0.889697 -0.441260
vn 0.120164 0.884691 -0.450424
vn -0.172155 0.671100 0.721101
vn -0.172155 0.671100 0.721101
vn -0.152582 0.767456 0.622679
vn -0.157996 0.743651 0.649631
vn -0.003964 0.851995 -0.523535
vn -0.003964 0.851995 -0.523535
vn 0.004659 0.839058 -0.544023
vn 0.021308 0.812492 -0.582583
vn -0.093439 0.995477 -0.017194
vn -0.093439 0.995477 -0.017194
vn -0.148405 0.988559 -0.026980
vn -0.197543 0.979643 -0.035727
vn 0.001017 0.984900 0.173121
vn 0.001017 0.984900 0.173121
vn -0.043953 0.898043 0.437707
vn -0.011579 0.968517 0.248678
vn 0.186206 0.907094 -0.377502
vn 0.188268 0.904958 -0.381585
vn 0.283211 0.925358 -0.252002
vn 0.305309 0.911874 -0.274359
vn 0.210251 0.972081 0.104176
vn 0.205778 0.973316 0.101546
vn -0.426845 0.823346 0.374038
vn -0.658760 0.456734 0.597854
vn -0.338584 0.749455 0.568927
vn -0.376468 0.675549 0.633960
vn -0.177810 0.675547 0.715555
vn -0.159047 0.749453 0.642669
vn -0.090886 0.690338 0.717755
vn -0.060962 0.842267 0.535602
vn -0.353760 0.933187 -0.063367
vn -0.339193 0.938743 -0.060912
vn 0.019222 0.890976 -0.453643
vn 0.012122 0.941775 -0.336025
vn 0.119495 0.889423 -0.441189
vn 0.115977 0.896883 -0.426791
vn 0.107245 0.969340 -0.221084
vn 0.107245 0.969340 -0.221084
vn 0.153074 0.980767 -0.121101
vn 0.153074 0.980767 -0.121101
vn 0.123398 0.990929 0.053218
vn 0.123398 0.990929 0.053218
vn -0.496892 -0.724308 0.477991
vn -0.496892 -0.724308 0.477991
vn -0.449249 -0.457211 0.767550
vn -0.449249 -0.457211 0.767550
vn -0.219934 -0.457217 0.861732
vn -0.219934 -0.457217 0.861732
vn -0.146137 -0.054449 0.987765
vn -0.146137 -0.054449 0.987765
vn -0.550859 0.829002 -0.096486
vn -0.550859 0.829002 -0.096486
vn 0.001341 0.988164 -0.153393
vn 0.001341 0.988164 -0.153393
vn 0.083654 0.951810 -0.295060
vn 0.083654 0.951810 -0.295060
s 1
g lata_ancha ancha_cuerpo
usemtl pasted__standardSurface2SG
f 1162/1238/1669 1163/1239/1670 1468/1240/1671 1469/1241/1672
f 1163/1239/1670 1164/1242/1673 1467/1243/1674 1468/1240/1671
f 1164/1242/1673 1165/1244/1675 1466/1245/1676 1467/1243/1674
f 1165/1244/1675 1166/1246/1677 1465/1247/1678 1466/1245/1676
f 1167/1248/1679 1168/1250/1680 1463/1251/1681 1464/1249/1682
f 1168/1250/1680 1169/1252/1683 1462/1253/1684 1463/1251/1681
f 1169/1252/1683 1170/1254/1685 1461/1255/1686 1462/1253/1684
f 1170/1254/1685 1171/1256/1687 1460/1257/1688 1461/1255/1686
f 1171/1256/1687 1172/1258/1689 1470/1259/1690 1460/1257/1688
f 1172/1258/1689 1162/1238/1669 1469/1241/1672 1470/1259/1690
usemtl aiStandardSurface2SG
f 1505/1260/1691 1504/1261/1692 1506/1262/1693
f 1507/1263/1694 1505/1260/1691 1506/1262/1693
f 1508/1264/1695 1507/1263/1694 1506/1262/1693
f 1509/1265/1696 1508/1264/1695 1506/1262/1693
f 1511/1267/1697 1510/1266/1698 1506/1262/1693
f 1512/1268/1699 1511/1267/1697 1506/1262/1693
f 1513/1269/1700 1512/1268/1699 1506/1262/1693
f 1514/1270/1701 1513/1269/1700 1506/1262/1693
f 1515/1271/1702 1514/1270/1701 1506/1262/1693
f 1504/1261/1692 1515/1271/1702 1506/1262/1693
f 1294/1272/1703 1295/1273/1704 1296/1274/1705
f 1295/1273/1704 1297/1275/1706 1296/1274/1705
f 1297/1275/1706 1298/1276/1707 1296/1274/1705
f 1298/1276/1707 1299/1277/1708 1296/1274/1705
f 1300/1278/1709 1301/1279/1710 1296/1274/1705
f 1301/1279/1710 1302/1280/1711 1296/1274/1705
f 1302/1280/1711 1303/1281/1712 1296/1274/1705
f 1303/1281/1712 1304/1282/1713 1296/1274/1705
f 1304/1282/1713 1305/1283/1714 1296/1274/1705
f 1305/1283/1714 1294/1272/1703 1296/1274/1705
usemtl pasted__standardSurface2SG
f 1173/1284/1715 1174/1285/1716 1185/1286/1717 1184/1287/1718
f 1174/1285/1716 1175/1288/1719 1186/1289/1720 1185/1286/1717
f 1175/1288/1719 1176/1290/1721 1187/1291/1722 1186/1289/1720
f 1176/1290/1721 1177/1292/1723 1188/1293/1724 1187/1291/1722
f 1178/1294/1725 1179/1296/1726 1190/1297/1727 1189/1295/1728
f 1179/1296/1726 1180/1298/1729 1191/1299/1730 1190/1297/1727
f 1180/1298/1729 1181/1300/1731 1192/1301/1732 1191/1299/1730
f 1181/1300/1731 1182/1302/1733 1193/1303/1734 1192/1301/1732
f 1182/1302/1733 1183/1304/1735 1194/1305/1736 1193/1303/1734
f 1183/1304/1735 1173/1284/1715 1184/1287/1718 1194/1305/1736
f 1184/1287/1718 1185/1286/1717 1196/1306/1737 1195/1307/1738
f 1185/1286/1717 1186/1289/1720 1197/1308/1739 1196/1306/1737
f 1186/1289/1720 1187/1291/1722 1198/1309/1740 1197/1308/1739
f 1187/1291/1722 1188/1293/1724 1199/1310/1741 1198/1309/1740
f 1189/1295/1728 1190/1297/1727 1201/1312/1742 1200/1311/1743
f 1190/1297/1727 1191/1299/1730 1202/1313/1744 1201/1312/1742
f 1191/1299/1730 1192/1301/1732 1203/1314/1745 1202/1313/1744
f 1192/1301/1732 1193/1303/1734 1204/1315/1746 1203/1314/1745
f 1193/1303/1734 1194/1305/1736 1205/1316/1747 1204/1315/1746
f 1194/1305/1736 1184/1287/1718 1195/1307/1738 1205/1316/1747
f 1195/1307/1738 1196/1306/1737 1207/1317/1748 1206/1318/1749
f 1196/1306/1737 1197/1308/1739 1208/1319/1750 1207/1317/1748
f 1197/1308/1739 1198/1309/1740 1209/1320/1751 1208/1319/1750
f 1198/1309/1740 1199/1310/1741 1210/1321/1752 1209/1320/1751
f 1200/1311/1743 1201/1312/1742 1212/1323/1753 1211/1322/1754
f 1201/1312/1742 1202/1313/1744 1213/1324/1755 1212/1323/1753
f 1202/1313/1744 1203/1314/1745 1214/1325/1756 1213/1324/1755
f 1203/1314/1745 1204/1315/1746 1215/1326/1757 1214/1325/1756
f 1204/1315/1746 1205/1316/1747 1216/1327/1758 1215/1326/1757
f 1205/1316/1747 1195/1307/1738 1206/1318/1749 1216/1327/1758
f 1206/1318/1749 1207/1317/1748 1401/1328/1759 1402/1329/1760
f 1207/1317/1748 1208/1319/1750 1400/1330/1761 1401/1328/1759
f 1208/1319/1750 1209/1320/1751 1399/1331/1762 1400/1330/1761
f 1209/1320/1751 1210/1321/1752 1398/1332/1763 1399/1331/1762
f 1211/1322/1754 1212/1323/1753 1396/1334/1764 1397/1333/1765
f 1212/1323/1753 1213/1324/1755 1395/1335/1766 1396/1334/1764
f 1213/1324/1755 1214/1325/1756 1394/1336/1767 1395/1335/1766
f 1214/1325/1756 1215/1326/1757 1404/1337/1768 1394/1336/1767
f 1215/1326/1757 1216/1327/1758 1403/1338/1769 1404/1337/1768
f 1216/1327/1758 1206/1318/1749 1402/1329/1760 1403/1338/1769
usemtl aiStandardSurface2SG
f 1239/1339/1770 1240/1340/1771 1389/1341/1772 1390/1342/1773
f 1240/1340/1771 1243/1343/1774 1388/1344/1775 1389/1341/1772
f 1243/1343/1774 1245/1345/1776 1387/1346/1777 1388/1344/1775
f 1245/1345/1776 1247/1347/1778 1386/1348/1779 1387/1346/1777
f 1249/1349/1780 1251/1351/1781 1384/1352/1782 1385/1350/1783
f 1251/1351/1781 1253/1353/1784 1383/1354/1785 1384/1352/1782
f 1253/1353/1784 1255/1355/1786 1393/1356/1787 1383/1354/1785
f 1255/1355/1786 1257/1357/1788 1392/1358/1789 1393/1356/1787
f 1257/1357/1788 1259/1359/1790 1391/1360/1791 1392/1358/1789
f 1259/1359/1790 1239/1339/1770 1390/1342/1773 1391/1360/1791
f 1217/1361/1792 1218/1362/1793 1412/1363/1794 1413/1364/1795
f 1229/1365/1796 1228/1366/1797 1378/1367/1798 1379/1368/1799
f 1218/1362/1793 1219/1369/1800 1411/1370/1801 1412/1363/1794
f 1230/1371/1802 1229/1365/1796 1379/1368/1799 1380/1372/1803
f 1219/1369/1800 1220/1373/1804 1410/1374/1805 1411/1370/1801
f 1231/1375/1806 1230/1371/1802 1380/1372/1803 1381/1376/1807
f 1220/1373/1804 1221/1377/1808 1409/1378/1809 1410/1374/1805
f 1232/1379/1810 1231/1375/1806 1381/1376/1807 1382/1380/1811
f 1222/1381/1812 1223/1385/1813 1407/1386/1814 1408/1382/1815
f 1234/1387/1816 1233/1383/1817 1372/1384/1818 1373/1388/1819
f 1223/1385/1813 1224/1389/1820 1406/1390/1821 1407/1386/1814
f 1235/1391/1822 1234/1387/1816 1373/1388/1819 1374/1392/1823
f 1224/1389/1820 1225/1393/1824 1405/1394/1825 1406/1390/1821
f 1236/1395/1826 1235/1391/1822 1374/1392/1823 1375/1396/1827
f 1225/1393/1824 1226/1397/1828 1415/1398/1829 1405/1394/1825
f 1237/1399/1830 1236/1395/1826 1375/1396/1827 1376/1400/1831
f 1226/1397/1828 1227/1401/1832 1414/1402/1833 1415/1398/1829
f 1238/1403/1834 1237/1399/1830 1376/1400/1831 1377/1404/1835
f 1227/1401/1832 1217/1361/1792 1413/1364/1795 1414/1402/1833
f 1228/1366/1797 1238/1403/1834 1377/1404/1835 1378/1367/1798
f 1228/1366/1797 1229/1365/1796 1364/1405/1836 1365/1406/1837
f 1229/1365/1796 1230/1371/1802 1363/1407/1838 1364/1405/1836
f 1230/1371/1802 1231/1375/1806 1362/1408/1839 1363/1407/1838
f 1231/1375/1806 1232/1379/1810 1361/1409/1840 1362/1408/1839
f 1233/1383/1817 1234/1387/1816 1370/1411/1841 1371/1410/1842
f 1234/1387/1816 1235/1391/1822 1369/1412/1843 1370/1411/1841
f 1235/1391/1822 1236/1395/1826 1368/1413/1844 1369/1412/1843
f 1236/1395/1826 1237/1399/1830 1367/1414/1845 1368/1413/1844
f 1237/1399/1830 1238/1403/1834 1366/1415/1846 1367/1414/1845
f 1238/1403/1834 1228/1366/1797 1365/1406/1837 1366/1415/1846
f 1261/1416/1847 1262/1417/1848 1342/1418/1849 1343/1419/1850
f 1262/1417/1848 1263/1420/1851 1341/1421/1852 1342/1418/1849
f 1263/1420/1851 1264/1422/1853 1340/1423/1854 1341/1421/1852
f 1264/1422/1853 1265/1424/1855 1339/1425/1856 1340/1423/1854
f 1266/1426/1857 1267/1428/1858 1348/1429/1859 1349/1427/1860
f 1267/1428/1858 1268/1430/1861 1347/1431/1862 1348/1429/1859
f 1268/1430/1861 1269/1432/1863 1346/1433/1864 1347/1431/1862
f 1269/1432/1863 1270/1434/1865 1345/1435/1866 1346/1433/1864
f 1270/1434/1865 1271/1436/1867 1344/1437/1868 1345/1435/1866
f 1271/1436/1867 1261/1416/1847 1343/1419/1850 1344/1437/1868
f 1284/1440/1869 1283/1438/1870 1328/1439/1871 1329/1441/1872
f 1285/1442/1873 1284/1440/1869 1329/1441/1872 1330/1443/1874
f 1286/1444/1875 1285/1442/1873 1330/1443/1874 1331/1445/1876
f 1287/1446/1877 1286/1444/1875 1331/1445/1876 1332/1447/1878
f 1288/1448/1879 1287/1446/1877 1332/1447/1878 1333/1449/1880
f 1289/1450/1881 1288/1448/1879 1333/1449/1880 1334/1451/1882
f 1290/1452/1883 1289/1450/1881 1334/1451/1882 1335/1453/1884
f 1291/1454/1885 1290/1452/1883 1335/1453/1884 1336/1455/1886
f 1292/1456/1887 1291/1454/1885 1336/1455/1886 1337/1457/1888
f 1293/1458/1889 1292/1456/1887 1337/1457/1888 1338/1459/1890
f 1272/1460/1891 1273/1461/1892 1309/1462/1893 1310/1463/1894
f 1273/1461/1892 1274/1464/1895 1308/1465/1896 1309/1462/1893
f 1274/1464/1895 1275/1466/1897 1307/1467/1898 1308/1465/1896
f 1275/1466/1897 1276/1468/1899 1306/1469/1900 1307/1467/1898
f 1277/1470/1901 1278/1472/1902 1315/1473/1903 1316/1471/1904
f 1278/1472/1902 1279/1474/1905 1314/1475/1906 1315/1473/1903
f 1279/1474/1905 1280/1476/1907 1313/1477/1908 1314/1475/1906
f 1280/1476/1907 1281/1478/1909 1312/1479/1910 1313/1477/1908
f 1281/1478/1909 1282/1480/1911 1311/1481/1912 1312/1479/1910
f 1282/1480/1911 1272/1460/1891 1310/1463/1894 1311/1481/1912
f 1318/1483/1913 1317/1482/1914 1276/1468/1899 1275/1466/1897
f 1319/1484/1915 1318/1483/1913 1275/1466/1897 1274/1464/1895
f 1320/1485/1916 1319/1484/1915 1274/1464/1895 1273/1461/1892
f 1321/1486/1917 1320/1485/1916 1273/1461/1892 1272/1460/1891
f 1322/1487/1918 1321/1486/1917 1272/1460/1891 1282/1480/1911
f 1323/1488/1919 1322/1487/1918 1282/1480/1911 1281/1478/1909
f 1324/1489/1920 1323/1488/1919 1281/1478/1909 1280/1476/1907
f 1325/1490/1921 1324/1489/1920 1280/1476/1907 1279/1474/1905
f 1326/1491/1922 1325/1490/1921 1279/1474/1905 1278/1472/1902
f 1327/1492/1923 1326/1491/1922 1278/1472/1902 1277/1470/1901
f 1329/1441/1872 1328/1439/1871 1317/1482/1914 1318/1483/1913
f 1330/1443/1874 1329/1441/1872 1318/1483/1913 1319/1484/1915
f 1331/1445/1876 1330/1443/1874 1319/1484/1915 1320/1485/1916
f 1332/1447/1878 1331/1445/1876 1320/1485/1916 1321/1486/1917
f 1333/1449/1880 1332/1447/1878 1321/1486/1917 1322/1487/1918
f 1334/1451/1882 1333/1449/1880 1322/1487/1918 1323/1488/1919
f 1335/1453/1884 1334/1451/1882 1323/1488/1919 1324/1489/1920
f 1336/1455/1886 1335/1453/1884 1324/1489/1920 1325/1490/1921
f 1337/1457/1888 1336/1455/1886 1325/1490/1921 1326/1491/1922
f 1338/1459/1890 1337/1457/1888 1326/1491/1922 1327/1492/1923
f 1340/1423/1854 1339/1425/1856 1283/1438/1870 1284/1440/1869
f 1341/1421/1852 1340/1423/1854 1284/1440/1869 1285/1442/1873
f 1342/1418/1849 1341/1421/1852 1285/1442/1873 1286/1444/1875
f 1343/1419/1850 1342/1418/1849 1286/1444/1875 1287/1446/1877
f 1344/1437/1868 1343/1419/1850 1287/1446/1877 1288/1448/1879
f 1345/1435/1866 1344/1437/1868 1288/1448/1879 1289/1450/1881
f 1346/1433/1864 1345/1435/1866 1289/1450/1881 1290/1452/1883
f 1347/1431/1862 1346/1433/1864 1290/1452/1883 1291/1454/1885
f 1348/1429/1859 1347/1431/1862 1291/1454/1885 1292/1456/1887
f 1349/1427/1860 1348/1429/1859 1292/1456/1887 1293/1458/1889
f 1351/1494/1924 1350/1493/1925 1265/1424/1855 1264/1422/1853
f 1352/1495/1926 1351/1494/1924 1264/1422/1853 1263/1420/1851
f 1353/1496/1927 1352/1495/1926 1263/1420/1851 1262/1417/1848
f 1354/1497/1928 1353/1496/1927 1262/1417/1848 1261/1416/1847
f 1355/1498/1929 1354/1497/1928 1261/1416/1847 1271/1436/1867
f 1356/1499/1930 1355/1498/1929 1271/1436/1867 1270/1434/1865
f 1357/1500/1931 1356/1499/1930 1270/1434/1865 1269/1432/1863
f 1358/1501/1932 1357/1500/1931 1269/1432/1863 1268/1430/1861
f 1359/1502/1933 1358/1501/1932 1268/1430/1861 1267/1428/1858
f 1360/1503/1934 1359/1502/1933 1267/1428/1858 1266/1426/1857
f 1362/1408/1839 1361/1409/1840 1350/1493/1925 1351/1494/1924
f 1363/1407/1838 1362/1408/1839 1351/1494/1924 1352/1495/1926
f 1364/1405/1836 1363/1407/1838 1352/1495/1926 1353/1496/1927
f 1365/1406/1837 1364/1405/1836 1353/1496/1927 1354/1497/1928
f 1366/1415/1846 1365/1406/1837 1354/1497/1928 1355/1498/1929
f 1367/1414/1845 1366/1415/1846 1355/1498/1929 1356/1499/1930
f 1368/1413/1844 1367/1414/1845 1356/1499/1930 1357/1500/1931
f 1369/1412/1843 1368/1413/1844 1357/1500/1931 1358/1501/1932
f 1370/1411/1841 1369/1412/1843 1358/1501/1932 1359/1502/1933
f 1371/1410/1842 1370/1411/1841 1359/1502/1933 1360/1503/1934
f 1373/1388/1819 1372/1384/1818 1250/1504/1935 1252/1505/1936
f 1374/1392/1823 1373/1388/1819 1252/1505/1936 1254/1506/1937
f 1375/1396/1827 1374/1392/1823 1254/1506/1937 1256/1507/1938
f 1376/1400/1831 1375/1396/1827 1256/1507/1938 1258/1508/1939
f 1377/1404/1835 1376/1400/1831 1258/1508/1939 1260/1509/1940
f 1378/1367/1798 1377/1404/1835 1260/1509/1940 1242/1510/1941
f 1379/1368/1799 1378/1367/1798 1242/1510/1941 1241/1511/1942
f 1380/1372/1803 1379/1368/1799 1241/1511/1942 1244/1512/1943
f 1381/1376/1807 1380/1372/1803 1244/1512/1943 1246/1513/1944
f 1382/1380/1811 1381/1376/1807 1246/1513/1944 1248/1514/1945
f 1384/1352/1782 1383/1354/1785 1254/1506/1937 1252/1505/1936
f 1385/1350/1783 1384/1352/1782 1252/1505/1936 1250/1504/1935
f 1387/1346/1777 1386/1348/1779 1248/1514/1945 1246/1513/1944
f 1388/1344/1775 1387/1346/1777 1246/1513/1944 1244/1512/1943
f 1389/1341/1772 1388/1344/1775 1244/1512/1943 1241/1511/1942
f 1390/1342/1773 1389/1341/1772 1241/1511/1942 1242/1510/1941
f 1391/1360/1791 1390/1342/1773 1242/1510/1941 1260/1509/1940
f 1392/1358/1789 1391/1360/1791 1260/1509/1940 1258/1508/1939
f 1393/1356/1787 1392/1358/1789 1258/1508/1939 1256/1507/1938
f 1383/1354/1785 1393/1356/1787 1256/1507/1938 1254/1506/1937
usemtl pasted__standardSurface2SG
f 1395/1335/1766 1394/1336/1767 1225/1515/1824 1224/1516/1820
f 1396/1334/1764 1395/1335/1766 1224/1516/1820 1223/1517/1813
f 1397/1333/1765 1396/1334/1764 1223/1517/1813 1222/1518/1812
f 1399/1331/1762 1398/1332/1763 1221/1519/1808 1220/1520/1804
f 1400/1330/1761 1399/1331/1762 1220/1520/1804 1219/1521/1800
f 1401/1328/1759 1400/1330/1761 1219/1521/1800 1218/1522/1793
f 1402/1329/1760 1401/1328/1759 1218/1522/1793 1217/1523/1792
f 1403/1338/1769 1402/1329/1760 1217/1523/1792 1227/1524/1832
f 1404/1337/1768 1403/1338/1769 1227/1524/1832 1226/1525/1828
f 1394/1336/1767 1404/1337/1768 1226/1525/1828 1225/1515/1824
usemtl aiStandardSurface2SG
f 1406/1390/1821 1405/1394/1825 1255/1355/1786 1253/1353/1784
f 1407/1386/1814 1406/1390/1821 1253/1353/1784 1251/1351/1781
f 1408/1382/1815 1407/1386/1814 1251/1351/1781 1249/1349/1780
f 1410/1374/1805 1409/1378/1809 1247/1347/1778 1245/1345/1776
f 1411/1370/1801 1410/1374/1805 1245/1345/1776 1243/1343/1774
f 1412/1363/1794 1411/1370/1801 1243/1343/1774 1240/1340/1771
f 1413/1364/1795 1412/1363/1794 1240/1340/1771 1239/1339/1770
f 1414/1402/1833 1413/1364/1795 1239/1339/1770 1259/1359/1790
f 1415/1398/1829 1414/1402/1833 1259/1359/1790 1257/1357/1788
f 1405/1394/1825 1415/1398/1829 1257/1357/1788 1255/1355/1786
usemtl pasted__standardSurface2SG
f 1417/1526/1946 1416/1527/1947 1177/1292/1723 1176/1290/1721
f 1418/1528/1948 1417/1526/1946 1176/1290/1721 1175/1288/1719
f 1419/1529/1949 1418/1528/1948 1175/1288/1719 1174/1285/1716
f 1420/1530/1950 1419/1529/1949 1174/1285/1716 1173/1284/1715
f 1421/1531/1951 1420/1530/1950 1173/1284/1715 1183/1304/1735
f 1422/1532/1952 1421/1531/1951 1183/1304/1735 1182/1302/1733
f 1423/1533/1953 1422/1532/1952 1182/1302/1733 1181/1300/1731
f 1424/1534/1954 1423/1533/1953 1181/1300/1731 1180/1298/1729
f 1425/1535/1955 1424/1534/1954 1180/1298/1729 1179/1296/1726
f 1426/1536/1956 1425/1535/1955 1179/1296/1726 1178/1294/1725
usemtl aiStandardSurface2SG
f 1163/1537/1670 1162/1538/1669 1473/1539/1957 1474/1540/1958
f 1164/1541/1673 1163/1537/1670 1474/1540/1958 1475/1542/1959
f 1165/1543/1675 1164/1541/1673 1475/1542/1959 1476/1544/1960
f 1166/1545/1677 1165/1543/1675 1476/1544/1960 1477/1546/1961
f 1168/1549/1680 1167/1547/1679 1478/1548/1962 1479/1550/1963
f 1169/1551/1683 1168/1549/1680 1479/1550/1963 1480/1552/1964
f 1170/1553/1685 1169/1551/1683 1480/1552/1964 1481/1554/1965
f 1171/1555/1687 1170/1553/1685 1481/1554/1965 1471/1556/1966
f 1172/1557/1689 1171/1555/1687 1471/1556/1966 1472/1558/1967
f 1162/1538/1669 1172/1557/1689 1472/1558/1967 1473/1539/1957
f 1428/1559/1968 1427/1560/1969 1438/1561/1970 1439/1562/1971
f 1429/1563/1972 1428/1559/1968 1439/1562/1971 1440/1564/1973
f 1430/1565/1974 1429/1563/1972 1440/1564/1973 1441/1566/1975
f 1431/1567/1976 1430/1565/1974 1441/1566/1975 1442/1568/1977
f 1433/1571/1978 1432/1569/1979 1443/1570/1980 1444/1572/1981
f 1434/1573/1982 1433/1571/1978 1444/1572/1981 1445/1574/1983
f 1435/1575/1984 1434/1573/1982 1445/1574/1983 1446/1576/1985
f 1436/1577/1986 1435/1575/1984 1446/1576/1985 1447/1578/1987
f 1437/1579/1988 1436/1577/1986 1447/1578/1987 1448/1580/1989
f 1427/1560/1969 1437/1579/1988 1448/1580/1989 1438/1561/1970
f 1439/1562/1971 1438/1561/1970 1528/1581/1990 1529/1582/1991
f 1440/1564/1973 1439/1562/1971 1529/1582/1991 1530/1583/1992
f 1441/1566/1975 1440/1564/1973 1530/1583/1992 1531/1584/1993
f 1442/1568/1977 1441/1566/1975 1531/1584/1993 1532/1585/1994
f 1444/1572/1981 1443/1570/1980 1533/1586/1995 1534/1587/1996
f 1445/1574/1983 1444/1572/1981 1534/1587/1996 1535/1588/1997
f 1446/1576/1985 1445/1574/1983 1535/1588/1997 1536/1589/1998
f 1447/1578/1987 1446/1576/1985 1536/1589/1998 1537/1590/1999
f 1448/1580/1989 1447/1578/1987 1537/1590/1999 1527/1591/2000
f 1438/1561/1970 1448/1580/1989 1527/1591/2000 1528/1581/1990
usemtl pasted__standardSurface2SG
f 1461/1255/1686 1460/1257/1688 1602/1592/2001 1603/1593/2002
f 1462/1253/1684 1461/1255/1686 1603/1593/2002 1593/1594/2003
f 1463/1251/1681 1462/1253/1684 1593/1594/2003 1594/1595/2004
f 1464/1249/1682 1463/1251/1681 1594/1595/2004 1595/1596/2005
f 1466/1245/1676 1465/1247/1678 1596/1597/2006 1597/1598/2007
f 1467/1243/1674 1466/1245/1676 1597/1598/2007 1598/1599/2008
f 1468/1240/1671 1467/1243/1674 1598/1599/2008 1599/1600/2009
f 1469/1241/1672 1468/1240/1671 1599/1600/2009 1600/1601/2010
f 1470/1259/1690 1469/1241/1672 1600/1601/2010 1601/1602/2011
f 1460/1257/1688 1470/1259/1690 1601/1602/2011 1602/1592/2001
usemtl aiStandardSurface2SG
f 1472/1558/1967 1471/1556/1966 1540/1603/2012 1541/1604/2013
f 1473/1539/1957 1472/1558/1967 1541/1604/2013 1542/1605/2014
f 1474/1540/1958 1473/1539/1957 1542/1605/2014 1543/1606/2015
f 1475/1542/1959 1474/1540/1958 1543/1606/2015 1544/1607/2016
f 1476/1544/1960 1475/1542/1959 1544/1607/2016 1545/1608/2017
f 1477/1546/1961 1476/1544/1960 1545/1608/2017 1546/1609/2018
f 1479/1550/1963 1478/1548/1962 1547/1610/2019 1548/1611/2020
f 1480/1552/1964 1479/1550/1963 1548/1611/2020 1538/1612/2021
f 1481/1554/1965 1480/1552/1964 1538/1612/2021 1539/1613/2022
f 1471/1556/1966 1481/1554/1965 1539/1613/2022 1540/1603/2012
f 1450/1614/2023 1449/1615/2024 1517/1616/2025 1518/1617/2026
f 1451/1618/2027 1450/1614/2023 1518/1617/2026 1519/1619/2028
f 1452/1620/2029 1451/1618/2027 1519/1619/2028 1520/1621/2030
f 1453/1622/2031 1452/1620/2029 1520/1621/2030 1521/1623/2032
f 1455/1626/2033 1454/1624/2034 1522/1625/2035 1523/1627/2036
f 1456/1628/2037 1455/1626/2033 1523/1627/2036 1524/1629/2038
f 1457/1630/2039 1456/1628/2037 1524/1629/2038 1525/1631/2040
f 1458/1632/2041 1457/1630/2039 1525/1631/2040 1526/1633/2042
f 1459/1634/2043 1458/1632/2041 1526/1633/2042 1516/1635/2044
f 1449/1615/2024 1459/1634/2043 1516/1635/2044 1517/1616/2025
f 1483/1636/2045 1482/1637/2046 1493/1638/2047 1494/1639/2048
f 1484/1640/2049 1483/1636/2045 1494/1639/2048 1495/1641/2050
f 1485/1642/2051 1484/1640/2049 1495/1641/2050 1496/1643/2052
f 1486/1644/2053 1485/1642/2051 1496/1643/2052 1497/1645/2054
f 1488/1648/2055 1487/1646/2056 1498/1647/2057 1499/1649/2058
f 1489/1650/2059 1488/1648/2055 1499/1649/2058 1500/1651/2060
f 1490/1652/2061 1489/1650/2059 1500/1651/2060 1501/1653/2062
f 1491/1654/2063 1490/1652/2061 1501/1653/2062 1502/1655/2064
f 1492/1656/2065 1491/1654/2063 1502/1655/2064 1503/1657/2066
f 1482/1637/2046 1492/1656/2065 1503/1657/2066 1493/1638/2047
f 1494/1639/2048 1493/1638/2047 1504/1261/1692 1505/1260/1691
f 1495/1641/2050 1494/1639/2048 1505/1260/1691 1507/1263/1694
f 1496/1643/2052 1495/1641/2050 1507/1263/1694 1508/1264/1695
f 1497/1645/2054 1496/1643/2052 1508/1264/1695 1509/1265/1696
f 1499/1649/2058 1498/1647/2057 1510/1266/1698 1511/1267/1697
f 1500/1651/2060 1499/1649/2058 1511/1267/1697 1512/1268/1699
f 1501/1653/2062 1500/1651/2060 1512/1268/1699 1513/1269/1700
f 1502/1655/2064 1501/1653/2062 1513/1269/1700 1514/1270/1701
f 1503/1657/2066 1502/1655/2064 1514/1270/1701 1515/1271/1702
f 1493/1638/2047 1503/1657/2066 1515/1271/1702 1504/1261/1692
f 1517/1616/2025 1516/1635/2044 1492/1656/2065 1482/1637/2046
f 1518/1617/2026 1517/1616/2025 1482/1637/2046 1483/1636/2045
f 1519/1619/2028 1518/1617/2026 1483/1636/2045 1484/1640/2049
f 1520/1621/2030 1519/1619/2028 1484/1640/2049 1485/1642/2051
f 1521/1623/2032 1520/1621/2030 1485/1642/2051 1486/1644/2053
f 1523/1627/2036 1522/1625/2035 1487/1646/2056 1488/1648/2055
f 1524/1629/2038 1523/1627/2036 1488/1648/2055 1489/1650/2059
f 1525/1631/2040 1524/1629/2038 1489/1650/2059 1490/1652/2061
f 1526/1633/2042 1525/1631/2040 1490/1652/2061 1491/1654/2063
f 1516/1635/2044 1526/1633/2042 1491/1654/2063 1492/1656/2065
f 1528/1581/1990 1527/1591/2000 1459/1634/2043 1449/1615/2024
f 1529/1582/1991 1528/1581/1990 1449/1615/2024 1450/1614/2023
f 1530/1583/1992 1529/1582/1991 1450/1614/2023 1451/1618/2027
f 1531/1584/1993 1530/1583/1992 1451/1618/2027 1452/1620/2029
f 1532/1585/1994 1531/1584/1993 1452/1620/2029 1453/1622/2031
f 1534/1587/1996 1533/1586/1995 1454/1624/2034 1455/1626/2033
f 1535/1588/1997 1534/1587/1996 1455/1626/2033 1456/1628/2037
f 1536/1589/1998 1535/1588/1997 1456/1628/2037 1457/1630/2039
f 1537/1590/1999 1536/1589/1998 1457/1630/2039 1458/1632/2041
f 1527/1591/2000 1537/1590/1999 1458/1632/2041 1459/1634/2043
f 1539/1613/2022 1538/1612/2021 1434/1573/1982 1435/1575/1984
f 1540/1603/2012 1539/1613/2022 1435/1575/1984 1436/1577/1986
f 1541/1604/2013 1540/1603/2012 1436/1577/1986 1437/1579/1988
f 1542/1605/2014 1541/1604/2013 1437/1579/1988 1427/1560/1969
f 1543/1606/2015 1542/1605/2014 1427/1560/1969 1428/1559/1968
f 1544/1607/2016 1543/1606/2015 1428/1559/1968 1429/1563/1972
f 1545/1608/2017 1544/1607/2016 1429/1563/1972 1430/1565/1974
f 1546/1609/2018 1545/1608/2017 1430/1565/1974 1431/1567/1976
f 1548/1611/2020 1547/1610/2019 1432/1569/1979 1433/1571/1978
f 1538/1612/2021 1548/1611/2020 1433/1571/1978 1434/1573/1982
usemtl pasted__standardSurface2SG
f 1550/1658/2067 1549/1659/2068 1424/1534/1954 1425/1535/1955
f 1551/1660/2069 1550/1658/2067 1425/1535/1955 1426/1536/1956
f 1553/1661/2070 1552/1662/2071 1416/1527/1947 1417/1526/1946
f 1554/1663/2072 1553/1661/2070 1417/1526/1946 1418/1528/1948
f 1555/1664/2073 1554/1663/2072 1418/1528/1948 1419/1529/1949
f 1556/1665/2074 1555/1664/2073 1419/1529/1949 1420/1530/1950
f 1557/1666/2075 1556/1665/2074 1420/1530/1950 1421/1531/1951
f 1558/1667/2076 1557/1666/2075 1421/1531/1951 1422/1532/1952
f 1559/1668/2077 1558/1667/2076 1422/1532/1952 1423/1533/1953
f 1549/1659/2068 1559/1668/2077 1423/1533/1953 1424/1534/1954
f 1561/1669/2078 1560/1670/2079 1549/1659/2068 1550/1658/2067
f 1562/1671/2080 1561/1669/2078 1550/1658/2067 1551/1660/2069
f 1564/1672/2081 1563/1673/2082 1552/1662/2071 1553/1661/2070
f 1565/1674/2083 1564/1672/2081 1553/1661/2070 1554/1663/2072
f 1566/1675/2084 1565/1674/2083 1554/1663/2072 1555/1664/2073
f 1567/1676/2085 1566/1675/2084 1555/1664/2073 1556/1665/2074
f 1568/1677/2086 1567/1676/2085 1556/1665/2074 1557/1666/2075
f 1569/1678/2087 1568/1677/2086 1557/1666/2075 1558/1667/2076
f 1570/1679/2088 1569/1678/2087 1558/1667/2076 1559/1668/2077
f 1560/1670/2079 1570/1679/2088 1559/1668/2077 1549/1659/2068
f 1572/1680/2089 1571/1681/2090 1560/1670/2079 1561/1669/2078
f 1573/1682/2091 1572/1680/2089 1561/1669/2078 1562/1671/2080
f 1575/1683/2092 1574/1684/2093 1563/1673/2082 1564/1672/2081
f 1576/1685/2094 1575/1683/2092 1564/1672/2081 1565/1674/2083
f 1577/1686/2095 1576/1685/2094 1565/1674/2083 1566/1675/2084
f 1578/1687/2096 1577/1686/2095 1566/1675/2084 1567/1676/2085
f 1579/1688/2097 1578/1687/2096 1567/1676/2085 1568/1677/2086
f 1580/1689/2098 1579/1688/2097 1568/1677/2086 1569/1678/2087
f 1581/1690/2099 1580/1689/2098 1569/1678/2087 1570/1679/2088
f 1571/1681/2090 1581/1690/2099 1570/1679/2088 1560/1670/2079
f 1583/1691/2100 1582/1692/2101 1571/1681/2090 1572/1680/2089
f 1584/1693/2102 1583/1691/2100 1572/1680/2089 1573/1682/2091
f 1586/1694/2103 1585/1695/2104 1574/1684/2093 1575/1683/2092
f 1587/1696/2105 1586/1694/2103 1575/1683/2092 1576/1685/2094
f 1588/1697/2106 1587/1696/2105 1576/1685/2094 1577/1686/2095
f 1589/1698/2107 1588/1697/2106 1577/1686/2095 1578/1687/2096
f 1590/1699/2108 1589/1698/2107 1578/1687/2096 1579/1688/2097
f 1591/1700/2109 1590/1699/2108 1579/1688/2097 1580/1689/2098
f 1592/1701/2110 1591/1700/2109 1580/1689/2098 1581/1690/2099
f 1582/1692/2101 1592/1701/2110 1581/1690/2099 1571/1681/2090
f 1594/1595/2004 1593/1594/2003 1582/1692/2101 1583/1691/2100
f 1595/1596/2005 1594/1595/2004 1583/1691/2100 1584/1693/2102
f 1597/1598/2007 1596/1597/2006 1585/1695/2104 1586/1694/2103
f 1598/1599/2008 1597/1598/2007 1586/1694/2103 1587/1696/2105
f 1599/1600/2009 1598/1599/2008 1587/1696/2105 1588/1697/2106
f 1600/1601/2010 1599/1600/2009 1588/1697/2106 1589/1698/2107
f 1601/1602/2011 1600/1601/2010 1589/1698/2107 1590/1699/2108
f 1602/1592/2001 1601/1602/2011 1590/1699/2108 1591/1700/2109
f 1603/1593/2002 1602/1592/2001 1591/1700/2109 1592/1701/2110
f 1593/1594/2003 1603/1593/2002 1592/1701/2110 1582/1692/2101
usemtl aiStandardSurface2SG
f 1606/1704/2111 1605/1703/2112 1299/1277/1708 1298/1276/1707
f 1607/1705/2113 1606/1704/2111 1298/1276/1707 1297/1275/1706
f 1608/1706/2114 1607/1705/2113 1297/1275/1706 1295/1273/1704
f 1609/1707/2115 1608/1706/2114 1295/1273/1704 1294/1272/1703
f 1610/1708/2116 1609/1707/2115 1294/1272/1703 1305/1283/1714
f 1611/1709/2117 1610/1708/2116 1305/1283/1714 1304/1282/1713
f 1612/1710/2118 1611/1709/2117 1304/1282/1713 1303/1281/1712
f 1613/1711/2119 1612/1710/2118 1303/1281/1712 1302/1280/1711
f 1614/1712/2120 1613/1711/2119 1302/1280/1711 1301/1279/1710
f 1604/1702/2121 1614/1712/2120 1301/1279/1710 1300/1278/1709
f 1621/1713/2122 1637/1714/2123 1638/1715/2124 1623/1716/2125
f 1623/1716/2125 1638/1715/2124 1639/1717/2126 1625/1718/2127
f 1625/1718/2127 1639/1717/2126 1640/1719/2128 1627/1720/2129
f 1627/1720/2129 1640/1719/2128 1641/1721/2130 1629/1722/2131
f 1629/1722/2131 1641/1721/2130 1642/1723/2132 1631/1724/2133
f 1631/1724/2133 1642/1723/2132 1643/1725/2134 1633/1726/2135
f 1633/1726/2135 1643/1725/2134 1644/1727/2136 1635/1728/2137
f 1606/1704/2111 1633/1726/2135 1635/1728/2137 1605/1703/2112
f 1607/1705/2113 1631/1724/2133 1633/1726/2135 1606/1704/2111
f 1608/1706/2114 1629/1722/2131 1631/1724/2133 1607/1705/2113
f 1609/1707/2115 1627/1720/2129 1629/1722/2131 1608/1706/2114
f 1610/1708/2116 1625/1718/2127 1627/1720/2129 1609/1707/2115
f 1611/1709/2117 1623/1716/2125 1625/1718/2127 1610/1708/2116
f 1612/1710/2118 1621/1713/2122 1623/1716/2125 1611/1709/2117
f 1613/1711/2119 1619/1730/2138 1621/1713/2122 1612/1710/2118
f 1614/1712/2120 1617/1731/2139 1619/1730/2138 1613/1711/2119
f 1604/1702/2121 1615/1729/2140 1617/1731/2139 1614/1712/2120
f 2113/2243/2141 1618/1733/2142 1616/1732/2143 2112/2242/2144
f 2114/2244/2145 1620/1734/2146 1618/1733/2142 2113/2243/2141
f 2115/2245/2147 1622/1735/2148 1620/1734/2146 2114/2244/2145
f 2116/2246/2149 1624/1736/2150 1622/1735/2148 2115/2245/2147
f 2117/2247/2151 1626/1737/2152 1624/1736/2150 2116/2246/2149
f 2118/2248/2153 1628/1738/2154 1626/1737/2152 2117/2247/2151
f 2119/2249/2155 1630/1739/2156 1628/1738/2154 2118/2248/2153
f 2120/2250/2157 1632/1740/2158 1630/1739/2156 2119/2249/2155
s 21
f 2123/2256/2159 2124/2253/2160 2125/2254/2161 2126/2255/2162
f 2127/2257/2163 2124/2253/2160 2123/2256/2159 2128/2258/2164
s 1
f 1638/1715/2124 1637/1714/2123 1622/1735/2148 1624/1736/2150
f 1639/1717/2126 1638/1715/2124 1624/1736/2150 1626/1737/2152
f 1640/1719/2128 1639/1717/2126 1626/1737/2152 1628/1738/2154
f 1641/1721/2130 1640/1719/2128 1628/1738/2154 1630/1739/2156
f 1642/1723/2132 1641/1721/2130 1630/1739/2156 1632/1740/2158
f 1643/1725/2134 1642/1723/2132 1632/1740/2158 1634/1741/2165
f 1644/1727/2136 1643/1725/2134 1634/1741/2165 1636/1742/2166
s 22
f 1617/1731/2167 1615/1729/2168 1672/1770/2169 1673/1771/2170
f 1619/1730/2171 1617/1731/2167 1673/1771/2170 1674/1772/2172
s 23
f 1637/1714/2173 1621/1713/2174 1675/1773/2175 1676/1774/2176
s 22
f 1621/1713/2177 1619/1730/2171 1674/1772/2172 1675/1773/2178
s 24
f 1616/1732/2179 1618/1733/2180 1679/1777/2181 1680/1778/2182
f 1618/1733/2180 1620/1734/2183 1678/1776/2184 1679/1777/2181
s 25
f 1620/1734/2185 1622/1735/2186 1677/1775/2187 1678/1776/2188
s 26
f 1622/1735/2189 1637/1714/2190 1676/1774/2191 1677/1775/2192
s 22
f 1655/1753/2193 1654/1752/2194 1663/1761/2195 1664/1762/2196
f 1656/1754/2197 1655/1753/2193 1664/1762/2196 1665/1763/2198
f 1657/1755/2199 1656/1754/2197 1665/1763/2198 1666/1764/2200
s 23
f 1658/1756/2201 1657/1755/2202 1666/1764/2203 1667/1765/2204
s 26
f 1659/1757/2205 1658/1756/2206 1667/1765/2207 1668/1766/2208
s 25
f 1660/1758/2209 1659/1757/2210 1668/1766/2211 1669/1767/2212
s 24
f 1661/1759/2213 1660/1758/2214 1669/1767/2215 1670/1768/2216
f 1662/1760/2217 1661/1759/2213 1670/1768/2216 1671/1769/2218
s 22
f 1664/1762/2196 1663/1761/2195 1645/1743/2219 1646/1744/2220
f 1665/1763/2198 1664/1762/2196 1646/1744/2220 1647/1745/2221
f 1666/1764/2200 1665/1763/2198 1647/1745/2221 1649/1746/2222
s 23
f 1667/1765/2204 1666/1764/2203 1649/1746/2223 1648/1747/2224
s 26
f 1668/1766/2208 1667/1765/2207 1648/1747/2225 1653/1751/2226
s 25
f 1669/1767/2212 1668/1766/2211 1653/1751/2227 1652/1750/2228
s 24
f 1670/1768/2216 1669/1767/2215 1652/1750/2229 1651/1749/2230
f 1671/1769/2218 1670/1768/2216 1651/1749/2230 1650/1748/2231
s 22
f 1673/1771/2170 1672/1770/2169 1654/1752/2194 1655/1753/2193
f 1674/1772/2172 1673/1771/2170 1655/1753/2193 1656/1754/2197
f 1675/1773/2178 1674/1772/2172 1656/1754/2197 1657/1755/2199
s 23
f 1676/1774/2176 1675/1773/2175 1657/1755/2202 1658/1756/2201
s 26
f 1677/1775/2192 1676/1774/2191 1658/1756/2206 1659/1757/2205
s 25
f 1678/1776/2188 1677/1775/2187 1659/1757/2210 1660/1758/2209
s 24
f 1679/1777/2181 1678/1776/2184 1660/1758/2214 1661/1759/2213
f 1680/1778/2182 1679/1777/2181 1661/1759/2213 1662/1760/2217
s 1
usemtl pasted__standardSurface2SG
f 1681/1779/2232 1931/1782/2233 1930/1781/2234 1682/1780/2235
f 1682/1780/2235 1930/1781/2234 1929/1784/2236 1683/1783/2237
f 1683/1783/2237 1929/1784/2236 1928/1786/2238 1684/1785/2239
f 1684/1785/2239 1928/1786/2238 1465/1788/1678 1166/1787/1677
f 1167/1248/1679 1464/1249/1682 1927/1790/2240 1685/1789/2241
f 1685/1789/2241 1927/1790/2240 1926/1792/2242 1686/1791/2243
f 1686/1791/2243 1926/1792/2242 1925/1794/2244 1687/1793/2245
f 1687/1793/2245 1925/1794/2244 1924/1796/2246 1688/1795/2247
f 1688/1795/2247 1924/1796/2246 1932/1798/2248 1689/1797/2249
f 1689/1797/2249 1932/1798/2248 1931/1782/2233 1681/1779/2232
usemtl aiStandardSurface2SG
f 1961/1799/2250 1506/1262/1693 1960/1800/2251
f 1962/1801/2252 1506/1262/1693 1961/1799/2250
f 1963/1802/2253 1506/1262/1693 1962/1801/2252
f 1509/1265/1696 1506/1262/1693 1963/1802/2253
f 1964/1803/2254 1506/1262/1693 1510/1266/1698
f 1965/1804/2255 1506/1262/1693 1964/1803/2254
f 1966/1805/2256 1506/1262/1693 1965/1804/2255
f 1967/1806/2257 1506/1262/1693 1966/1805/2256
f 1968/1807/2258 1506/1262/1693 1967/1806/2257
f 1960/1800/2251 1506/1262/1693 1968/1807/2258
f 1789/1808/2259 1296/1274/1705 1790/1809/2260
f 1790/1809/2260 1296/1274/1705 1791/1810/2261
f 1791/1810/2261 1296/1274/1705 1792/1811/2262
f 1792/1811/2262 1296/1274/1705 1299/1277/1708
f 1300/1278/1709 1296/1274/1705 1793/1812/2263
f 1793/1812/2263 1296/1274/1705 1794/1813/2264
f 1794/1813/2264 1296/1274/1705 1795/1814/2265
f 1795/1814/2265 1296/1274/1705 1796/1815/2266
f 1796/1815/2266 1296/1274/1705 1797/1816/2267
f 1797/1816/2267 1296/1274/1705 1789/1808/2259
usemtl pasted__standardSurface2SG
f 1690/1817/2268 1699/1820/2269 1700/1819/2270 1691/1818/2271
f 1691/1818/2271 1700/1819/2270 1701/1822/2272 1692/1821/2273
f 1692/1821/2273 1701/1822/2272 1702/1824/2274 1693/1823/2275
f 1693/1823/2275 1702/1824/2274 1188/1826/1724 1177/1825/1723
f 1178/1294/1725 1189/1295/1728 1703/1828/2276 1694/1827/2277
f 1694/1827/2277 1703/1828/2276 1704/1830/2278 1695/1829/2279
f 1695/1829/2279 1704/1830/2278 1705/1832/2280 1696/1831/2281
f 1696/1831/2281 1705/1832/2280 1706/1834/2282 1697/1833/2283
f 1697/1833/2283 1706/1834/2282 1707/1836/2284 1698/1835/2285
f 1698/1835/2285 1707/1836/2284 1699/1820/2269 1690/1817/2268
f 1699/1820/2269 1708/1838/2286 1709/1837/2287 1700/1819/2270
f 1700/1819/2270 1709/1837/2287 1710/1839/2288 1701/1822/2272
f 1701/1822/2272 1710/1839/2288 1711/1840/2289 1702/1824/2274
f 1702/1824/2274 1711/1840/2289 1199/1841/1741 1188/1826/1724
f 1189/1295/1728 1200/1311/1743 1712/1842/2290 1703/1828/2276
f 1703/1828/2276 1712/1842/2290 1713/1843/2291 1704/1830/2278
f 1704/1830/2278 1713/1843/2291 1714/1844/2292 1705/1832/2280
f 1705/1832/2280 1714/1844/2292 1715/1845/2293 1706/1834/2282
f 1706/1834/2282 1715/1845/2293 1716/1846/2294 1707/1836/2284
f 1707/1836/2284 1716/1846/2294 1708/1838/2286 1699/1820/2269
f 1708/1838/2286 1717/1848/2295 1718/1847/2296 1709/1837/2287
f 1709/1837/2287 1718/1847/2296 1719/1849/2297 1710/1839/2288
f 1710/1839/2288 1719/1849/2297 1720/1850/2298 1711/1840/2289
f 1711/1840/2289 1720/1850/2298 1210/1851/1752 1199/1841/1741
f 1200/1311/1743 1211/1322/1754 1721/1852/2299 1712/1842/2290
f 1712/1842/2290 1721/1852/2299 1722/1853/2300 1713/1843/2291
f 1713/1843/2291 1722/1853/2300 1723/1854/2301 1714/1844/2292
f 1714/1844/2292 1723/1854/2301 1724/1855/2302 1715/1845/2293
f 1715/1845/2293 1724/1855/2302 1725/1856/2303 1716/1846/2294
f 1716/1846/2294 1725/1856/2303 1717/1848/2295 1708/1838/2286
f 1717/1848/2295 1876/1858/2304 1875/1857/2305 1718/1847/2296
f 1718/1847/2296 1875/1857/2305 1874/1859/2306 1719/1849/2297
f 1719/1849/2297 1874/1859/2306 1873/1860/2307 1720/1850/2298
f 1720/1850/2298 1873/1860/2307 1398/1861/1763 1210/1851/1752
f 1211/1322/1754 1397/1333/1765 1872/1862/2308 1721/1852/2299
f 1721/1852/2299 1872/1862/2308 1871/1863/2309 1722/1853/2300
f 1722/1853/2300 1871/1863/2309 1870/1864/2310 1723/1854/2301
f 1723/1854/2301 1870/1864/2310 1878/1865/2311 1724/1855/2302
f 1724/1855/2302 1878/1865/2311 1877/1866/2312 1725/1856/2303
f 1725/1856/2303 1877/1866/2312 1876/1858/2304 1717/1848/2295
usemtl aiStandardSurface2SG
f 1744/1867/2313 1866/1870/2314 1865/1869/2315 1745/1868/2316
f 1745/1868/2316 1865/1869/2315 1864/1872/2317 1748/1871/2318
f 1748/1871/2318 1864/1872/2317 1863/1874/2319 1750/1873/2320
f 1750/1873/2320 1863/1874/2319 1386/1348/1779 1247/1347/1778
f 1249/1349/1780 1385/1350/1783 1862/1876/2321 1752/1875/2322
f 1752/1875/2322 1862/1876/2321 1861/1878/2323 1754/1877/2324
f 1754/1877/2324 1861/1878/2323 1869/1880/2325 1756/1879/2326
f 1756/1879/2326 1869/1880/2325 1868/1882/2327 1758/1881/2328
f 1758/1881/2328 1868/1882/2327 1867/1884/2329 1760/1883/2330
f 1760/1883/2330 1867/1884/2329 1866/1870/2314 1744/1867/2313
f 1726/1885/2331 1885/1888/2332 1884/1887/2333 1727/1886/2334
f 1736/1889/2335 1858/1892/2336 1857/1891/2337 1735/1890/2338
f 1727/1886/2334 1884/1887/2333 1883/1894/2339 1728/1893/2340
f 1737/1895/2341 1859/1896/2342 1858/1892/2336 1736/1889/2335
f 1728/1893/2340 1883/1894/2339 1882/1898/2343 1729/1897/2344
f 1738/1899/2345 1860/1900/2346 1859/1896/2342 1737/1895/2341
f 1729/1897/2344 1882/1898/2343 1409/1378/1809 1221/1377/1808
f 1232/1379/1810 1382/1380/1811 1860/1900/2346 1738/1899/2345
f 1222/1381/1812 1408/1382/1815 1881/1902/2347 1730/1901/2348
f 1739/1903/2349 1852/1904/2350 1372/1384/1818 1233/1383/1817
f 1730/1901/2348 1881/1902/2347 1880/1906/2351 1731/1905/2352
f 1740/1907/2353 1853/1908/2354 1852/1904/2350 1739/1903/2349
f 1731/1905/2352 1880/1906/2351 1879/1910/2355 1732/1909/2356
f 1741/1911/2357 1854/1912/2358 1853/1908/2354 1740/1907/2353
f 1732/1909/2356 1879/1910/2355 1887/1914/2359 1733/1913/2360
f 1742/1915/2361 1855/1916/2362 1854/1912/2358 1741/1911/2357
f 1733/1913/2360 1887/1914/2359 1886/1918/2363 1734/1917/2364
f 1743/1919/2365 1856/1920/2366 1855/1916/2362 1742/1915/2361
f 1734/1917/2364 1886/1918/2363 1885/1888/2332 1726/1885/2331
f 1735/1890/2338 1857/1891/2337 1856/1920/2366 1743/1919/2365
f 1735/1890/2338 1846/1922/2367 1845/1921/2368 1736/1889/2335
f 1736/1889/2335 1845/1921/2368 1844/1923/2369 1737/1895/2341
f 1737/1895/2341 1844/1923/2369 1843/1924/2370 1738/1899/2345
f 1738/1899/2345 1843/1924/2370 1361/1409/1840 1232/1379/1810
f 1233/1383/1817 1371/1410/1842 1851/1925/2371 1739/1903/2349
f 1739/1903/2349 1851/1925/2371 1850/1926/2372 1740/1907/2353
f 1740/1907/2353 1850/1926/2372 1849/1927/2373 1741/1911/2357
f 1741/1911/2357 1849/1927/2373 1848/1928/2374 1742/1915/2361
f 1742/1915/2361 1848/1928/2374 1847/1929/2375 1743/1919/2365
f 1743/1919/2365 1847/1929/2375 1846/1922/2367 1735/1890/2338
f 1762/1930/2376 1828/1933/2377 1827/1932/2378 1763/1931/2379
f 1763/1931/2379 1827/1932/2378 1826/1935/2380 1764/1934/2381
f 1764/1934/2381 1826/1935/2380 1825/1937/2382 1765/1936/2383
f 1765/1936/2383 1825/1937/2382 1339/1425/1856 1265/1424/1855
f 1266/1426/1857 1349/1427/1860 1833/1939/2384 1766/1938/2385
f 1766/1938/2385 1833/1939/2384 1832/1941/2386 1767/1940/2387
f 1767/1940/2387 1832/1941/2386 1831/1943/2388 1768/1942/2389
f 1768/1942/2389 1831/1943/2388 1830/1945/2390 1769/1944/2391
f 1769/1944/2391 1830/1945/2390 1829/1947/2392 1770/1946/2393
f 1770/1946/2393 1829/1947/2392 1828/1933/2377 1762/1930/2376
f 1780/1948/2394 1816/1949/2395 1328/1439/1871 1283/1438/1870
f 1781/1950/2396 1817/1951/2397 1816/1949/2395 1780/1948/2394
f 1782/1952/2398 1818/1953/2399 1817/1951/2397 1781/1950/2396
f 1783/1954/2400 1819/1955/2401 1818/1953/2399 1782/1952/2398
f 1784/1956/2402 1820/1957/2403 1819/1955/2401 1783/1954/2400
f 1785/1958/2404 1821/1959/2405 1820/1957/2403 1784/1956/2402
f 1786/1960/2406 1822/1961/2407 1821/1959/2405 1785/1958/2404
f 1787/1962/2408 1823/1963/2409 1822/1961/2407 1786/1960/2406
f 1788/1964/2410 1824/1965/2411 1823/1963/2409 1787/1962/2408
f 1293/1458/1889 1338/1459/1890 1824/1965/2411 1788/1964/2410
f 1771/1966/2412 1801/1969/2413 1800/1968/2414 1772/1967/2415
f 1772/1967/2415 1800/1968/2414 1799/1971/2416 1773/1970/2417
f 1773/1970/2417 1799/1971/2416 1798/1973/2418 1774/1972/2419
f 1774/1972/2419 1798/1973/2418 1306/1469/1900 1276/1468/1899
f 1277/1470/1901 1316/1471/1904 1806/1975/2420 1775/1974/2421
f 1775/1974/2421 1806/1975/2420 1805/1977/2422 1776/1976/2423
f 1776/1976/2423 1805/1977/2422 1804/1979/2424 1777/1978/2425
f 1777/1978/2425 1804/1979/2424 1803/1981/2426 1778/1980/2427
f 1778/1980/2427 1803/1981/2426 1802/1983/2428 1779/1982/2429
f 1779/1982/2429 1802/1983/2428 1801/1969/2413 1771/1966/2412
f 1807/1984/2430 1774/1972/2419 1276/1468/1899 1317/1482/1914
f 1808/1985/2431 1773/1970/2417 1774/1972/2419 1807/1984/2430
f 1809/1986/2432 1772/1967/2415 1773/1970/2417 1808/1985/2431
f 1810/1987/2433 1771/1966/2412 1772/1967/2415 1809/1986/2432
f 1811/1988/2434 1779/1982/2429 1771/1966/2412 1810/1987/2433
f 1812/1989/2435 1778/1980/2427 1779/1982/2429 1811/1988/2434
f 1813/1990/2436 1777/1978/2425 1778/1980/2427 1812/1989/2435
f 1814/1991/2437 1776/1976/2423 1777/1978/2425 1813/1990/2436
f 1815/1992/2438 1775/1974/2421 1776/1976/2423 1814/1991/2437
f 1327/1492/1923 1277/1470/1901 1775/1974/2421 1815/1992/2438
f 1816/1949/2395 1807/1984/2430 1317/1482/1914 1328/1439/1871
f 1817/1951/2397 1808/1985/2431 1807/1984/2430 1816/1949/2395
f 1818/1953/2399 1809/1986/2432 1808/1985/2431 1817/1951/2397
f 1819/1955/2401 1810/1987/2433 1809/1986/2432 1818/1953/2399
f 1820/1957/2403 1811/1988/2434 1810/1987/2433 1819/1955/2401
f 1821/1959/2405 1812/1989/2435 1811/1988/2434 1820/1957/2403
f 1822/1961/2407 1813/1990/2436 1812/1989/2435 1821/1959/2405
f 1823/1963/2409 1814/1991/2437 1813/1990/2436 1822/1961/2407
f 1824/1965/2411 1815/1992/2438 1814/1991/2437 1823/1963/2409
f 1338/1459/1890 1327/1492/1923 1815/1992/2438 1824/1965/2411
f 1825/1937/2382 1780/1948/2394 1283/1438/1870 1339/1425/1856
f 1826/1935/2380 1781/1950/2396 1780/1948/2394 1825/1937/2382
f 1827/1932/2378 1782/1952/2398 1781/1950/2396 1826/1935/2380
f 1828/1933/2377 1783/1954/2400 1782/1952/2398 1827/1932/2378
f 1829/1947/2392 1784/1956/2402 1783/1954/2400 1828/1933/2377
f 1830/1945/2390 1785/1958/2404 1784/1956/2402 1829/1947/2392
f 1831/1943/2388 1786/1960/2406 1785/1958/2404 1830/1945/2390
f 1832/1941/2386 1787/1962/2408 1786/1960/2406 1831/1943/2388
f 1833/1939/2384 1788/1964/2410 1787/1962/2408 1832/1941/2386
f 1349/1427/1860 1293/1458/1889 1788/1964/2410 1833/1939/2384
f 1834/1993/2439 1765/1936/2383 1265/1424/1855 1350/1493/1925
f 1835/1994/2440 1764/1934/2381 1765/1936/2383 1834/1993/2439
f 1836/1995/2441 1763/1931/2379 1764/1934/2381 1835/1994/2440
f 1837/1996/2442 1762/1930/2376 1763/1931/2379 1836/1995/2441
f 1838/1997/2443 1770/1946/2393 1762/1930/2376 1837/1996/2442
f 1839/1998/2444 1769/1944/2391 1770/1946/2393 1838/1997/2443
f 1840/1999/2445 1768/1942/2389 1769/1944/2391 1839/1998/2444
f 1841/2000/2446 1767/1940/2387 1768/1942/2389 1840/1999/2445
f 1842/2001/2447 1766/1938/2385 1767/1940/2387 1841/2000/2446
f 1360/1503/1934 1266/1426/1857 1766/1938/2385 1842/2001/2447
f 1843/1924/2370 1834/1993/2439 1350/1493/1925 1361/1409/1840
f 1844/1923/2369 1835/1994/2440 1834/1993/2439 1843/1924/2370
f 1845/1921/2368 1836/1995/2441 1835/1994/2440 1844/1923/2369
f 1846/1922/2367 1837/1996/2442 1836/1995/2441 1845/1921/2368
f 1847/1929/2375 1838/1997/2443 1837/1996/2442 1846/1922/2367
f 1848/1928/2374 1839/1998/2444 1838/1997/2443 1847/1929/2375
f 1849/1927/2373 1840/1999/2445 1839/1998/2444 1848/1928/2374
f 1850/1926/2372 1841/2000/2446 1840/1999/2445 1849/1927/2373
f 1851/1925/2371 1842/2001/2447 1841/2000/2446 1850/1926/2372
f 1371/1410/1842 1360/1503/1934 1842/2001/2447 1851/1925/2371
f 1852/1904/2350 1753/2002/2448 1250/1504/1935 1372/1384/1818
f 1853/1908/2354 1755/2003/2449 1753/2002/2448 1852/1904/2350
f 1854/1912/2358 1757/2004/2450 1755/2003/2449 1853/1908/2354
f 1855/1916/2362 1759/2005/2451 1757/2004/2450 1854/1912/2358
f 1856/1920/2366 1761/2006/2452 1759/2005/2451 1855/1916/2362
f 1857/1891/2337 1747/2007/2453 1761/2006/2452 1856/1920/2366
f 1858/1892/2336 1746/2008/2454 1747/2007/2453 1857/1891/2337
f 1859/1896/2342 1749/2009/2455 1746/2008/2454 1858/1892/2336
f 1860/1900/2346 1751/2010/2456 1749/2009/2455 1859/1896/2342
f 1382/1380/1811 1248/1514/1945 1751/2010/2456 1860/1900/2346
f 1862/1876/2321 1753/2002/2448 1755/2003/2449 1861/1878/2323
f 1385/1350/1783 1250/1504/1935 1753/2002/2448 1862/1876/2321
f 1863/1874/2319 1751/2010/2456 1248/1514/1945 1386/1348/1779
f 1864/1872/2317 1749/2009/2455 1751/2010/2456 1863/1874/2319
f 1865/1869/2315 1746/2008/2454 1749/2009/2455 1864/1872/2317
f 1866/1870/2314 1747/2007/2453 1746/2008/2454 1865/1869/2315
f 1867/1884/2329 1761/2006/2452 1747/2007/2453 1866/1870/2314
f 1868/1882/2327 1759/2005/2451 1761/2006/2452 1867/1884/2329
f 1869/1880/2325 1757/2004/2450 1759/2005/2451 1868/1882/2327
f 1861/1878/2323 1755/2003/2449 1757/2004/2450 1869/1880/2325
usemtl pasted__standardSurface2SG
f 1871/1863/2309 1731/2012/2352 1732/2011/2356 1870/1864/2310
f 1872/1862/2308 1730/2013/2348 1731/2012/2352 1871/1863/2309
f 1397/1333/1765 1222/1518/1812 1730/2013/2348 1872/1862/2308
f 1873/1860/2307 1729/2015/2344 1221/2014/1808 1398/1861/1763
f 1874/1859/2306 1728/2016/2340 1729/2015/2344 1873/1860/2307
f 1875/1857/2305 1727/2017/2334 1728/2016/2340 1874/1859/2306
f 1876/1858/2304 1726/2018/2331 1727/2017/2334 1875/1857/2305
f 1877/1866/2312 1734/2019/2364 1726/2018/2331 1876/1858/2304
f 1878/1865/2311 1733/2020/2360 1734/2019/2364 1877/1866/2312
f 1870/1864/2310 1732/2011/2356 1733/2020/2360 1878/1865/2311
usemtl aiStandardSurface2SG
f 1880/1906/2351 1754/1877/2324 1756/1879/2326 1879/1910/2355
f 1881/1902/2347 1752/1875/2322 1754/1877/2324 1880/1906/2351
f 1408/1382/1815 1249/1349/1780 1752/1875/2322 1881/1902/2347
f 1882/1898/2343 1750/1873/2320 1247/1347/1778 1409/1378/1809
f 1883/1894/2339 1748/1871/2318 1750/1873/2320 1882/1898/2343
f 1884/1887/2333 1745/1868/2316 1748/1871/2318 1883/1894/2339
f 1885/1888/2332 1744/1867/2313 1745/1868/2316 1884/1887/2333
f 1886/1918/2363 1760/1883/2330 1744/1867/2313 1885/1888/2332
f 1887/1914/2359 1758/1881/2328 1760/1883/2330 1886/1918/2363
f 1879/1910/2355 1756/1879/2326 1758/1881/2328 1887/1914/2359
usemtl pasted__standardSurface2SG
f 1888/2021/2457 1693/1823/2275 1177/1825/1723 1416/2022/1947
f 1889/2023/2458 1692/1821/2273 1693/1823/2275 1888/2021/2457
f 1890/2024/2459 1691/1818/2271 1692/1821/2273 1889/2023/2458
f 1891/2025/2460 1690/1817/2268 1691/1818/2271 1890/2024/2459
f 1892/2026/2461 1698/1835/2285 1690/1817/2268 1891/2025/2460
f 1893/2027/2462 1697/1833/2283 1698/1835/2285 1892/2026/2461
f 1894/2028/2463 1696/1831/2281 1697/1833/2283 1893/2027/2462
f 1895/2029/2464 1695/1829/2279 1696/1831/2281 1894/2028/2463
f 1896/2030/2465 1694/1827/2277 1695/1829/2279 1895/2029/2464
f 1426/1536/1956 1178/1294/1725 1694/1827/2277 1896/2030/2465
usemtl aiStandardSurface2SG
f 1682/2031/2235 1936/2034/2466 1935/2033/2467 1681/2032/2232
f 1683/2035/2237 1937/2036/2468 1936/2034/2466 1682/2031/2235
f 1684/2037/2239 1938/2038/2469 1937/2036/2468 1683/2035/2237
f 1166/1545/1677 1477/1546/1961 1938/2038/2469 1684/2037/2239
f 1685/2039/2241 1939/2040/2470 1478/1548/1962 1167/1547/1679
f 1686/2041/2243 1940/2042/2471 1939/2040/2470 1685/2039/2241
f 1687/2043/2245 1941/2044/2472 1940/2042/2471 1686/2041/2243
f 1688/2045/2247 1933/2046/2473 1941/2044/2472 1687/2043/2245
f 1689/2047/2249 1934/2048/2474 1933/2046/2473 1688/2045/2247
f 1681/2032/2232 1935/2033/2467 1934/2048/2474 1689/2047/2249
f 1898/2049/2475 1907/2052/2476 1906/2051/2477 1897/2050/2478
f 1899/2053/2479 1908/2054/2480 1907/2052/2476 1898/2049/2475
f 1900/2055/2481 1909/2056/2482 1908/2054/2480 1899/2053/2479
f 1431/1567/1976 1442/1568/1977 1909/2056/2482 1900/2055/2481
f 1901/2057/2483 1910/2058/2484 1443/1570/1980 1432/1569/1979
f 1902/2059/2485 1911/2060/2486 1910/2058/2484 1901/2057/2483
f 1903/2061/2487 1912/2062/2488 1911/2060/2486 1902/2059/2485
f 1904/2063/2489 1913/2064/2490 1912/2062/2488 1903/2061/2487
f 1905/2065/2491 1914/2066/2492 1913/2064/2490 1904/2063/2489
f 1897/2050/2478 1906/2051/2477 1914/2066/2492 1905/2065/2491
f 1907/2052/2476 1980/2068/2493 1979/2067/2494 1906/2051/2477
f 1908/2054/2480 1981/2069/2495 1980/2068/2493 1907/2052/2476
f 1909/2056/2482 1982/2070/2496 1981/2069/2495 1908/2054/2480
f 1442/1568/1977 1532/1585/1994 1982/2070/2496 1909/2056/2482
f 1910/2058/2484 1983/2071/2497 1533/1586/1995 1443/1570/1980
f 1911/2060/2486 1984/2072/2498 1983/2071/2497 1910/2058/2484
f 1912/2062/2488 1985/2073/2499 1984/2072/2498 1911/2060/2486
f 1913/2064/2490 1986/2074/2500 1985/2073/2499 1912/2062/2488
f 1914/2066/2492 1978/2075/2501 1986/2074/2500 1913/2064/2490
f 1906/2051/2477 1979/2067/2494 1978/2075/2501 1914/2066/2492
usemtl pasted__standardSurface2SG
f 1925/1794/2244 2040/2077/2502 2039/2076/2503 1924/1796/2246
f 1926/1792/2242 2032/2078/2504 2040/2077/2502 1925/1794/2244
f 1927/1790/2240 2033/2079/2505 2032/2078/2504 1926/1792/2242
f 1464/1249/1682 1595/1596/2005 2033/2079/2505 1927/1790/2240
f 1928/1786/2238 2034/2081/2506 1596/2080/2006 1465/1788/1678
f 1929/1784/2236 2035/2082/2507 2034/2081/2506 1928/1786/2238
f 1930/1781/2234 2036/2083/2508 2035/2082/2507 1929/1784/2236
f 1931/1782/2233 2037/2084/2509 2036/2083/2508 1930/1781/2234
f 1932/1798/2248 2038/2085/2510 2037/2084/2509 1931/1782/2233
f 1924/1796/2246 2039/2076/2503 2038/2085/2510 1932/1798/2248
usemtl aiStandardSurface2SG
f 1934/2048/2474 1990/2087/2511 1989/2086/2512 1933/2046/2473
f 1935/2033/2467 1991/2088/2513 1990/2087/2511 1934/2048/2474
f 1936/2034/2466 1992/2089/2514 1991/2088/2513 1935/2033/2467
f 1937/2036/2468 1993/2090/2515 1992/2089/2514 1936/2034/2466
f 1938/2038/2469 1994/2091/2516 1993/2090/2515 1937/2036/2468
f 1477/1546/1961 1546/1609/2018 1994/2091/2516 1938/2038/2469
f 1939/2040/2470 1995/2092/2517 1547/1610/2019 1478/1548/1962
f 1940/2042/2471 1987/2093/2518 1995/2092/2517 1939/2040/2470
f 1941/2044/2472 1988/2094/2519 1987/2093/2518 1940/2042/2471
f 1933/2046/2473 1989/2086/2512 1988/2094/2519 1941/2044/2472
f 1916/2095/2520 1971/2098/2521 1970/2097/2522 1915/2096/2523
f 1917/2099/2524 1972/2100/2525 1971/2098/2521 1916/2095/2520
f 1918/2101/2526 1973/2102/2527 1972/2100/2525 1917/2099/2524
f 1453/1622/2031 1521/1623/2032 1973/2102/2527 1918/2101/2526
f 1919/2103/2528 1974/2104/2529 1522/1625/2035 1454/1624/2034
f 1920/2105/2530 1975/2106/2531 1974/2104/2529 1919/2103/2528
f 1921/2107/2532 1976/2108/2533 1975/2106/2531 1920/2105/2530
f 1922/2109/2534 1977/2110/2535 1976/2108/2533 1921/2107/2532
f 1923/2111/2536 1969/2112/2537 1977/2110/2535 1922/2109/2534
f 1915/2096/2523 1970/2097/2522 1969/2112/2537 1923/2111/2536
f 1943/2113/2538 1952/2116/2539 1951/2115/2540 1942/2114/2541
f 1944/2117/2542 1953/2118/2543 1952/2116/2539 1943/2113/2538
f 1945/2119/2544 1954/2120/2545 1953/2118/2543 1944/2117/2542
f 1486/1644/2053 1497/1645/2054 1954/2120/2545 1945/2119/2544
f 1946/2121/2546 1955/2122/2547 1498/1647/2057 1487/1646/2056
f 1947/2123/2548 1956/2124/2549 1955/2122/2547 1946/2121/2546
f 1948/2125/2550 1957/2126/2551 1956/2124/2549 1947/2123/2548
f 1949/2127/2552 1958/2128/2553 1957/2126/2551 1948/2125/2550
f 1950/2129/2554 1959/2130/2555 1958/2128/2553 1949/2127/2552
f 1942/2114/2541 1951/2115/2540 1959/2130/2555 1950/2129/2554
f 1952/2116/2539 1961/1799/2250 1960/1800/2251 1951/2115/2540
f 1953/2118/2543 1962/1801/2252 1961/1799/2250 1952/2116/2539
f 1954/2120/2545 1963/1802/2253 1962/1801/2252 1953/2118/2543
f 1497/1645/2054 1509/1265/1696 1963/1802/2253 1954/2120/2545
f 1955/2122/2547 1964/1803/2254 1510/1266/1698 1498/1647/2057
f 1956/2124/2549 1965/1804/2255 1964/1803/2254 1955/2122/2547
f 1957/2126/2551 1966/1805/2256 1965/1804/2255 1956/2124/2549
f 1958/2128/2553 1967/1806/2257 1966/1805/2256 1957/2126/2551
f 1959/2130/2555 1968/1807/2258 1967/1806/2257 1958/2128/2553
f 1951/2115/2540 1960/1800/2251 1968/1807/2258 1959/2130/2555
f 1970/2097/2522 1942/2114/2541 1950/2129/2554 1969/2112/2537
f 1971/2098/2521 1943/2113/2538 1942/2114/2541 1970/2097/2522
f 1972/2100/2525 1944/2117/2542 1943/2113/2538 1971/2098/2521
f 1973/2102/2527 1945/2119/2544 1944/2117/2542 1972/2100/2525
f 1521/1623/2032 1486/1644/2053 1945/2119/2544 1973/2102/2527
f 1974/2104/2529 1946/2121/2546 1487/1646/2056 1522/1625/2035
f 1975/2106/2531 1947/2123/2548 1946/2121/2546 1974/2104/2529
f 1976/2108/2533 1948/2125/2550 1947/2123/2548 1975/2106/2531
f 1977/2110/2535 1949/2127/2552 1948/2125/2550 1976/2108/2533
f 1969/2112/2537 1950/2129/2554 1949/2127/2552 1977/2110/2535
f 1979/2067/2494 1915/2096/2523 1923/2111/2536 1978/2075/2501
f 1980/2068/2493 1916/2095/2520 1915/2096/2523 1979/2067/2494
f 1981/2069/2495 1917/2099/2524 1916/2095/2520 1980/2068/2493
f 1982/2070/2496 1918/2101/2526 1917/2099/2524 1981/2069/2495
f 1532/1585/1994 1453/1622/2031 1918/2101/2526 1982/2070/2496
f 1983/2071/2497 1919/2103/2528 1454/1624/2034 1533/1586/1995
f 1984/2072/2498 1920/2105/2530 1919/2103/2528 1983/2071/2497
f 1985/2073/2499 1921/2107/2532 1920/2105/2530 1984/2072/2498
f 1986/2074/2500 1922/2109/2534 1921/2107/2532 1985/2073/2499
f 1978/2075/2501 1923/2111/2536 1922/2109/2534 1986/2074/2500
f 1988/2094/2519 1903/2061/2487 1902/2059/2485 1987/2093/2518
f 1989/2086/2512 1904/2063/2489 1903/2061/2487 1988/2094/2519
f 1990/2087/2511 1905/2065/2491 1904/2063/2489 1989/2086/2512
f 1991/2088/2513 1897/2050/2478 1905/2065/2491 1990/2087/2511
f 1992/2089/2514 1898/2049/2475 1897/2050/2478 1991/2088/2513
f 1993/2090/2515 1899/2053/2479 1898/2049/2475 1992/2089/2514
f 1994/2091/2516 1900/2055/2481 1899/2053/2479 1993/2090/2515
f 1546/1609/2018 1431/1567/1976 1900/2055/2481 1994/2091/2516
f 1995/2092/2517 1901/2057/2483 1432/1569/1979 1547/1610/2019
f 1987/2093/2518 1902/2059/2485 1901/2057/2483 1995/2092/2517
usemtl pasted__standardSurface2SG
f 1997/2131/2556 1896/2030/2465 1895/2029/2464 1996/2132/2557
f 1551/1660/2069 1426/1536/1956 1896/2030/2465 1997/2131/2556
f 1998/2133/2558 1888/2021/2457 1416/2022/1947 1552/2134/2071
f 1999/2135/2559 1889/2023/2458 1888/2021/2457 1998/2133/2558
f 2000/2136/2560 1890/2024/2459 1889/2023/2458 1999/2135/2559
f 2001/2137/2561 1891/2025/2460 1890/2024/2459 2000/2136/2560
f 2002/2138/2562 1892/2026/2461 1891/2025/2460 2001/2137/2561
f 2003/2139/2563 1893/2027/2462 1892/2026/2461 2002/2138/2562
f 2004/2140/2564 1894/2028/2463 1893/2027/2462 2003/2139/2563
f 1996/2132/2557 1895/2029/2464 1894/2028/2463 2004/2140/2564
f 2006/2141/2565 1997/2131/2556 1996/2132/2557 2005/2142/2566
f 1562/1671/2080 1551/1660/2069 1997/2131/2556 2006/2141/2565
f 2007/2143/2567 1998/2133/2558 1552/2134/2071 1563/2144/2082
f 2008/2145/2568 1999/2135/2559 1998/2133/2558 2007/2143/2567
f 2009/2146/2569 2000/2136/2560 1999/2135/2559 2008/2145/2568
f 2010/2147/2570 2001/2137/2561 2000/2136/2560 2009/2146/2569
f 2011/2148/2571 2002/2138/2562 2001/2137/2561 2010/2147/2570
f 2012/2149/2572 2003/2139/2563 2002/2138/2562 2011/2148/2571
f 2013/2150/2573 2004/2140/2564 2003/2139/2563 2012/2149/2572
f 2005/2142/2566 1996/2132/2557 2004/2140/2564 2013/2150/2573
f 2015/2151/2574 2006/2141/2565 2005/2142/2566 2014/2152/2575
f 1573/1682/2091 1562/1671/2080 2006/2141/2565 2015/2151/2574
f 2016/2153/2576 2007/2143/2567 1563/2144/2082 1574/2154/2093
f 2017/2155/2577 2008/2145/2568 2007/2143/2567 2016/2153/2576
f 2018/2156/2578 2009/2146/2569 2008/2145/2568 2017/2155/2577
f 2019/2157/2579 2010/2147/2570 2009/2146/2569 2018/2156/2578
f 2020/2158/2580 2011/2148/2571 2010/2147/2570 2019/2157/2579
f 2021/2159/2581 2012/2149/2572 2011/2148/2571 2020/2158/2580
f 2022/2160/2582 2013/2150/2573 2012/2149/2572 2021/2159/2581
f 2014/2152/2575 2005/2142/2566 2013/2150/2573 2022/2160/2582
f 2024/2161/2583 2015/2151/2574 2014/2152/2575 2023/2162/2584
f 1584/1693/2102 1573/1682/2091 2015/2151/2574 2024/2161/2583
f 2025/2163/2585 2016/2153/2576 1574/2154/2093 1585/2164/2104
f 2026/2165/2586 2017/2155/2577 2016/2153/2576 2025/2163/2585
f 2027/2166/2587 2018/2156/2578 2017/2155/2577 2026/2165/2586
f 2028/2167/2588 2019/2157/2579 2018/2156/2578 2027/2166/2587
f 2029/2168/2589 2020/2158/2580 2019/2157/2579 2028/2167/2588
f 2030/2169/2590 2021/2159/2581 2020/2158/2580 2029/2168/2589
f 2031/2170/2591 2022/2160/2582 2021/2159/2581 2030/2169/2590
f 2023/2162/2584 2014/2152/2575 2022/2160/2582 2031/2170/2591
f 2033/2079/2505 2024/2161/2583 2023/2162/2584 2032/2078/2504
f 1595/1596/2005 1584/1693/2102 2024/2161/2583 2033/2079/2505
f 2034/2081/2506 2025/2163/2585 1585/2164/2104 1596/2080/2006
f 2035/2082/2507 2026/2165/2586 2025/2163/2585 2034/2081/2506
f 2036/2083/2508 2027/2166/2587 2026/2165/2586 2035/2082/2507
f 2037/2084/2509 2028/2167/2588 2027/2166/2587 2036/2083/2508
f 2038/2085/2510 2029/2168/2589 2028/2167/2588 2037/2084/2509
f 2039/2076/2503 2030/2169/2590 2029/2168/2589 2038/2085/2510
f 2040/2077/2502 2031/2170/2591 2030/2169/2590 2039/2076/2503
f 2032/2078/2504 2023/2162/2584 2031/2170/2591 2040/2077/2502
usemtl aiStandardSurface2SG
f 2041/2171/2592 1792/1811/2262 1299/1277/1708 1605/1703/2112
f 2042/2172/2593 1791/1810/2261 1792/1811/2262 2041/2171/2592
f 2043/2173/2594 1790/1809/2260 1791/1810/2261 2042/2172/2593
f 2044/2174/2595 1789/1808/2259 1790/1809/2260 2043/2173/2594
f 2045/2175/2596 1797/1816/2267 1789/1808/2259 2044/2174/2595
f 2046/2176/2597 1796/1815/2266 1797/1816/2267 2045/2175/2596
f 2047/2177/2598 1795/1814/2265 1796/1815/2266 2046/2176/2597
f 2048/2178/2599 1794/1813/2264 1795/1814/2265 2047/2177/2598
f 2049/2179/2600 1793/1812/2263 1794/1813/2264 2048/2178/2599
f 1604/1702/2121 1300/1278/1709 1793/1812/2263 2049/2179/2600
s 21
f 2127/2257/2163 2128/2258/2164 2129/2259/2601 2130/2260/2602
f 2129/2259/2601 2131/2261/2603 2132/2262/2604 2130/2260/2602
s 1
f 2104/2234/2605 2105/2235/2606 2063/2202/2607 2065/2203/2608
f 2105/2235/2606 2106/2236/2609 2061/2201/2610 2063/2202/2607
f 2106/2236/2609 2107/2237/2611 2059/2200/2612 2061/2201/2610
f 2107/2237/2611 2108/2238/2613 2057/2199/2614 2059/2200/2612
f 2108/2238/2613 2109/2239/2615 2055/2198/2616 2057/2199/2614
f 2109/2239/2615 2110/2240/2617 2053/2197/2618 2055/2198/2616
f 2110/2240/2617 2111/2241/2619 2051/2196/2620 2053/2197/2618
f 2111/2241/2619 2112/2242/2144 1616/1732/2143 2051/2196/2620
f 2054/2180/2621 2056/2183/2622 2069/2182/2623 2068/2181/2624
f 2056/2183/2622 2058/2185/2625 2070/2184/2626 2069/2182/2623
f 2058/2185/2625 2060/2187/2627 2071/2186/2628 2070/2184/2626
f 2060/2187/2627 2062/2189/2629 2072/2188/2630 2071/2186/2628
f 2062/2189/2629 2064/2191/2631 2073/2190/2632 2072/2188/2630
f 2064/2191/2631 2066/2193/2633 2074/2192/2634 2073/2190/2632
f 2066/2193/2633 1635/1728/2137 1644/1727/2136 2074/2192/2634
f 2041/2171/2592 1605/1703/2112 1635/1728/2137 2066/2193/2633
f 2042/2172/2593 2041/2171/2592 2066/2193/2633 2064/2191/2631
f 2043/2173/2594 2042/2172/2593 2064/2191/2631 2062/2189/2629
f 2044/2174/2595 2043/2173/2594 2062/2189/2629 2060/2187/2627
f 2045/2175/2596 2044/2174/2595 2060/2187/2627 2058/2185/2625
f 2046/2176/2597 2045/2175/2596 2058/2185/2625 2056/2183/2622
f 2047/2177/2598 2046/2176/2597 2056/2183/2622 2054/2180/2621
f 2048/2178/2599 2047/2177/2598 2054/2180/2621 2052/2194/2635
f 2049/2179/2600 2048/2178/2599 2052/2194/2635 2050/2195/2636
f 1604/1702/2121 2049/2179/2600 2050/2195/2636 1615/1729/2140
f 2069/2182/2623 2057/2199/2614 2055/2198/2616 2068/2181/2624
f 2070/2184/2626 2059/2200/2612 2057/2199/2614 2069/2182/2623
f 2071/2186/2628 2061/2201/2610 2059/2200/2612 2070/2184/2626
f 2072/2188/2630 2063/2202/2607 2061/2201/2610 2071/2186/2628
f 2073/2190/2632 2065/2203/2608 2063/2202/2607 2072/2188/2630
f 2074/2192/2634 2067/2204/2637 2065/2203/2608 2073/2190/2632
f 1644/1727/2136 1636/1742/2166 2067/2204/2637 2074/2192/2634
s 22
f 2050/2195/2638 2096/2205/2639 1672/1770/2169 1615/1729/2168
f 2052/2194/2640 2097/2206/2641 2096/2205/2639 2050/2195/2638
s 39
f 2068/2181/2642 2099/2208/2643 2098/2207/2644 2054/2180/2645
s 22
f 2054/2180/2646 2098/2207/2647 2097/2206/2641 2052/2194/2640
s 24
f 1616/1732/2179 1680/1778/2182 2102/2209/2648 2051/2196/2649
f 2051/2196/2649 2102/2209/2648 2101/2210/2650 2053/2197/2651
s 40
f 2053/2197/2652 2101/2210/2653 2100/2211/2654 2055/2198/2655
s 41
f 2055/2198/2656 2100/2211/2657 2099/2208/2658 2068/2181/2659
s 22
f 2082/2212/2660 2089/2213/2661 1663/1761/2195 1654/1752/2194
f 2083/2214/2662 2090/2215/2663 2089/2213/2661 2082/2212/2660
f 2084/2216/2664 2091/2217/2665 2090/2215/2663 2083/2214/2662
s 39
f 2085/2218/2666 2092/2219/2667 2091/2217/2668 2084/2216/2669
s 41
f 2086/2220/2670 2093/2221/2671 2092/2219/2672 2085/2218/2673
s 40
f 2087/2222/2674 2094/2223/2675 2093/2221/2676 2086/2220/2677
s 24
f 2088/2224/2678 2095/2225/2679 2094/2223/2680 2087/2222/2681
f 1662/1760/2217 1671/1769/2218 2095/2225/2679 2088/2224/2678
s 22
f 2089/2213/2661 2075/2226/2682 1645/1743/2219 1663/1761/2195
f 2090/2215/2663 2076/2227/2683 2075/2226/2682 2089/2213/2661
f 2091/2217/2665 2078/2228/2684 2076/2227/2683 2090/2215/2663
s 39
f 2092/2219/2667 2077/2229/2685 2078/2228/2686 2091/2217/2668
s 41
f 2093/2221/2671 2081/2230/2687 2077/2229/2688 2092/2219/2672
s 40
f 2094/2223/2675 2080/2231/2689 2081/2230/2690 2093/2221/2676
s 24
f 2095/2225/2679 2079/2232/2691 2080/2231/2692 2094/2223/2680
f 1671/1769/2218 1650/1748/2231 2079/2232/2691 2095/2225/2679
s 22
f 2096/2205/2639 2082/2212/2660 1654/1752/2194 1672/1770/2169
f 2097/2206/2641 2083/2214/2662 2082/2212/2660 2096/2205/2639
f 2098/2207/2647 2084/2216/2664 2083/2214/2662 2097/2206/2641
s 39
f 2099/2208/2643 2085/2218/2666 2084/2216/2669 2098/2207/2644
s 41
f 2100/2211/2657 2086/2220/2670 2085/2218/2673 2099/2208/2658
s 40
f 2101/2210/2653 2087/2222/2674 2086/2220/2677 2100/2211/2654
s 24
f 2102/2209/2648 2088/2224/2678 2087/2222/2681 2101/2210/2650
f 1680/1778/2182 1662/1760/2217 2088/2224/2678 2102/2209/2648
s 1
f 1799/1971/2416 2104/2234/2605 2103/2233/2693 1798/1973/2418
f 1800/1968/2414 2105/2235/2606 2104/2234/2605 1799/1971/2416
f 1801/1969/2413 2106/2236/2609 2105/2235/2606 1800/1968/2414
f 1802/1983/2428 2107/2237/2611 2106/2236/2609 1801/1969/2413
f 1803/1981/2426 2108/2238/2613 2107/2237/2611 1802/1983/2428
f 1804/1979/2424 2109/2239/2615 2108/2238/2613 1803/1981/2426
f 1805/1977/2422 2110/2240/2617 2109/2239/2615 1804/1979/2424
f 1806/1975/2420 2111/2241/2619 2110/2240/2617 1805/1977/2422
f 1316/1471/1904 2112/2242/2144 2111/2241/2619 1806/1975/2420
f 1316/1471/1904 1315/1473/1903 2113/2243/2141 2112/2242/2144
f 1315/1473/1903 1314/1475/1906 2114/2244/2145 2113/2243/2141
f 1314/1475/1906 1313/1477/1908 2115/2245/2147 2114/2244/2145
f 1313/1477/1908 1312/1479/1910 2116/2246/2149 2115/2245/2147
f 1312/1479/1910 1311/1481/1912 2117/2247/2151 2116/2246/2149
f 1311/1481/1912 1310/1463/1894 2118/2248/2153 2117/2247/2151
f 1310/1463/1894 1309/1462/1893 2119/2249/2155 2118/2248/2153
f 1309/1462/1893 1308/1465/1896 2120/2250/2157 2119/2249/2155
f 1308/1465/1896 1307/1467/1898 2121/2251/2694 2120/2250/2157
f 1307/1467/1898 1306/1469/1900 2122/2252/2695 2121/2251/2694
f 1798/1973/2418 2103/2233/2693 2122/2252/2695 1306/1469/1900
s 45
f 1634/1741/2696 1632/1740/2697 2136/2266/2698 2137/2267/2699
s 46
f 1632/1740/2700 2120/2250/2701 2135/2265/2702 2136/2266/2703
s 47
f 2120/2250/2704 2121/2251/2705 2134/2264/2706 2135/2265/2707
s 48
f 1636/1742/2708 1634/1741/2709 2137/2267/2710 2138/2268/2711
s 49
f 2121/2251/2712 2122/2252/2713 2133/2263/2714 2134/2264/2715
s 50
f 2122/2252/2716 2103/2233/2717 2142/2272/2718 2133/2263/2719
s 51
f 2067/2204/2720 1636/1742/2721 2138/2268/2722 2139/2269/2723
s 52
f 2103/2233/2724 2104/2234/2725 2141/2271/2726 2142/2272/2727
s 53
f 2104/2234/2728 2065/2203/2729 2140/2270/2730 2141/2271/2731
s 54
f 2065/2203/2732 2067/2204/2733 2139/2269/2734 2140/2270/2735
s 49
f 2134/2264/2715 2133/2263/2714 2143/2273/2736 2144/2274/2737
s 47
f 2135/2265/2707 2134/2264/2706 2144/2274/2738 2145/2275/2739
s 46
f 2136/2266/2703 2135/2265/2702 2145/2275/2740 2146/2276/2741
s 45
f 2137/2267/2699 2136/2266/2698 2146/2276/2742 2147/2277/2743
s 48
f 2138/2268/2711 2137/2267/2710 2147/2277/2744 2148/2278/2745
s 51
f 2139/2269/2723 2138/2268/2722 2148/2278/2746 2149/2279/2747
s 54
f 2140/2270/2735 2139/2269/2734 2149/2279/2748 2150/2280/2749
s 53
f 2141/2271/2731 2140/2270/2730 2150/2280/2750 2151/2281/2751
s 52
f 2142/2272/2727 2141/2271/2726 2151/2281/2752 2152/2282/2753
s 50
f 2133/2263/2719 2142/2272/2718 2152/2282/2754 2143/2273/2755
s 49
f 2144/2274/2737 2143/2273/2736 2128/2258/2756 2123/2256/2757
s 47
f 2145/2275/2739 2144/2274/2738 2123/2256/2758 2126/2255/2759
s 46
f 2146/2276/2741 2145/2275/2740 2126/2255/2760 2125/2254/2761
s 45
f 2147/2277/2743 2146/2276/2742 2125/2254/2762 2124/2253/2763
s 48
f 2148/2278/2745 2147/2277/2744 2124/2253/2764 2127/2257/2765
s 51
f 2149/2279/2747 2148/2278/2746 2127/2257/2766 2130/2260/2767
s 54
f 2150/2280/2749 2149/2279/2748 2130/2260/2768 2132/2262/2769
s 53
f 2151/2281/2751 2150/2280/2750 2132/2262/2770 2131/2261/2771
s 52
f 2152/2282/2753 2151/2281/2752 2131/2261/2772 2129/2259/2773
s 50
f 2143/2273/2755 2152/2282/2754 2129/2259/2774 2128/2258/2775
