# Blender v3.0.1 OBJ File: 'OrangeJuicer.blend'
# www.blender.org
mtllib OrangeJuicer.mtl
o Cylinder
v 0.000000 0.063452 -0.718370
v 0.000000 2.404863 -1.090620
v 0.140147 0.063452 -0.704567
v 0.212769 2.404863 -1.069664
v 0.274909 0.063452 -0.663688
v 0.417362 2.404863 -1.007602
v 0.399105 0.063452 -0.597303
v 0.605916 2.404863 -0.906818
v 0.507965 0.063452 -0.507965
v 0.771185 2.404863 -0.771185
v 0.597303 0.063452 -0.399105
v 0.906818 2.404863 -0.605916
v 0.663688 0.063452 -0.274908
v 1.007602 2.404863 -0.417362
v 0.704567 0.063452 -0.140147
v 1.069664 2.404863 -0.212770
v 0.718370 0.063452 0.000000
v 1.090620 2.404863 0.000000
v 0.704567 0.063452 0.140147
v 1.069664 2.404863 0.212769
v 0.663688 0.063452 0.274908
v 1.007602 2.404863 0.417362
v 0.597303 0.063452 0.399105
v 0.906818 2.404863 0.605916
v 0.507965 0.063452 0.507965
v 0.771185 2.404863 0.771185
v 0.399105 0.063452 0.597303
v 0.605916 2.404863 0.906818
v 0.274909 0.063452 0.663688
v 0.417362 2.404863 1.007602
v 0.140147 0.063452 0.704567
v -0.000000 0.063452 0.718370
v -0.140147 0.063452 0.704567
v -0.274908 0.063452 0.663688
v -0.417362 2.404863 1.007602
v -0.399105 0.063452 0.597303
v -0.605916 2.404863 0.906818
v -0.507964 0.063452 0.507965
v -0.771185 2.404863 0.771185
v -0.597303 0.063452 0.399105
v -0.906818 2.404863 0.605916
v -0.663688 0.063452 0.274909
v -1.007602 2.404863 0.417363
v -0.704567 0.063452 0.140147
v -1.069664 2.404863 0.212770
v -0.718370 0.063452 -0.000000
v -1.090620 2.404863 -0.000000
v -0.704567 0.063452 -0.140147
v -1.069664 2.404863 -0.212770
v -0.663688 0.063452 -0.274909
v -1.007602 2.404863 -0.417363
v -0.597303 0.063452 -0.399105
v -0.906818 2.404863 -0.605916
v -0.507965 0.063452 -0.507965
v -0.771185 2.404863 -0.771185
v -0.399105 0.063452 -0.597303
v -0.605916 2.404863 -0.906818
v -0.274908 0.063452 -0.663688
v -0.417362 2.404863 -1.007602
v -0.140147 0.063452 -0.704567
v -0.212769 2.404863 -1.069664
v 0.000000 1.226626 -1.090620
v 0.212769 1.226626 -1.069664
v 0.417362 1.226626 -1.007602
v 0.605916 1.226626 -0.906818
v 0.771185 1.226626 -0.771185
v 0.906818 1.226626 -0.605916
v 1.007602 1.226626 -0.417362
v 1.069664 1.226626 -0.212770
v 1.090620 1.226626 0.000000
v 1.069664 1.226626 0.212769
v 1.007602 1.226626 0.417362
v 0.906818 1.226626 0.605916
v 0.771185 1.226626 0.771185
v 0.605916 1.226626 0.906818
v 0.417362 1.226626 1.007602
v 0.212769 1.226626 1.069664
v -0.000000 1.226626 1.090620
v -0.212769 1.226626 1.069664
v -0.417362 1.226626 1.007602
v -0.605916 1.226626 0.906818
v -0.771185 1.226626 0.771185
v -0.906818 1.226626 0.605916
v -1.007602 1.226626 0.417363
v -1.069664 1.226626 0.212770
v -1.090620 1.226626 -0.000000
v -1.069664 1.226626 -0.212770
v -1.007602 1.226626 -0.417363
v -0.906818 1.226626 -0.605916
v -0.771185 1.226626 -0.771185
v -0.605916 1.226626 -0.906818
v -0.417362 1.226626 -1.007602
v -0.212769 1.226626 -1.069664
v 0.209545 0.941079 -1.053454
v 0.199872 0.652185 -1.004822
v 0.183749 0.359758 -0.923770
v 0.411037 0.941079 -0.992332
v 0.392062 0.652185 -0.946522
v 0.360437 0.359758 -0.870172
v 0.596734 0.941079 -0.893075
v 0.569186 0.652185 -0.851847
v 0.523273 0.359758 -0.783134
v 0.759498 0.941079 -0.759498
v 0.724436 0.652185 -0.724436
v 0.666001 0.359758 -0.666001
v 0.893075 0.941079 -0.596734
v 0.851847 0.652185 -0.569186
v 0.783134 0.359758 -0.523273
v 0.992332 0.941079 -0.411037
v 0.946522 0.652185 -0.392062
v 0.870172 0.359758 -0.360437
v 1.053454 0.941079 -0.209545
v 1.004822 0.652185 -0.199872
v 0.923770 0.359758 -0.183749
v 1.074092 0.941079 0.000000
v 1.024508 0.652185 0.000000
v 0.941867 0.359758 0.000000
v 1.053454 0.941079 0.209545
v 1.004822 0.652185 0.199872
v 0.923770 0.359758 0.183749
v 0.992332 0.941079 0.411037
v 0.946522 0.652185 0.392062
v 0.870172 0.359758 0.360437
v 0.893075 0.941079 0.596734
v 0.851847 0.652185 0.569186
v 0.783134 0.359758 0.523273
v 0.759498 0.941079 0.759498
v 0.724436 0.652185 0.724436
v 0.666001 0.359758 0.666001
v 0.596734 0.941079 0.893075
v 0.569186 0.652185 0.851847
v 0.523273 0.359758 0.783134
v 0.411037 0.941079 0.992332
v 0.392062 0.652185 0.946522
v 0.360437 0.359758 0.870172
v 0.209545 0.941079 1.053454
v 0.199872 0.652185 1.004822
v 0.183749 0.359758 0.923770
v -0.000000 0.941079 1.074092
v -0.000000 0.652185 1.024508
v -0.000000 0.359758 0.941867
v -0.209545 0.941079 1.053454
v -0.199872 0.652185 1.004822
v -0.183749 0.359758 0.923770
v -0.411037 0.941079 0.992332
v -0.392062 0.652185 0.946522
v -0.360437 0.359758 0.870172
v -0.596734 0.941079 0.893075
v -0.569186 0.652185 0.851847
v -0.523274 0.359758 0.783134
v -0.759498 0.941079 0.759498
v -0.724436 0.652185 0.724437
v -0.666001 0.359758 0.666001
v -0.893075 0.941079 0.596734
v -0.851847 0.652185 0.569186
v -0.783134 0.359758 0.523274
v -0.992332 0.941079 0.411037
v -0.946522 0.652185 0.392062
v -0.870172 0.359758 0.360437
v -1.053454 0.941079 0.209545
v -1.004822 0.652185 0.199872
v -0.923770 0.359758 0.183749
v -1.074092 0.941079 -0.000000
v -1.024508 0.652185 -0.000000
v -0.941867 0.359758 -0.000000
v -1.053454 0.941079 -0.209545
v -1.004822 0.652185 -0.199872
v -0.923770 0.359758 -0.183749
v -0.992332 0.941079 -0.411038
v -0.946522 0.652185 -0.392062
v -0.870172 0.359758 -0.360437
v -0.893075 0.941079 -0.596734
v -0.851847 0.652185 -0.569186
v -0.783134 0.359758 -0.523273
v -0.759498 0.941079 -0.759498
v -0.724437 0.652185 -0.724436
v -0.666001 0.359758 -0.666001
v -0.596734 0.941079 -0.893075
v -0.569186 0.652185 -0.851847
v -0.523274 0.359758 -0.783134
v -0.411037 0.941079 -0.992332
v -0.392062 0.652185 -0.946522
v -0.360437 0.359758 -0.870172
v -0.209545 0.941079 -1.053454
v -0.199871 0.652185 -1.004822
v -0.183749 0.359758 -0.923770
v 0.000000 0.359758 -0.941867
v 0.000000 0.652185 -1.024508
v 0.000000 0.941079 -1.074092
v 0.000000 1.711594 -1.090620
v 0.212769 1.711594 -1.069664
v 0.417362 1.711594 -1.007602
v 0.605916 1.711594 -0.906818
v 0.771185 1.711594 -0.771185
v 0.906818 1.711594 -0.605916
v 1.007602 1.711594 -0.417362
v 1.069664 1.711594 -0.212770
v 1.090620 1.711594 0.000000
v 1.069664 1.711594 0.212769
v 1.007602 1.711594 0.417362
v 0.906818 1.711594 0.605916
v 0.771185 1.711594 0.771185
v 0.605916 1.711594 0.906818
v 0.417362 1.711594 1.007602
v 0.212769 1.711594 1.069664
v -0.000000 1.711594 1.090620
v -0.212769 1.711594 1.069664
v -0.417362 1.711594 1.007602
v -0.605916 1.711594 0.906818
v -0.771185 1.711594 0.771185
v -0.906818 1.711594 0.605916
v -1.007602 1.711594 0.417363
v -1.069664 1.711594 0.212770
v -1.090620 1.711594 -0.000000
v -1.069664 1.711594 -0.212770
v -1.007602 1.711594 -0.417363
v -0.906818 1.711594 -0.605916
v -0.771185 1.711594 -0.771185
v -0.605916 1.711594 -0.906818
v -0.417362 1.711594 -1.007602
v -0.212769 1.711594 -1.069664
v 0.000000 0.063452 -0.840848
v 0.164041 0.063452 -0.824691
v 0.176348 0.213029 -0.886561
v 0.321779 0.063452 -0.776842
v 0.345919 0.213029 -0.835122
v 0.467150 0.063452 -0.699140
v 0.502196 0.213029 -0.751590
v 0.594569 0.063452 -0.594569
v 0.639175 0.213029 -0.639175
v 0.699140 0.063452 -0.467150
v 0.751590 0.213029 -0.502196
v 0.776842 0.063452 -0.321779
v 0.835122 0.213029 -0.345919
v 0.824691 0.063452 -0.164041
v 0.886561 0.213029 -0.176348
v 0.840848 0.063452 0.000000
v 0.903930 0.213029 0.000000
v 0.824691 0.063452 0.164041
v 0.886561 0.213029 0.176348
v 0.776842 0.063452 0.321779
v 0.835122 0.213029 0.345919
v 0.699140 0.063452 0.467150
v 0.751590 0.213029 0.502196
v 0.594569 0.063452 0.594569
v 0.639175 0.213029 0.639175
v 0.467150 0.063452 0.699140
v 0.502196 0.213029 0.751590
v 0.321779 0.063452 0.776842
v 0.345919 0.213029 0.835122
v 0.164041 0.063452 0.824692
v 0.176348 0.213029 0.886561
v -0.000000 0.063452 0.840848
v -0.000000 0.213029 0.903930
v -0.164041 0.063452 0.824692
v -0.176348 0.213029 0.886561
v -0.321779 0.063452 0.776842
v -0.345919 0.213029 0.835122
v -0.467150 0.063452 0.699140
v -0.502197 0.213029 0.751590
v -0.594569 0.063452 0.594570
v -0.639175 0.213029 0.639175
v -0.699140 0.063452 0.467150
v -0.751590 0.213029 0.502197
v -0.776842 0.063452 0.321779
v -0.835122 0.213029 0.345919
v -0.824691 0.063452 0.164041
v -0.886561 0.213029 0.176348
v -0.840848 0.063452 -0.000000
v -0.903930 0.213029 -0.000000
v -0.824691 0.063452 -0.164041
v -0.886561 0.213029 -0.176348
v -0.776842 0.063452 -0.321779
v -0.835122 0.213029 -0.345919
v -0.699140 0.063452 -0.467150
v -0.751590 0.213029 -0.502196
v -0.594570 0.063452 -0.594569
v -0.639175 0.213029 -0.639175
v -0.467150 0.063452 -0.699140
v -0.502197 0.213029 -0.751590
v -0.321779 0.063452 -0.776842
v -0.345919 0.213029 -0.835122
v -0.164041 0.063452 -0.824692
v -0.176348 0.213029 -0.886561
v 0.000000 0.213029 -0.903930
v -0.000000 0.359758 -0.958600
v 0.187014 0.359758 -0.940181
v 0.366841 0.359758 -0.885631
v 0.532570 0.359758 -0.797047
v 0.677833 0.359758 -0.677833
v 0.797047 0.359758 -0.532570
v 0.885631 0.359758 -0.366841
v 0.940181 0.359758 -0.187014
v 0.958600 0.359758 0.000000
v 0.940181 0.359758 0.187014
v 0.885631 0.359758 0.366841
v 0.797047 0.359758 0.532570
v 0.677833 0.359758 0.677833
v 0.532570 0.359758 0.797047
v 0.366841 0.359758 0.885631
v 0.187014 0.359758 0.940181
v -0.000000 0.359758 0.958600
v -0.187014 0.359758 0.940181
v -0.366841 0.359758 0.885631
v -0.532570 0.359758 0.797047
v -0.677833 0.359758 0.677833
v -0.797047 0.359758 0.532570
v -0.885631 0.359758 0.366841
v -0.940181 0.359758 0.187014
v -0.958600 0.359758 -0.000000
v -0.940181 0.359758 -0.187014
v -0.885631 0.359758 -0.366841
v -0.797047 0.359758 -0.532570
v -0.677833 0.359758 -0.677833
v -0.532570 0.359758 -0.797047
v -0.366841 0.359758 -0.885631
v -0.187014 0.359758 -0.940181
v 0.000000 0.359758 -0.941867
v 0.183749 0.359758 -0.923770
v 0.360437 0.359758 -0.870172
v 0.523273 0.359758 -0.783134
v 0.666001 0.359758 -0.666001
v 0.783134 0.359758 -0.523273
v 0.870172 0.359758 -0.360437
v 0.923770 0.359758 -0.183749
v 0.941867 0.359758 0.000000
v 0.923770 0.359758 0.183749
v 0.870172 0.359758 0.360437
v 0.783134 0.359758 0.523273
v 0.666001 0.359758 0.666001
v 0.523273 0.359758 0.783134
v 0.360437 0.359758 0.870172
v 0.183749 0.359758 0.923770
v -0.000000 0.359758 0.941867
v -0.183749 0.359758 0.923770
v -0.360437 0.359758 0.870172
v -0.523274 0.359758 0.783134
v -0.666001 0.359758 0.666001
v -0.783134 0.359758 0.523274
v -0.870172 0.359758 0.360437
v -0.923770 0.359758 0.183749
v -0.941867 0.359758 -0.000000
v -0.923770 0.359758 -0.183749
v -0.870172 0.359758 -0.360437
v -0.783134 0.359758 -0.523273
v -0.666001 0.359758 -0.666001
v -0.523274 0.359758 -0.783134
v -0.360437 0.359758 -0.870172
v -0.183749 0.359758 -0.923770
v 0.000000 0.063452 -0.840848
v 0.164041 0.063452 -0.824691
v 0.321779 0.063452 -0.776842
v 0.467150 0.063452 -0.699140
v 0.594569 0.063452 -0.594569
v 0.699140 0.063452 -0.467150
v 0.776842 0.063452 -0.321779
v 0.824691 0.063452 -0.164041
v 0.840848 0.063452 0.000000
v 0.824691 0.063452 0.164041
v 0.776842 0.063452 0.321779
v 0.699140 0.063452 0.467150
v 0.594569 0.063452 0.594569
v 0.467150 0.063452 0.699140
v 0.321779 0.063452 0.776842
v 0.164041 0.063452 0.824692
v -0.000000 0.063452 0.840848
v -0.164041 0.063452 0.824692
v -0.321779 0.063452 0.776842
v -0.467150 0.063452 0.699140
v -0.594569 0.063452 0.594570
v -0.699140 0.063452 0.467150
v -0.776842 0.063452 0.321779
v -0.824691 0.063452 0.164041
v -0.840848 0.063452 -0.000000
v -0.824691 0.063452 -0.164041
v -0.776842 0.063452 -0.321779
v -0.699140 0.063452 -0.467150
v -0.594570 0.063452 -0.594569
v -0.467150 0.063452 -0.699140
v -0.321779 0.063452 -0.776842
v -0.164041 0.063452 -0.824692
v -0.000000 0.359758 -0.958600
v 0.187014 0.359758 -0.940181
v 0.366841 0.359758 -0.885631
v 0.532570 0.359758 -0.797047
v 0.677833 0.359758 -0.677833
v 0.797047 0.359758 -0.532570
v 0.885631 0.359758 -0.366841
v 0.940181 0.359758 -0.187014
v 0.958600 0.359758 0.000000
v 0.940181 0.359758 0.187014
v 0.885631 0.359758 0.366841
v 0.797047 0.359758 0.532570
v 0.677833 0.359758 0.677833
v 0.532570 0.359758 0.797047
v 0.366841 0.359758 0.885631
v 0.187014 0.359758 0.940181
v -0.000000 0.359758 0.958600
v -0.187014 0.359758 0.940181
v -0.366841 0.359758 0.885631
v -0.532570 0.359758 0.797047
v -0.677833 0.359758 0.677833
v -0.797047 0.359758 0.532570
v -0.885631 0.359758 0.366841
v -0.940181 0.359758 0.187014
v -0.958600 0.359758 -0.000000
v -0.940181 0.359758 -0.187014
v -0.885631 0.359758 -0.366841
v -0.797047 0.359758 -0.532570
v -0.677833 0.359758 -0.677833
v -0.532570 0.359758 -0.797047
v -0.366841 0.359758 -0.885631
v -0.187014 0.359758 -0.940181
vt 1.000000 0.868267
vt 1.000000 1.000000
vt 0.968750 1.000000
vt 0.968750 0.868267
vt 0.937500 1.000000
vt 0.937500 0.868267
vt 0.906250 1.000000
vt 0.906250 0.868267
vt 0.875000 1.000000
vt 0.875000 0.868267
vt 0.843750 1.000000
vt 0.843750 0.868267
vt 0.812500 1.000000
vt 0.812500 0.868267
vt 0.781250 1.000000
vt 0.781250 0.868267
vt 0.750000 1.000000
vt 0.750000 0.868267
vt 0.718750 1.000000
vt 0.718750 0.868267
vt 0.687500 1.000000
vt 0.687500 0.868267
vt 0.656250 1.000000
vt 0.656250 0.868267
vt 0.625000 1.000000
vt 0.625000 0.868267
vt 0.593750 1.000000
vt 0.593750 0.868267
vt 0.562500 1.000000
vt 0.562500 0.868267
vt 0.437500 0.868267
vt 0.437500 1.000000
vt 0.406250 1.000000
vt 0.406250 0.868267
vt 0.375000 1.000000
vt 0.375000 0.868267
vt 0.343750 1.000000
vt 0.343750 0.868267
vt 0.312500 1.000000
vt 0.312500 0.868267
vt 0.281250 1.000000
vt 0.281250 0.868267
vt 0.250000 1.000000
vt 0.250000 0.868267
vt 0.218750 1.000000
vt 0.218750 0.868267
vt 0.187500 1.000000
vt 0.187500 0.868267
vt 0.156250 1.000000
vt 0.156250 0.868267
vt 0.125000 1.000000
vt 0.125000 0.868267
vt 0.093750 1.000000
vt 0.093750 0.868267
vt 0.062500 1.000000
vt 0.062500 0.868267
vt 0.031250 1.000000
vt 0.031250 0.868267
vt 0.000000 1.000000
vt 0.000000 0.868267
vt 0.031250 0.687500
vt 0.031250 0.750000
vt 0.000000 0.750000
vt 0.000000 0.687500
vt 0.062500 0.687500
vt 0.062500 0.750000
vt 0.093750 0.687500
vt 0.093750 0.750000
vt 0.125000 0.687500
vt 0.125000 0.750000
vt 0.156250 0.687500
vt 0.156250 0.750000
vt 0.187500 0.687500
vt 0.187500 0.750000
vt 0.218750 0.687500
vt 0.218750 0.750000
vt 0.250000 0.687500
vt 0.250000 0.750000
vt 0.281250 0.687500
vt 0.281250 0.750000
vt 0.312500 0.687500
vt 0.312500 0.750000
vt 0.343750 0.687500
vt 0.343750 0.750000
vt 0.375000 0.687500
vt 0.375000 0.750000
vt 0.406250 0.687500
vt 0.406250 0.750000
vt 0.437500 0.687500
vt 0.437500 0.750000
vt 0.468750 0.687500
vt 0.468750 0.750000
vt 0.500000 0.687500
vt 0.500000 0.750000
vt 0.531250 0.687500
vt 0.531250 0.750000
vt 0.562500 0.687500
vt 0.562500 0.750000
vt 0.593750 0.687500
vt 0.593750 0.750000
vt 0.625000 0.687500
vt 0.625000 0.750000
vt 0.656250 0.687500
vt 0.656250 0.750000
vt 0.687500 0.687500
vt 0.687500 0.750000
vt 0.718750 0.687500
vt 0.718750 0.750000
vt 0.750000 0.687500
vt 0.750000 0.750000
vt 0.781250 0.687500
vt 0.781250 0.750000
vt 0.812500 0.687500
vt 0.812500 0.750000
vt 0.843750 0.687500
vt 0.843750 0.750000
vt 0.875000 0.687500
vt 0.875000 0.750000
vt 0.906250 0.687500
vt 0.906250 0.750000
vt 0.937500 0.687500
vt 0.937500 0.750000
vt 0.968750 0.687500
vt 0.968750 0.750000
vt 1.000000 0.687500
vt 1.000000 0.750000
vt 1.000000 0.562500
vt 1.000000 0.625000
vt 0.968750 0.625000
vt 0.968750 0.562500
vt 0.937500 0.625000
vt 0.937500 0.562500
vt 0.906250 0.625000
vt 0.906250 0.562500
vt 0.875000 0.625000
vt 0.875000 0.562500
vt 0.843750 0.625000
vt 0.843750 0.562500
vt 0.812500 0.625000
vt 0.812500 0.562500
vt 0.781250 0.625000
vt 0.781250 0.562500
vt 0.750000 0.625000
vt 0.750000 0.562500
vt 0.718750 0.625000
vt 0.718750 0.562500
vt 0.687500 0.625000
vt 0.687500 0.562500
vt 0.656250 0.625000
vt 0.656250 0.562500
vt 0.625000 0.625000
vt 0.625000 0.562500
vt 0.593750 0.625000
vt 0.593750 0.562500
vt 0.562500 0.625000
vt 0.562500 0.562500
vt 0.531250 0.625000
vt 0.531250 0.562500
vt 0.500000 0.625000
vt 0.500000 0.562500
vt 0.468750 0.625000
vt 0.468750 0.562500
vt 0.437500 0.625000
vt 0.437500 0.562500
vt 0.406250 0.625000
vt 0.406250 0.562500
vt 0.375000 0.625000
vt 0.375000 0.562500
vt 0.343750 0.625000
vt 0.343750 0.562500
vt 0.312500 0.625000
vt 0.312500 0.562500
vt 0.281250 0.625000
vt 0.281250 0.562500
vt 0.250000 0.625000
vt 0.250000 0.562500
vt 0.218750 0.625000
vt 0.218750 0.562500
vt 0.187500 0.625000
vt 0.187500 0.562500
vt 0.156250 0.625000
vt 0.156250 0.562500
vt 0.125000 0.625000
vt 0.125000 0.562500
vt 0.093750 0.625000
vt 0.093750 0.562500
vt 0.062500 0.625000
vt 0.062500 0.562500
vt 0.031250 0.625000
vt 0.031250 0.562500
vt 0.000000 0.625000
vt 0.000000 0.562500
vt 0.468750 0.868267
vt 0.500000 0.868267
vt 0.531250 0.868267
vt 0.750000 0.490000
vt 0.796822 0.485388
vt 0.841844 0.471731
vt 0.883337 0.449553
vt 0.919706 0.419706
vt 0.949553 0.383337
vt 0.971731 0.341844
vt 0.985388 0.296822
vt 0.990000 0.250000
vt 0.985388 0.203178
vt 0.971731 0.158156
vt 0.949553 0.116663
vt 0.919706 0.080294
vt 0.883337 0.050447
vt 0.841844 0.028269
vt 0.796822 0.014612
vt 0.750000 0.010000
vt 0.703178 0.014612
vt 0.658156 0.028269
vt 0.616663 0.050447
vt 0.580294 0.080294
vt 0.550447 0.116663
vt 0.528269 0.158156
vt 0.514612 0.203178
vt 0.510000 0.250000
vt 0.514612 0.296822
vt 0.528269 0.341844
vt 0.550447 0.383337
vt 0.580294 0.419706
vt 0.616663 0.449553
vt 0.658156 0.471731
vt 0.703178 0.485388
vt 0.875000 0.562500
vt 0.843750 0.562500
vt 0.843750 0.562500
vt 0.875000 0.562500
vt 0.985388 0.203178
vt 0.971731 0.158156
vt 0.616663 0.050447
vt 0.580294 0.080294
vt 0.062500 0.562500
vt 0.031250 0.562500
vt 0.031250 0.562500
vt 0.062500 0.562500
vt 0.343750 0.562500
vt 0.312500 0.562500
vt 0.312500 0.562500
vt 0.343750 0.562500
vt 0.750000 0.490000
vt 0.796822 0.485388
vt 0.625000 0.562500
vt 0.593750 0.562500
vt 0.593750 0.562500
vt 0.625000 0.562500
vt 0.550447 0.383337
vt 0.580294 0.419706
vt 0.906250 0.562500
vt 0.906250 0.562500
vt 0.990000 0.250000
vt 0.658156 0.028269
vt 0.093750 0.562500
vt 0.093750 0.562500
vt 0.375000 0.562500
vt 0.375000 0.562500
vt 0.656250 0.562500
vt 0.656250 0.562500
vt 0.703178 0.014612
vt 0.528269 0.341844
vt 0.937500 0.562500
vt 0.937500 0.562500
vt 0.985388 0.296822
vt 0.125000 0.562500
vt 0.125000 0.562500
vt 0.750000 0.010000
vt 0.406250 0.562500
vt 0.406250 0.562500
vt 0.687500 0.562500
vt 0.687500 0.562500
vt 0.514612 0.296822
vt 0.968750 0.562500
vt 0.968750 0.562500
vt 0.971731 0.341844
vt 0.796822 0.014612
vt 0.156250 0.562500
vt 0.156250 0.562500
vt 0.437500 0.562500
vt 0.437500 0.562500
vt 0.718750 0.562500
vt 0.718750 0.562500
vt 0.841844 0.028269
vt 0.510000 0.250000
vt 1.000000 0.562500
vt 1.000000 0.562500
vt 0.949553 0.383337
vt 0.187500 0.562500
vt 0.187500 0.562500
vt 0.468750 0.562500
vt 0.468750 0.562500
vt 0.750000 0.562500
vt 0.750000 0.562500
vt 0.883337 0.050447
vt 0.514612 0.203178
vt 0.919706 0.419706
vt 0.218750 0.562500
vt 0.218750 0.562500
vt 0.500000 0.562500
vt 0.500000 0.562500
vt 0.703178 0.485388
vt 0.781250 0.562500
vt 0.781250 0.562500
vt 0.919706 0.080294
vt 0.528269 0.158156
vt 0.883337 0.449553
vt 0.250000 0.562500
vt 0.250000 0.562500
vt 0.531250 0.562500
vt 0.531250 0.562500
vt 0.658156 0.471731
vt 0.812500 0.562500
vt 0.812500 0.562500
vt 0.949553 0.116663
vt 0.550447 0.116663
vt 0.841844 0.471731
vt 0.281250 0.562500
vt 0.281250 0.562500
vt 0.562500 0.562500
vt 0.562500 0.562500
vt 0.616663 0.449553
vt 0.000000 0.562500
vt 0.000000 0.562500
vt 1.000000 0.531250
vt 1.000000 0.562500
vt 0.968750 0.562500
vt 0.968750 0.531250
vt 0.937500 0.562500
vt 0.937500 0.531250
vt 0.906250 0.562500
vt 0.906250 0.531250
vt 0.875000 0.562500
vt 0.875000 0.531250
vt 0.843750 0.562500
vt 0.843750 0.531250
vt 0.812500 0.562500
vt 0.812500 0.531250
vt 0.781250 0.562500
vt 0.781250 0.531250
vt 0.750000 0.562500
vt 0.750000 0.531250
vt 0.718750 0.562500
vt 0.718750 0.531250
vt 0.687500 0.562500
vt 0.687500 0.531250
vt 0.656250 0.562500
vt 0.656250 0.531250
vt 0.625000 0.562500
vt 0.625000 0.531250
vt 0.593750 0.562500
vt 0.593750 0.531250
vt 0.562500 0.562500
vt 0.562500 0.531250
vt 0.531250 0.562500
vt 0.531250 0.531250
vt 0.500000 0.562500
vt 0.500000 0.531250
vt 0.468750 0.562500
vt 0.468750 0.531250
vt 0.437500 0.562500
vt 0.437500 0.531250
vt 0.406250 0.562500
vt 0.406250 0.531250
vt 0.375000 0.562500
vt 0.375000 0.531250
vt 0.343750 0.562500
vt 0.343750 0.531250
vt 0.312500 0.562500
vt 0.312500 0.531250
vt 0.281250 0.562500
vt 0.281250 0.531250
vt 0.250000 0.562500
vt 0.250000 0.531250
vt 0.218750 0.562500
vt 0.218750 0.531250
vt 0.187500 0.562500
vt 0.187500 0.531250
vt 0.156250 0.562500
vt 0.156250 0.531250
vt 0.125000 0.562500
vt 0.125000 0.531250
vt 0.093750 0.562500
vt 0.093750 0.531250
vt 0.062500 0.562500
vt 0.062500 0.531250
vt 0.031250 0.562500
vt 0.031250 0.531250
vt 0.000000 0.562500
vt 0.000000 0.531250
vt 0.031250 0.500000
vt 0.000000 0.500000
vt 0.062500 0.500000
vt 0.093750 0.500000
vt 0.125000 0.500000
vt 0.156250 0.500000
vt 0.187500 0.500000
vt 0.218750 0.500000
vt 0.250000 0.500000
vt 0.281250 0.500000
vt 0.312500 0.500000
vt 0.343750 0.500000
vt 0.375000 0.500000
vt 0.406250 0.500000
vt 0.437500 0.500000
vt 0.468750 0.500000
vt 0.500000 0.500000
vt 0.531250 0.500000
vt 0.562500 0.500000
vt 0.593750 0.500000
vt 0.625000 0.500000
vt 0.656250 0.500000
vt 0.687500 0.500000
vt 0.718750 0.500000
vt 0.750000 0.500000
vt 0.781250 0.500000
vt 0.812500 0.500000
vt 0.843750 0.500000
vt 0.875000 0.500000
vt 0.906250 0.500000
vt 0.937500 0.500000
vt 0.968750 0.500000
vt 1.000000 0.500000
vn 0.0000 0.0000 -1.0000
vn 0.1951 0.0000 -0.9808
vn 0.3827 0.0000 -0.9239
vn 0.5556 0.0000 -0.8314
vn 0.7071 0.0000 -0.7071
vn 0.8314 0.0000 -0.5556
vn 0.9239 0.0000 -0.3827
vn 0.9808 0.0000 -0.1951
vn 1.0000 0.0000 0.0000
vn 0.9808 0.0000 0.1951
vn 0.9239 0.0000 0.3827
vn 0.8314 0.0000 0.5556
vn 0.7071 0.0000 0.7071
vn 0.5556 0.0000 0.8314
vn 0.4714 0.0000 0.8819
vn 0.4128 0.0000 0.9108
vn -0.4128 0.0000 0.9108
vn -0.4714 0.0000 0.8819
vn -0.5556 0.0000 0.8314
vn -0.7071 0.0000 0.7071
vn -0.8314 0.0000 0.5556
vn -0.9239 0.0000 0.3827
vn -0.9808 0.0000 0.1951
vn -1.0000 0.0000 0.0000
vn -0.9808 0.0000 -0.1951
vn -0.9239 0.0000 -0.3827
vn -0.8314 0.0000 -0.5556
vn -0.7071 0.0000 -0.7071
vn -0.5556 0.0000 -0.8314
vn -0.3827 0.0000 -0.9239
vn -0.1951 0.0000 -0.9808
vn -0.1938 -0.1133 -0.9745
vn -0.1950 -0.0288 -0.9804
vn 0.0000 -0.0288 -0.9996
vn 0.0000 -0.1133 -0.9936
vn -0.3802 -0.1133 -0.9179
vn -0.3825 -0.0288 -0.9235
vn -0.5520 -0.1133 -0.8261
vn -0.5553 -0.0288 -0.8311
vn -0.7025 -0.1133 -0.7025
vn -0.7068 -0.0288 -0.7068
vn -0.8261 -0.1133 -0.5520
vn -0.8311 -0.0288 -0.5553
vn -0.9179 -0.1133 -0.3802
vn -0.9235 -0.0288 -0.3825
vn -0.9745 -0.1133 -0.1938
vn -0.9804 -0.0288 -0.1950
vn -0.9936 -0.1133 0.0000
vn -0.9996 -0.0288 0.0000
vn -0.9745 -0.1133 0.1938
vn -0.9804 -0.0288 0.1950
vn -0.9179 -0.1133 0.3802
vn -0.9235 -0.0288 0.3825
vn -0.8261 -0.1133 0.5520
vn -0.8311 -0.0288 0.5553
vn -0.7025 -0.1133 0.7025
vn -0.7068 -0.0288 0.7068
vn -0.5520 -0.1133 0.8261
vn -0.5553 -0.0288 0.8311
vn -0.3802 -0.1133 0.9179
vn -0.3825 -0.0288 0.9235
vn -0.1938 -0.1133 0.9745
vn -0.1950 -0.0288 0.9804
vn 0.0000 -0.1133 0.9936
vn 0.0000 -0.0288 0.9996
vn 0.1938 -0.1133 0.9745
vn 0.1950 -0.0288 0.9804
vn 0.3802 -0.1133 0.9179
vn 0.3825 -0.0288 0.9235
vn 0.5520 -0.1133 0.8261
vn 0.5553 -0.0288 0.8311
vn 0.7025 -0.1133 0.7025
vn 0.7068 -0.0288 0.7068
vn 0.8261 -0.1133 0.5520
vn 0.8311 -0.0288 0.5553
vn 0.9179 -0.1133 0.3802
vn 0.9235 -0.0288 0.3825
vn 0.9745 -0.1133 0.1938
vn 0.9804 -0.0288 0.1950
vn 0.9936 -0.1133 0.0000
vn 0.9996 -0.0288 0.0000
vn 0.9745 -0.1133 -0.1938
vn 0.9804 -0.0288 -0.1950
vn 0.9179 -0.1133 -0.3802
vn 0.9235 -0.0288 -0.3825
vn 0.8261 -0.1133 -0.5520
vn 0.8311 -0.0288 -0.5553
vn 0.7025 -0.1133 -0.7025
vn 0.7068 -0.0288 -0.7068
vn 0.5520 -0.1133 -0.8261
vn 0.5553 -0.0288 -0.8311
vn 0.3802 -0.1133 -0.9179
vn 0.3825 -0.0288 -0.9235
vn 0.1938 -0.1133 -0.9745
vn 0.1950 -0.0288 -0.9804
vn 0.0000 -0.2720 -0.9623
vn 0.0000 -0.2201 -0.9755
vn 0.1903 -0.2201 -0.9567
vn 0.1877 -0.2720 -0.9438
vn 0.3733 -0.2201 -0.9012
vn 0.3682 -0.2720 -0.8890
vn 0.5419 -0.2201 -0.8111
vn 0.5346 -0.2720 -0.8001
vn 0.6897 -0.2201 -0.6897
vn 0.6804 -0.2720 -0.6804
vn 0.8111 -0.2201 -0.5419
vn 0.8001 -0.2720 -0.5346
vn 0.9012 -0.2201 -0.3733
vn 0.8890 -0.2720 -0.3682
vn 0.9567 -0.2201 -0.1903
vn 0.9438 -0.2720 -0.1877
vn 0.9755 -0.2201 0.0000
vn 0.9623 -0.2720 0.0000
vn 0.9567 -0.2201 0.1903
vn 0.9438 -0.2720 0.1877
vn 0.9012 -0.2201 0.3733
vn 0.8890 -0.2720 0.3682
vn 0.8111 -0.2201 0.5419
vn 0.8001 -0.2720 0.5346
vn 0.6897 -0.2201 0.6897
vn 0.6804 -0.2720 0.6804
vn 0.5419 -0.2201 0.8111
vn 0.5346 -0.2720 0.8001
vn 0.3733 -0.2201 0.9012
vn 0.3682 -0.2720 0.8890
vn 0.1903 -0.2201 0.9567
vn 0.1877 -0.2720 0.9438
vn 0.0000 -0.2201 0.9755
vn 0.0000 -0.2720 0.9623
vn -0.1903 -0.2201 0.9567
vn -0.1877 -0.2720 0.9438
vn -0.3733 -0.2201 0.9012
vn -0.3682 -0.2720 0.8890
vn -0.5419 -0.2201 0.8111
vn -0.5346 -0.2720 0.8001
vn -0.6897 -0.2201 0.6897
vn -0.6804 -0.2720 0.6804
vn -0.8111 -0.2201 0.5419
vn -0.8001 -0.2720 0.5346
vn -0.9012 -0.2201 0.3733
vn -0.8890 -0.2720 0.3682
vn -0.9567 -0.2201 0.1903
vn -0.9438 -0.2720 0.1877
vn -0.9755 -0.2201 0.0000
vn -0.9623 -0.2720 0.0000
vn -0.9567 -0.2201 -0.1903
vn -0.9438 -0.2720 -0.1877
vn -0.9012 -0.2201 -0.3733
vn -0.8890 -0.2720 -0.3682
vn -0.8111 -0.2201 -0.5419
vn -0.8001 -0.2720 -0.5346
vn -0.6897 -0.2201 -0.6897
vn -0.6804 -0.2720 -0.6804
vn -0.5419 -0.2201 -0.8111
vn -0.5346 -0.2720 -0.8001
vn -0.3733 -0.2201 -0.9012
vn -0.3682 -0.2720 -0.8890
vn -0.1903 -0.2201 -0.9567
vn -0.1877 -0.2720 -0.9438
vn -0.1951 0.0000 0.9808
vn 0.0000 0.0000 1.0000
vn 0.1951 0.0000 0.9808
vn 0.0000 -1.0000 0.0000
vn 0.0000 1.0000 0.0000
vn 0.0000 -0.3685 -0.9296
vn 0.0000 -0.3491 -0.9370
vn 0.1828 -0.3491 -0.9190
vn 0.1813 -0.3685 -0.9117
vn 0.3586 -0.3491 -0.8657
vn 0.3557 -0.3685 -0.8589
vn 0.5206 -0.3491 -0.7791
vn 0.5165 -0.3685 -0.7729
vn 0.6626 -0.3491 -0.6626
vn 0.6573 -0.3685 -0.6573
vn 0.7791 -0.3491 -0.5206
vn 0.7729 -0.3685 -0.5165
vn 0.8657 -0.3491 -0.3586
vn 0.8589 -0.3685 -0.3557
vn 0.9190 -0.3491 -0.1828
vn 0.9117 -0.3685 -0.1813
vn 0.9370 -0.3491 0.0000
vn 0.9296 -0.3685 0.0000
vn 0.9190 -0.3491 0.1828
vn 0.9117 -0.3685 0.1813
vn 0.8657 -0.3491 0.3586
vn 0.8589 -0.3685 0.3557
vn 0.7791 -0.3491 0.5206
vn 0.7729 -0.3685 0.5165
vn 0.6626 -0.3491 0.6626
vn 0.6573 -0.3685 0.6573
vn 0.5206 -0.3491 0.7791
vn 0.5165 -0.3685 0.7729
vn 0.3586 -0.3491 0.8657
vn 0.3557 -0.3685 0.8589
vn 0.1828 -0.3491 0.9190
vn 0.1813 -0.3685 0.9117
vn 0.0000 -0.3491 0.9370
vn 0.0000 -0.3685 0.9296
vn -0.1828 -0.3491 0.9190
vn -0.1813 -0.3685 0.9117
vn -0.3586 -0.3491 0.8657
vn -0.3557 -0.3685 0.8589
vn -0.5206 -0.3491 0.7791
vn -0.5165 -0.3685 0.7729
vn -0.6626 -0.3491 0.6626
vn -0.6573 -0.3685 0.6573
vn -0.7791 -0.3491 0.5206
vn -0.7729 -0.3685 0.5165
vn -0.8657 -0.3491 0.3586
vn -0.8589 -0.3685 0.3557
vn -0.9190 -0.3491 0.1828
vn -0.9117 -0.3685 0.1813
vn -0.9370 -0.3491 0.0000
vn -0.9296 -0.3685 0.0000
vn -0.9190 -0.3491 -0.1828
vn -0.9117 -0.3685 -0.1813
vn -0.8657 -0.3491 -0.3586
vn -0.8589 -0.3685 -0.3557
vn -0.7791 -0.3491 -0.5206
vn -0.7729 -0.3685 -0.5165
vn -0.6626 -0.3491 -0.6626
vn -0.6573 -0.3685 -0.6573
vn -0.5206 -0.3491 -0.7791
vn -0.5165 -0.3685 -0.7729
vn -0.3586 -0.3491 -0.8657
vn -0.3557 -0.3685 -0.8589
vn -0.1828 -0.3491 -0.9190
vn -0.1813 -0.3685 -0.9117
vn -0.1798 -0.3886 -0.9037
vn 0.0000 -0.3886 -0.9214
vn -0.3526 -0.3886 -0.8513
vn -0.5119 -0.3886 -0.7661
vn -0.6515 -0.3886 -0.6515
vn -0.7661 -0.3886 -0.5119
vn -0.8513 -0.3886 -0.3526
vn -0.9037 -0.3886 -0.1798
vn -0.9214 -0.3886 0.0000
vn -0.9037 -0.3886 0.1798
vn -0.8513 -0.3886 0.3526
vn -0.7661 -0.3886 0.5119
vn -0.6515 -0.3886 0.6515
vn -0.5119 -0.3886 0.7661
vn -0.3526 -0.3886 0.8513
vn -0.1798 -0.3886 0.9037
vn 0.0000 -0.3886 0.9214
vn 0.1798 -0.3886 0.9037
vn 0.3526 -0.3886 0.8513
vn 0.5119 -0.3886 0.7661
vn 0.6515 -0.3886 0.6515
vn 0.7661 -0.3886 0.5119
vn 0.8513 -0.3886 0.3526
vn 0.9037 -0.3886 0.1798
vn 0.9214 -0.3886 0.0000
vn 0.9037 -0.3886 -0.1798
vn 0.8513 -0.3886 -0.3526
vn 0.7661 -0.3886 -0.5119
vn 0.6515 -0.3886 -0.6515
vn 0.5119 -0.3886 -0.7661
vn 0.3526 -0.3886 -0.8513
vn 0.1798 -0.3886 -0.9037
usemtl Metal
s 1
f 190/1/1 2/2/1 4/3/2 191/4/2
f 191/4/2 4/3/2 6/5/3 192/6/3
f 192/6/3 6/5/3 8/7/4 193/8/4
f 193/8/4 8/7/4 10/9/5 194/10/5
f 194/10/5 10/9/5 12/11/6 195/12/6
f 195/12/6 12/11/6 14/13/7 196/14/7
f 196/14/7 14/13/7 16/15/8 197/16/8
f 197/16/8 16/15/8 18/17/9 198/18/9
f 198/18/9 18/17/9 20/19/10 199/20/10
f 199/20/10 20/19/10 22/21/11 200/22/11
f 200/22/11 22/21/11 24/23/12 201/24/12
f 201/24/12 24/23/12 26/25/13 202/26/13
f 202/26/13 26/25/13 28/27/14 203/28/14
f 203/28/14 28/27/14 30/29/15 204/30/16
f 208/31/17 35/32/18 37/33/19 209/34/19
f 209/34/19 37/33/19 39/35/20 210/36/20
f 210/36/20 39/35/20 41/37/21 211/38/21
f 211/38/21 41/37/21 43/39/22 212/40/22
f 212/40/22 43/39/22 45/41/23 213/42/23
f 213/42/23 45/41/23 47/43/24 214/44/24
f 214/44/24 47/43/24 49/45/25 215/46/25
f 215/46/25 49/45/25 51/47/26 216/48/26
f 216/48/26 51/47/26 53/49/27 217/50/27
f 217/50/27 53/49/27 55/51/28 218/52/28
f 218/52/28 55/51/28 57/53/29 219/54/29
f 219/54/29 57/53/29 59/55/30 220/56/30
f 220/56/30 59/55/30 61/57/31 221/58/31
f 221/58/31 61/57/31 2/59/1 190/60/1
f 184/61/32 93/62/33 62/63/34 189/64/35
f 181/65/36 92/66/37 93/62/33 184/61/32
f 178/67/38 91/68/39 92/66/37 181/65/36
f 175/69/40 90/70/41 91/68/39 178/67/38
f 172/71/42 89/72/43 90/70/41 175/69/40
f 169/73/44 88/74/45 89/72/43 172/71/42
f 166/75/46 87/76/47 88/74/45 169/73/44
f 163/77/48 86/78/49 87/76/47 166/75/46
f 160/79/50 85/80/51 86/78/49 163/77/48
f 157/81/52 84/82/53 85/80/51 160/79/50
f 154/83/54 83/84/55 84/82/53 157/81/52
f 151/85/56 82/86/57 83/84/55 154/83/54
f 148/87/58 81/88/59 82/86/57 151/85/56
f 145/89/60 80/90/61 81/88/59 148/87/58
f 142/91/62 79/92/63 80/90/61 145/89/60
f 139/93/64 78/94/65 79/92/63 142/91/62
f 136/95/66 77/96/67 78/94/65 139/93/64
f 133/97/68 76/98/69 77/96/67 136/95/66
f 130/99/70 75/100/71 76/98/69 133/97/68
f 127/101/72 74/102/73 75/100/71 130/99/70
f 124/103/74 73/104/75 74/102/73 127/101/72
f 121/105/76 72/106/77 73/104/75 124/103/74
f 118/107/78 71/108/79 72/106/77 121/105/76
f 115/109/80 70/110/81 71/108/79 118/107/78
f 112/111/82 69/112/83 70/110/81 115/109/80
f 109/113/84 68/114/85 69/112/83 112/111/82
f 106/115/86 67/116/87 68/114/85 109/113/84
f 103/117/88 66/118/89 67/116/87 106/115/86
f 100/119/90 65/120/91 66/118/89 103/117/88
f 97/121/92 64/122/93 65/120/91 100/119/90
f 94/123/94 63/124/95 64/122/93 97/121/92
f 189/125/35 62/126/34 63/124/95 94/123/94
f 318/127/96 188/128/97 95/129/98 319/130/99
f 188/128/97 189/125/35 94/123/94 95/129/98
f 319/130/99 95/129/98 98/131/100 320/132/101
f 95/129/98 94/123/94 97/121/92 98/131/100
f 320/132/101 98/131/100 101/133/102 321/134/103
f 98/131/100 97/121/92 100/119/90 101/133/102
f 321/134/103 101/133/102 104/135/104 322/136/105
f 101/133/102 100/119/90 103/117/88 104/135/104
f 322/136/105 104/135/104 107/137/106 323/138/107
f 104/135/104 103/117/88 106/115/86 107/137/106
f 323/138/107 107/137/106 110/139/108 324/140/109
f 107/137/106 106/115/86 109/113/84 110/139/108
f 324/140/109 110/139/108 113/141/110 325/142/111
f 110/139/108 109/113/84 112/111/82 113/141/110
f 325/142/111 113/141/110 116/143/112 326/144/113
f 113/141/110 112/111/82 115/109/80 116/143/112
f 326/144/113 116/143/112 119/145/114 327/146/115
f 116/143/112 115/109/80 118/107/78 119/145/114
f 327/146/115 119/145/114 122/147/116 328/148/117
f 119/145/114 118/107/78 121/105/76 122/147/116
f 328/148/117 122/147/116 125/149/118 329/150/119
f 122/147/116 121/105/76 124/103/74 125/149/118
f 329/150/119 125/149/118 128/151/120 330/152/121
f 125/149/118 124/103/74 127/101/72 128/151/120
f 330/152/121 128/151/120 131/153/122 331/154/123
f 128/151/120 127/101/72 130/99/70 131/153/122
f 331/154/123 131/153/122 134/155/124 332/156/125
f 131/153/122 130/99/70 133/97/68 134/155/124
f 332/156/125 134/155/124 137/157/126 333/158/127
f 134/155/124 133/97/68 136/95/66 137/157/126
f 333/158/127 137/157/126 140/159/128 334/160/129
f 137/157/126 136/95/66 139/93/64 140/159/128
f 334/160/129 140/159/128 143/161/130 335/162/131
f 140/159/128 139/93/64 142/91/62 143/161/130
f 335/162/131 143/161/130 146/163/132 336/164/133
f 143/161/130 142/91/62 145/89/60 146/163/132
f 336/164/133 146/163/132 149/165/134 337/166/135
f 146/163/132 145/89/60 148/87/58 149/165/134
f 337/166/135 149/165/134 152/167/136 338/168/137
f 149/165/134 148/87/58 151/85/56 152/167/136
f 338/168/137 152/167/136 155/169/138 339/170/139
f 152/167/136 151/85/56 154/83/54 155/169/138
f 339/170/139 155/169/138 158/171/140 340/172/141
f 155/169/138 154/83/54 157/81/52 158/171/140
f 340/172/141 158/171/140 161/173/142 341/174/143
f 158/171/140 157/81/52 160/79/50 161/173/142
f 341/174/143 161/173/142 164/175/144 342/176/145
f 161/173/142 160/79/50 163/77/48 164/175/144
f 342/176/145 164/175/144 167/177/146 343/178/147
f 164/175/144 163/77/48 166/75/46 167/177/146
f 343/178/147 167/177/146 170/179/148 344/180/149
f 167/177/146 166/75/46 169/73/44 170/179/148
f 344/180/149 170/179/148 173/181/150 345/182/151
f 170/179/148 169/73/44 172/71/42 173/181/150
f 345/182/151 173/181/150 176/183/152 346/184/153
f 173/181/150 172/71/42 175/69/40 176/183/152
f 346/184/153 176/183/152 179/185/154 347/186/155
f 176/183/152 175/69/40 178/67/38 179/185/154
f 347/186/155 179/185/154 182/187/156 348/188/157
f 179/185/154 178/67/38 181/65/36 182/187/156
f 348/188/157 182/187/156 185/189/158 349/190/159
f 182/187/156 181/65/36 184/61/32 185/189/158
f 349/190/159 185/189/158 188/191/97 318/192/96
f 185/189/158 184/61/32 189/64/35 188/191/97
f 93/62/33 221/58/31 190/60/1 62/63/34
f 92/66/37 220/56/30 221/58/31 93/62/33
f 91/68/39 219/54/29 220/56/30 92/66/37
f 90/70/41 218/52/28 219/54/29 91/68/39
f 89/72/43 217/50/27 218/52/28 90/70/41
f 88/74/45 216/48/26 217/50/27 89/72/43
f 87/76/47 215/46/25 216/48/26 88/74/45
f 86/78/49 214/44/24 215/46/25 87/76/47
f 85/80/51 213/42/23 214/44/24 86/78/49
f 84/82/53 212/40/22 213/42/23 85/80/51
f 83/84/55 211/38/21 212/40/22 84/82/53
f 82/86/57 210/36/20 211/38/21 83/84/55
f 81/88/59 209/34/19 210/36/20 82/86/57
f 80/90/61 208/31/17 209/34/19 81/88/59
f 79/92/63 207/193/160 208/31/17 80/90/61
f 78/94/65 206/194/161 207/193/160 79/92/63
f 77/96/67 205/195/162 206/194/161 78/94/65
f 76/98/69 204/30/16 205/195/162 77/96/67
f 75/100/71 203/28/14 204/30/16 76/98/69
f 74/102/73 202/26/13 203/28/14 75/100/71
f 73/104/75 201/24/12 202/26/13 74/102/73
f 72/106/77 200/22/11 201/24/12 73/104/75
f 71/108/79 199/20/10 200/22/11 72/106/77
f 70/110/81 198/18/9 199/20/10 71/108/79
f 69/112/83 197/16/8 198/18/9 70/110/81
f 68/114/85 196/14/7 197/16/8 69/112/83
f 67/116/87 195/12/6 196/14/7 68/114/85
f 66/118/89 194/10/5 195/12/6 67/116/87
f 65/120/91 193/8/4 194/10/5 66/118/89
f 64/122/93 192/6/3 193/8/4 65/120/91
f 63/124/95 191/4/2 192/6/3 64/122/93
f 62/126/34 190/1/1 191/4/2 63/124/95
usemtl Color
f 1/196/163 3/197/163 5/198/163 7/199/163 9/200/163 11/201/163 13/202/163 15/203/163 17/204/163 19/205/163 21/206/163 23/207/163 25/208/163 27/209/163 29/210/163 31/211/163 32/212/163 33/213/163 34/214/163 36/215/163 38/216/163 40/217/163 42/218/163 44/219/163 46/220/163 48/221/163 50/222/163 52/223/163 54/224/163 56/225/163 58/226/163 60/227/163
f 105/228/164 108/229/164 387/230/164 386/231/164
f 21/206/163 19/205/163 359/232/163 360/233/163
f 38/216/163 36/215/163 369/234/163 370/235/163
f 183/236/164 186/237/164 413/238/164 412/239/164
f 156/240/164 159/241/164 404/242/164 403/243/164
f 3/197/163 1/196/163 350/244/163 351/245/163
f 129/246/164 132/247/164 395/248/164 394/249/164
f 54/224/163 52/223/163 377/250/163 378/251/163
f 102/252/164 105/228/164 386/231/164 385/253/164
f 19/205/163 17/204/163 358/254/163 359/232/163
f 36/215/163 34/214/163 368/255/163 369/234/163
f 180/256/164 183/236/164 412/239/164 411/257/164
f 153/258/164 156/240/164 403/243/164 402/259/164
f 126/260/164 129/246/164 394/249/164 393/261/164
f 34/214/163 33/213/163 367/262/163 368/255/163
f 52/223/163 50/222/163 376/263/163 377/250/163
f 99/264/164 102/252/164 385/253/164 384/265/164
f 17/204/163 15/203/163 357/266/163 358/254/163
f 177/267/164 180/256/164 411/257/164 410/268/164
f 33/213/163 32/212/163 366/269/163 367/262/163
f 150/270/164 153/258/164 402/259/164 401/271/164
f 123/272/164 126/260/164 393/261/164 392/273/164
f 50/222/163 48/221/163 375/274/163 376/263/163
f 96/275/164 99/264/164 384/265/164 383/276/164
f 15/203/163 13/202/163 356/277/163 357/266/163
f 32/212/163 31/211/163 365/278/163 366/269/163
f 174/279/164 177/267/164 410/268/164 409/280/164
f 147/281/164 150/270/164 401/271/164 400/282/164
f 120/283/164 123/272/164 392/273/164 391/284/164
f 31/211/163 29/210/163 364/285/163 365/278/163
f 48/221/163 46/220/163 374/286/163 375/274/163
f 187/287/164 96/275/164 383/276/164 382/288/164
f 13/202/163 11/201/163 355/289/163 356/277/163
f 171/290/164 174/279/164 409/280/164 408/291/164
f 144/292/164 147/281/164 400/282/164 399/293/164
f 117/294/164 120/283/164 391/284/164 390/295/164
f 29/210/163 27/209/163 363/296/163 364/285/163
f 46/220/163 44/219/163 373/297/163 374/286/163
f 11/201/163 9/200/163 354/298/163 355/289/163
f 168/299/164 171/290/164 408/291/164 407/300/164
f 141/301/164 144/292/164 399/293/164 398/302/164
f 1/196/163 60/227/163 381/303/163 350/244/163
f 114/304/164 117/294/164 390/295/164 389/305/164
f 27/209/163 25/208/163 362/306/163 363/296/163
f 44/219/163 42/218/163 372/307/163 373/297/163
f 9/200/163 7/199/163 353/308/163 354/298/163
f 165/309/164 168/299/164 407/300/164 406/310/164
f 138/311/164 141/301/164 398/302/164 397/312/164
f 60/227/163 58/226/163 380/313/163 381/303/163
f 111/314/164 114/304/164 389/305/164 388/315/164
f 25/208/163 23/207/163 361/316/163 362/306/163
f 42/218/163 40/217/163 371/317/163 372/307/163
f 7/199/163 5/198/163 352/318/163 353/308/163
f 162/319/164 165/309/164 406/310/164 405/320/164
f 135/321/164 138/311/164 397/312/164 396/322/164
f 58/226/163 56/225/163 379/323/163 380/313/163
f 108/229/164 111/314/164 388/315/164 387/230/164
f 23/207/163 21/206/163 360/233/163 361/316/163
f 40/217/163 38/216/163 370/235/163 371/317/163
f 186/237/164 187/324/164 382/325/164 413/238/164
f 5/198/163 3/197/163 351/245/163 352/318/163
f 159/241/164 162/319/164 405/320/164 404/242/164
f 132/247/164 135/321/164 396/322/164 395/248/164
f 56/225/163 54/224/163 378/251/163 379/323/163
f 285/326/165 286/327/166 287/328/167 224/329/168
f 224/329/168 287/328/167 288/330/169 226/331/170
f 226/331/170 288/330/169 289/332/171 228/333/172
f 228/333/172 289/332/171 290/334/173 230/335/174
f 230/335/174 290/334/173 291/336/175 232/337/176
f 232/337/176 291/336/175 292/338/177 234/339/178
f 234/339/178 292/338/177 293/340/179 236/341/180
f 236/341/180 293/340/179 294/342/181 238/343/182
f 238/343/182 294/342/181 295/344/183 240/345/184
f 240/345/184 295/344/183 296/346/185 242/347/186
f 242/347/186 296/346/185 297/348/187 244/349/188
f 244/349/188 297/348/187 298/350/189 246/351/190
f 246/351/190 298/350/189 299/352/191 248/353/192
f 248/353/192 299/352/191 300/354/193 250/355/194
f 250/355/194 300/354/193 301/356/195 252/357/196
f 252/357/196 301/356/195 302/358/197 254/359/198
f 254/359/198 302/358/197 303/360/199 256/361/200
f 256/361/200 303/360/199 304/362/201 258/363/202
f 258/363/202 304/362/201 305/364/203 260/365/204
f 260/365/204 305/364/203 306/366/205 262/367/206
f 262/367/206 306/366/205 307/368/207 264/369/208
f 264/369/208 307/368/207 308/370/209 266/371/210
f 266/371/210 308/370/209 309/372/211 268/373/212
f 268/373/212 309/372/211 310/374/213 270/375/214
f 270/375/214 310/374/213 311/376/215 272/377/216
f 272/377/216 311/376/215 312/378/217 274/379/218
f 274/379/218 312/378/217 313/380/219 276/381/220
f 276/381/220 313/380/219 314/382/221 278/383/222
f 278/383/222 314/382/221 315/384/223 280/385/224
f 280/385/224 315/384/223 316/386/225 282/387/226
f 282/387/226 316/386/225 317/388/227 284/389/228
f 284/389/228 317/388/227 286/390/166 285/391/165
f 283/392/229 284/389/228 285/391/165 222/393/230
f 281/394/231 282/387/226 284/389/228 283/392/229
f 279/395/232 280/385/224 282/387/226 281/394/231
f 277/396/233 278/383/222 280/385/224 279/395/232
f 275/397/234 276/381/220 278/383/222 277/396/233
f 273/398/235 274/379/218 276/381/220 275/397/234
f 271/399/236 272/377/216 274/379/218 273/398/235
f 269/400/237 270/375/214 272/377/216 271/399/236
f 267/401/238 268/373/212 270/375/214 269/400/237
f 265/402/239 266/371/210 268/373/212 267/401/238
f 263/403/240 264/369/208 266/371/210 265/402/239
f 261/404/241 262/367/206 264/369/208 263/403/240
f 259/405/242 260/365/204 262/367/206 261/404/241
f 257/406/243 258/363/202 260/365/204 259/405/242
f 255/407/244 256/361/200 258/363/202 257/406/243
f 253/408/245 254/359/198 256/361/200 255/407/244
f 251/409/246 252/357/196 254/359/198 253/408/245
f 249/410/247 250/355/194 252/357/196 251/409/246
f 247/411/248 248/353/192 250/355/194 249/410/247
f 245/412/249 246/351/190 248/353/192 247/411/248
f 243/413/250 244/349/188 246/351/190 245/412/249
f 241/414/251 242/347/186 244/349/188 243/413/250
f 239/415/252 240/345/184 242/347/186 241/414/251
f 237/416/253 238/343/182 240/345/184 239/415/252
f 235/417/254 236/341/180 238/343/182 237/416/253
f 233/418/255 234/339/178 236/341/180 235/417/254
f 231/419/256 232/337/176 234/339/178 233/418/255
f 229/420/257 230/335/174 232/337/176 231/419/256
f 227/421/258 228/333/172 230/335/174 229/420/257
f 225/422/259 226/331/170 228/333/172 227/421/258
f 223/423/260 224/329/168 226/331/170 225/422/259
f 222/424/230 285/326/165 224/329/168 223/423/260
o Cylinder.001
v 0.000000 2.447613 -1.120741
v 0.218646 2.447613 -1.099205
v 0.428889 2.447613 -1.035429
v 0.622651 2.447613 -0.931862
v 0.792483 2.447613 -0.792483
v 0.931862 2.447613 -0.622651
v 1.035429 2.447613 -0.428889
v 1.099205 2.447613 -0.218646
v 1.120741 2.447613 0.000000
v 1.099205 2.447613 0.218646
v 1.035429 2.447613 0.428888
v 0.931862 2.447613 0.622650
v 0.792483 2.447613 0.792483
v 0.622650 2.447613 0.931862
v 0.410368 2.440424 1.046188
v 0.175091 2.353467 -0.880242
v 0.000000 2.353467 -0.897487
v 0.343453 2.353467 -0.829169
v 0.498617 2.353467 -0.746233
v 0.634619 2.353467 -0.634619
v 0.746233 2.353467 -0.498617
v 0.829169 2.353467 -0.343453
v 0.880242 2.353467 -0.175091
v 0.897487 2.353467 0.000000
v 0.880242 2.353467 0.175091
v 0.829169 2.353467 0.343453
v 0.746233 2.353467 0.498617
v 0.634619 2.353467 0.634619
v 0.498617 2.353467 0.746233
v 0.326551 2.349203 0.842674
v 0.402425 2.048805 1.057434
v 0.000000 2.080773 -0.406173
v 0.276208 2.223359 0.682505
v 0.345293 2.059696 0.842593
v 0.175654 2.071436 -0.883073
v 0.000000 2.071436 -0.900373
v 0.344558 2.071436 -0.831836
v 0.500221 2.071436 -0.748633
v 0.636661 2.071436 -0.636661
v 0.748633 2.071436 -0.500221
v 0.831836 2.071436 -0.344558
v 0.883073 2.071436 -0.175654
v 0.900373 2.071436 0.000000
v 0.883073 2.071436 0.175654
v 0.831836 2.071436 0.344558
v 0.748633 2.071436 0.500221
v 0.636661 2.071436 0.636661
v 0.144040 2.215931 0.725278
v 0.000000 2.215928 0.739465
v 0.181359 1.757768 0.912150
v 0.221895 1.723897 1.104060
v 0.413253 1.714562 1.058036
v 0.333224 1.747778 0.866682
v 0.000000 1.723868 1.122066
v 0.000000 1.757756 0.930076
v 0.148944 1.779543 0.748797
v 0.000000 1.779543 0.763466
v 0.000000 2.416933 -1.132890
v 0.221016 2.416933 -1.111122
v 0.433538 2.416933 -1.046654
v 0.629400 2.416933 -0.941964
v 0.801074 2.416933 -0.801074
v 0.941964 2.416933 -0.629400
v 1.046654 2.416933 -0.433538
v 1.111122 2.416933 -0.221016
v 1.132890 2.416933 0.000000
v 1.111122 2.416933 0.221016
v 1.046654 2.416933 0.433538
v 0.941964 2.416933 0.629400
v 0.801074 2.416933 0.801074
v 0.629400 2.416933 0.941964
v 0.433538 2.416933 1.046654
v 0.180340 2.334363 -0.906631
v 0.000000 2.334363 -0.924393
v 0.353750 2.334363 -0.854028
v 0.513565 2.334363 -0.768605
v 0.653645 2.334363 -0.653645
v 0.768605 2.334363 -0.513565
v 0.854028 2.334363 -0.353750
v 0.906631 2.334363 -0.180340
v 0.924393 2.334363 0.000000
v 0.906631 2.334363 0.180340
v 0.854028 2.334363 0.353750
v 0.768605 2.334363 0.513565
v 0.653645 2.334363 0.653645
v 0.513565 2.334363 0.768605
v 0.353750 2.334363 0.854028
v 0.432906 2.048808 1.044791
v 0.000000 2.048808 -0.406171
v 0.126826 2.048808 0.389820
v 0.073733 2.048808 0.400722
v 0.000000 2.048808 0.407984
v 0.180340 2.048808 -0.906631
v 0.000000 2.048808 -0.924393
v 0.353750 2.048808 -0.854028
v 0.513565 2.048808 -0.768605
v 0.653645 2.048808 -0.653645
v 0.768605 2.048808 -0.513565
v 0.854028 2.048808 -0.353750
v 0.906631 2.048808 -0.180340
v 0.924393 2.048808 0.000000
v 0.906631 2.048808 0.180340
v 0.854028 2.048808 0.353750
v 0.768605 2.048808 0.513565
v 0.653645 2.048808 0.653645
v 0.513565 2.048808 0.768605
v 0.353750 2.048808 0.854028
v 0.180340 1.725250 0.906631
v 0.220693 1.691600 1.097394
v 0.432906 1.691600 1.044791
v 0.353750 1.725250 0.854028
v 0.000000 1.691600 1.115156
v 0.000000 1.725250 0.924393
v 0.144229 1.801090 0.724372
v 0.000000 2.077538 -0.805605
v 0.245861 1.997029 0.718352
v 0.150047 1.996822 0.748610
v 0.000000 1.996822 0.763334
v 0.000000 2.048808 -0.805888
v 0.239058 1.997029 0.697087
v 0.144229 1.996822 0.725087
v 0.000000 1.996822 0.739292
v 0.203388 2.048808 -0.349622
v 0.218194 2.048808 -0.341707
v 0.169890 2.048808 0.370335
v 0.000000 2.215858 0.763312
v 0.101529 2.080810 -0.391607
v 0.117424 2.080822 -0.386785
v 0.008879 2.048808 -0.405296
v 0.218195 2.080938 -0.341708
v 0.203388 2.080917 -0.349623
v 0.148915 2.215858 0.748645
v 0.117424 2.048808 -0.386784
v 0.101529 2.048808 -0.391605
v 0.156372 2.077715 -0.787450
v 0.063606 2.077476 -0.800302
v 0.290912 2.081088 -0.282691
v 0.277166 2.077554 -0.753464
v 0.301595 2.081121 -0.269675
v 0.363025 2.077478 -0.716060
v 0.363051 2.081354 -0.178264
v 0.355228 2.081317 -0.192900
v 0.301594 2.048808 -0.269674
v 0.290912 2.048808 -0.282691
v 0.542754 2.077546 -0.591564
v 0.395031 2.081578 -0.090237
v 0.363051 2.048808 -0.178264
v 0.470170 2.077565 -0.650745
v 0.355228 2.048808 -0.192900
v 0.628304 2.077473 -0.499763
v 0.395031 2.048808 -0.090237
v 0.398904 2.081620 -0.073786
v 0.739839 2.077687 -0.311716
v 0.398904 2.048808 -0.073786
v 0.682229 2.077574 -0.423194
v 0.771106 2.077471 -0.223438
v 0.402598 2.081900 0.036277
v 0.404229 2.081858 0.019720
v 0.402598 2.048808 0.036277
v 0.404229 2.048808 0.019720
v 0.802794 2.077674 -0.007110
v 0.008879 2.080775 -0.405298
v 0.796504 2.077487 -0.100551
v 0.378725 2.048808 0.143990
v 0.383582 2.048808 0.127978
v 0.794096 2.077530 0.118072
v 0.378725 2.082175 0.143990
v 0.383582 2.082134 0.127978
v 0.774943 2.077490 0.209744
v 0.063606 2.048808 -0.800302
v 0.325513 2.082420 0.240530
v 0.336243 2.082387 0.227456
v 0.689617 2.077523 0.411044
v 0.156372 2.048808 -0.787450
v 0.325513 2.048808 0.240529
v 0.336242 2.048808 0.227456
v 0.732793 2.077595 0.327938
v 0.617142 2.077468 0.513482
v 0.248346 2.082601 0.319099
v 0.261167 2.082581 0.308578
v 0.248346 2.048808 0.319098
v 0.277166 2.048808 -0.753464
v 0.261166 2.048808 0.308577
v 0.363025 2.048808 -0.716060
v 0.455721 2.077648 0.660944
v 0.470170 2.048808 -0.650745
v 0.553146 2.077604 0.581858
v 0.324349 2.203573 0.849652
v 0.348017 2.204750 0.835854
v 0.542754 2.048808 -0.591564
v 0.628304 2.048808 -0.499763
v 0.682229 2.048808 -0.423194
v 0.739839 2.048808 -0.311716
v 0.771106 2.048808 -0.223438
v 0.802794 2.048808 -0.007110
v 0.796504 2.048808 -0.100551
v 0.794096 2.048808 0.118072
v 0.774943 2.048808 0.209744
v 0.732793 2.048808 0.327938
v 0.689617 2.048808 0.411044
v 0.617142 2.048808 0.513482
v 0.553146 2.048808 0.581858
v 0.455721 2.048808 0.660944
v 0.375651 2.048808 0.709518
v 0.148915 2.071436 0.748645
v 0.000000 2.071505 0.739465
v 0.271555 1.774861 0.708428
v 0.276208 2.078937 0.682505
v 0.282915 2.048808 0.683017
v 0.144229 2.048808 0.725087
v 0.000000 2.048808 0.739292
v 0.144229 1.757081 0.725087
v 0.282915 1.757081 0.683017
v 0.000000 1.757081 0.739292
v 0.376114 2.072482 0.709236
v 0.375651 2.072470 0.709518
v 0.073733 2.072446 0.400722
v 0.000000 2.072470 0.407984
v 0.144040 2.071509 0.725278
v 0.000000 2.071436 0.763312
v 0.500221 2.071436 0.748633
v 0.322147 2.057942 0.856630
v 0.262558 2.222693 0.711869
v 0.126826 2.079193 0.389820
v 0.169890 2.080872 0.370335
v 0.262558 2.078271 0.711869
v 0.282915 1.802386 0.682318
v 0.000000 1.866185 -0.738925
v 0.144300 1.865553 -0.724727
v 0.283055 1.863683 -0.682678
v 0.410932 1.860645 -0.614393
v 0.523017 1.856557 -0.522499
v 0.615003 1.851576 -0.410524
v 0.683354 1.845893 -0.282774
v 0.725445 1.839726 -0.144156
v 0.739657 1.833313 0.000002
v 0.725445 1.826901 0.144159
v 0.683354 1.820734 0.282776
v 0.615003 1.815051 0.410527
v 0.523017 1.810070 0.522501
v 0.410932 1.805982 0.614396
v 0.000000 1.800442 0.738928
v 0.669851 2.051287 -0.441648
v 0.569661 2.051287 0.575592
v 0.447580 2.051287 0.675782
v 0.447580 2.051287 -0.663919
v 0.790143 2.051287 -0.151237
v 0.157169 2.051287 -0.784211
v 0.744298 2.051287 0.314230
v 0.669851 2.051287 0.453511
v 0.744298 2.051287 -0.302367
v 0.000000 2.051287 -0.799690
v 0.569661 2.051287 -0.563729
v 0.308147 2.051287 0.749862
v 0.805623 2.051287 0.005932
v 0.790143 2.051287 0.163101
v 0.308299 2.051287 -0.738366
v 0.251159 1.829993 0.717621
v 0.244885 1.822001 0.696254
v 0.282867 1.784430 0.683031
v 0.163694 1.793105 0.740948
v 0.159075 1.799679 0.718043
v 0.000000 1.798091 0.767688
v 0.000000 1.803553 0.743879
v -0.218646 2.447613 -1.099205
v -0.428889 2.447613 -1.035429
v -0.622651 2.447613 -0.931862
v -0.792483 2.447613 -0.792483
v -0.931862 2.447613 -0.622651
v -1.035429 2.447613 -0.428889
v -1.099205 2.447613 -0.218646
v -1.120741 2.447613 0.000000
v -1.099205 2.447613 0.218646
v -1.035429 2.447613 0.428888
v -0.931862 2.447613 0.622650
v -0.792483 2.447613 0.792483
v -0.622650 2.447613 0.931862
v -0.410368 2.440424 1.046188
v -0.175091 2.353467 -0.880242
v -0.343453 2.353467 -0.829169
v -0.498617 2.353467 -0.746233
v -0.634619 2.353467 -0.634619
v -0.746233 2.353467 -0.498617
v -0.829169 2.353467 -0.343453
v -0.880242 2.353467 -0.175091
v -0.897487 2.353467 0.000000
v -0.880242 2.353467 0.175091
v -0.829169 2.353467 0.343453
v -0.746233 2.353467 0.498617
v -0.634619 2.353467 0.634619
v -0.498617 2.353467 0.746233
v -0.326551 2.349203 0.842674
v -0.402425 2.048805 1.057434
v -0.276208 2.223359 0.682505
v -0.345293 2.059696 0.842593
v -0.175654 2.071436 -0.883073
v -0.344558 2.071436 -0.831836
v -0.500221 2.071436 -0.748633
v -0.636661 2.071436 -0.636661
v -0.748633 2.071436 -0.500221
v -0.831836 2.071436 -0.344558
v -0.883073 2.071436 -0.175654
v -0.900373 2.071436 0.000000
v -0.883073 2.071436 0.175654
v -0.831836 2.071436 0.344558
v -0.748633 2.071436 0.500221
v -0.636661 2.071436 0.636661
v -0.144040 2.215931 0.725278
v -0.181359 1.757768 0.912150
v -0.221895 1.723897 1.104060
v -0.413253 1.714562 1.058036
v -0.333224 1.747778 0.866682
v -0.148944 1.779543 0.748797
v -0.221016 2.416933 -1.111122
v -0.433538 2.416933 -1.046654
v -0.629400 2.416933 -0.941964
v -0.801074 2.416933 -0.801074
v -0.941964 2.416933 -0.629400
v -1.046654 2.416933 -0.433538
v -1.111122 2.416933 -0.221016
v -1.132890 2.416933 0.000000
v -1.111122 2.416933 0.221016
v -1.046654 2.416933 0.433538
v -0.941964 2.416933 0.629400
v -0.801074 2.416933 0.801074
v -0.629400 2.416933 0.941964
v -0.433538 2.416933 1.046654
v -0.180340 2.334363 -0.906631
v -0.353750 2.334363 -0.854028
v -0.513565 2.334363 -0.768605
v -0.653645 2.334363 -0.653645
v -0.768605 2.334363 -0.513565
v -0.854028 2.334363 -0.353750
v -0.906631 2.334363 -0.180340
v -0.924393 2.334363 0.000000
v -0.906631 2.334363 0.180340
v -0.854028 2.334363 0.353750
v -0.768605 2.334363 0.513565
v -0.653645 2.334363 0.653645
v -0.513565 2.334363 0.768605
v -0.353750 2.334363 0.854028
v -0.432906 2.048808 1.044791
v -0.126826 2.048808 0.389820
v -0.073733 2.048808 0.400722
v -0.180340 2.048808 -0.906631
v -0.353750 2.048808 -0.854028
v -0.513565 2.048808 -0.768605
v -0.653645 2.048808 -0.653645
v -0.768605 2.048808 -0.513565
v -0.854028 2.048808 -0.353750
v -0.906631 2.048808 -0.180340
v -0.924393 2.048808 0.000000
v -0.906631 2.048808 0.180340
v -0.854028 2.048808 0.353750
v -0.768605 2.048808 0.513565
v -0.653645 2.048808 0.653645
v -0.513565 2.048808 0.768605
v -0.353750 2.048808 0.854028
v -0.180340 1.725250 0.906631
v -0.220693 1.691600 1.097394
v -0.432906 1.691600 1.044791
v -0.353750 1.725250 0.854028
v -0.144229 1.801090 0.724372
v -0.245861 1.997029 0.718352
v -0.150047 1.996822 0.748610
v -0.239058 1.997029 0.697087
v -0.144229 1.996822 0.725087
v -0.203388 2.048808 -0.349622
v -0.218194 2.048808 -0.341707
v -0.169890 2.048808 0.370335
v -0.101529 2.080810 -0.391607
v -0.117424 2.080822 -0.386785
v -0.008879 2.048808 -0.405296
v -0.218195 2.080938 -0.341708
v -0.203388 2.080917 -0.349623
v -0.148915 2.215858 0.748645
v -0.117424 2.048808 -0.386784
v -0.101529 2.048808 -0.391605
v -0.156372 2.077715 -0.787450
v -0.063606 2.077476 -0.800302
v -0.290912 2.081088 -0.282691
v -0.277166 2.077554 -0.753464
v -0.301595 2.081121 -0.269675
v -0.363025 2.077478 -0.716060
v -0.363051 2.081354 -0.178264
v -0.355228 2.081317 -0.192900
v -0.301594 2.048808 -0.269674
v -0.290912 2.048808 -0.282691
v -0.542754 2.077546 -0.591564
v -0.395031 2.081578 -0.090237
v -0.363051 2.048808 -0.178264
v -0.470170 2.077565 -0.650745
v -0.355228 2.048808 -0.192900
v -0.628304 2.077473 -0.499763
v -0.395031 2.048808 -0.090237
v -0.398904 2.081620 -0.073786
v -0.739839 2.077687 -0.311716
v -0.398904 2.048808 -0.073786
v -0.682229 2.077574 -0.423194
v -0.771106 2.077471 -0.223438
v -0.402598 2.081900 0.036277
v -0.404229 2.081858 0.019720
v -0.402598 2.048808 0.036277
v -0.404229 2.048808 0.019720
v -0.802794 2.077674 -0.007110
v -0.008879 2.080775 -0.405298
v -0.796504 2.077487 -0.100551
v -0.378725 2.048808 0.143990
v -0.383582 2.048808 0.127978
v -0.794096 2.077530 0.118072
v -0.378725 2.082175 0.143990
v -0.383582 2.082134 0.127978
v -0.774943 2.077490 0.209744
v -0.063606 2.048808 -0.800302
v -0.325513 2.082420 0.240530
v -0.336243 2.082387 0.227456
v -0.689617 2.077523 0.411044
v -0.156372 2.048808 -0.787450
v -0.325513 2.048808 0.240529
v -0.336242 2.048808 0.227456
v -0.732793 2.077595 0.327938
v -0.617142 2.077468 0.513482
v -0.248346 2.082601 0.319099
v -0.261167 2.082581 0.308578
v -0.248346 2.048808 0.319098
v -0.277166 2.048808 -0.753464
v -0.261166 2.048808 0.308577
v -0.363025 2.048808 -0.716060
v -0.455721 2.077648 0.660944
v -0.470170 2.048808 -0.650745
v -0.553146 2.077604 0.581858
v -0.324349 2.203573 0.849652
v -0.348017 2.204750 0.835854
v -0.542754 2.048808 -0.591564
v -0.628304 2.048808 -0.499763
v -0.682229 2.048808 -0.423194
v -0.739839 2.048808 -0.311716
v -0.771106 2.048808 -0.223438
v -0.802794 2.048808 -0.007110
v -0.796504 2.048808 -0.100551
v -0.794096 2.048808 0.118072
v -0.774943 2.048808 0.209744
v -0.732793 2.048808 0.327938
v -0.689617 2.048808 0.411044
v -0.617142 2.048808 0.513482
v -0.553146 2.048808 0.581858
v -0.455721 2.048808 0.660944
v -0.375651 2.048808 0.709518
v -0.148915 2.071436 0.748645
v -0.271555 1.774861 0.708428
v -0.276208 2.078937 0.682505
v -0.282915 2.048808 0.683017
v -0.144229 2.048808 0.725087
v -0.144229 1.757081 0.725087
v -0.282915 1.757081 0.683017
v -0.376114 2.072482 0.709236
v -0.375651 2.072470 0.709518
v -0.073733 2.072446 0.400722
v -0.144040 2.071509 0.725278
v -0.500221 2.071436 0.748633
v -0.322147 2.057942 0.856630
v -0.262558 2.222693 0.711869
v -0.126826 2.079193 0.389820
v -0.169890 2.080872 0.370335
v -0.262558 2.078271 0.711869
v -0.282915 1.802386 0.682318
v -0.144300 1.865553 -0.724727
v -0.283055 1.863683 -0.682678
v -0.410932 1.860645 -0.614393
v -0.523017 1.856557 -0.522499
v -0.615003 1.851576 -0.410524
v -0.683354 1.845893 -0.282774
v -0.725445 1.839726 -0.144156
v -0.739657 1.833313 0.000002
v -0.725445 1.826901 0.144159
v -0.683354 1.820734 0.282776
v -0.615003 1.815051 0.410527
v -0.523017 1.810070 0.522501
v -0.410932 1.805982 0.614396
v -0.669851 2.051287 -0.441648
v -0.569661 2.051287 0.575592
v -0.447580 2.051287 0.675782
v -0.447580 2.051287 -0.663919
v -0.790143 2.051287 -0.151237
v -0.157169 2.051287 -0.784211
v -0.744298 2.051287 0.314230
v -0.669851 2.051287 0.453511
v -0.744298 2.051287 -0.302367
v -0.569661 2.051287 -0.563729
v -0.308147 2.051287 0.749862
v -0.805623 2.051287 0.005932
v -0.790143 2.051287 0.163101
v -0.308299 2.051287 -0.738366
v -0.251159 1.829993 0.717621
v -0.244885 1.822001 0.696254
v -0.282867 1.784430 0.683031
v -0.163694 1.793105 0.740948
v -0.159075 1.799679 0.718043
v 0.000000 2.447613 -1.120741
v 0.218646 2.447613 -1.099205
v 1.120741 2.447613 0.000000
v 1.099205 2.447613 0.218646
v 0.148915 2.215858 0.748645
v 0.000000 2.215858 0.763312
v 0.218195 2.080938 -0.341708
v 0.218195 2.080938 -0.341708
v 0.203388 2.080917 -0.349623
v 0.203388 2.080917 -0.349623
v 0.802794 2.048808 -0.007110
v 0.802794 2.048808 -0.007110
v 0.796504 2.048808 -0.100551
v 0.796504 2.048808 -0.100551
v 0.455721 2.077648 0.660944
v 0.455721 2.077648 0.660944
v 0.375651 2.072470 0.709518
v 0.375651 2.072470 0.709518
v 0.880242 2.353467 0.175091
v 0.829169 2.353467 0.343453
v 0.117424 2.048808 -0.386784
v 0.117424 2.048808 -0.386784
v 0.101529 2.048808 -0.391605
v 0.101529 2.048808 -0.391605
v 0.073733 2.072446 0.400722
v 0.000000 2.072470 0.407984
v 0.500221 2.071436 -0.748633
v 0.636661 2.071436 -0.636661
v 0.748633 2.071436 0.500221
v 0.636661 2.071436 0.636661
v 0.000000 2.416933 -1.132890
v 0.221016 2.416933 -1.111122
v 1.132890 2.416933 0.000000
v 1.111122 2.416933 0.221016
v 0.906631 2.334363 0.180340
v 0.854028 2.334363 0.353750
v 0.073733 2.048808 0.400722
v 0.000000 2.048808 0.407984
v 0.513565 2.048808 -0.768605
v 0.653645 2.048808 -0.653645
v 0.768605 2.048808 0.513565
v 0.653645 2.048808 0.653645
v 0.348017 2.204750 0.835854
v 0.348017 2.204750 0.835854
v 0.348017 2.204750 0.835854
v 0.324349 2.203573 0.849652
v 0.324349 2.203573 0.849652
v 0.324349 2.203573 0.849652
v 0.324349 2.203573 0.849652
v 0.063606 2.077476 -0.800302
v 0.063606 2.077476 -0.800302
v 0.063606 2.048808 -0.800302
v 0.063606 2.048808 -0.800302
v 0.325513 2.082420 0.240530
v 0.325513 2.082420 0.240530
v 0.336243 2.082387 0.227456
v 0.336243 2.082387 0.227456
v 0.325513 2.048808 0.240529
v 0.325513 2.048808 0.240529
v 0.802794 2.077674 -0.007110
v 0.802794 2.077674 -0.007110
v 0.428889 2.447613 -1.035429
v 0.363025 2.077478 -0.716060
v 0.363025 2.077478 -0.716060
v 0.363025 2.048808 -0.716060
v 0.363025 2.048808 -0.716060
v 0.277166 2.077554 -0.753464
v 0.277166 2.077554 -0.753464
v 0.277166 2.048808 -0.753464
v 0.277166 2.048808 -0.753464
v 1.035429 2.447613 0.428888
v 0.218194 2.048808 -0.341707
v 0.218194 2.048808 -0.341707
v 0.794096 2.077530 0.118072
v 0.794096 2.077530 0.118072
v 0.794096 2.048808 0.118072
v 0.794096 2.048808 0.118072
v 0.343453 2.353467 -0.829169
v 0.498617 2.353467 -0.746233
v 0.455721 2.048808 0.660944
v 0.455721 2.048808 0.660944
v 0.375651 2.048808 0.709518
v 0.375651 2.048808 0.709518
v 0.746233 2.353467 0.498617
v 0.748633 2.071436 -0.500221
v 0.500221 2.071436 0.748633
v 0.248346 2.082601 0.319099
v 0.248346 2.082601 0.319099
v 0.261167 2.082581 0.308578
v 0.261167 2.082581 0.308578
v 1.046654 2.416933 0.433538
v 0.353750 2.334363 -0.854028
v 0.513565 2.334363 -0.768605
v 0.768605 2.334363 0.513565
v 0.768605 2.048808 -0.513565
v 0.402598 2.048808 0.036277
v 0.402598 2.048808 0.036277
v 0.404229 2.048808 0.019720
v 0.404229 2.048808 0.019720
v 0.513565 2.048808 0.768605
v 0.398904 2.048808 -0.073786
v 0.398904 2.048808 -0.073786
v 0.395031 2.048808 -0.090237
v 0.395031 2.048808 -0.090237
v 0.617142 2.048808 0.513482
v 0.617142 2.048808 0.513482
v 0.282915 2.048808 0.683017
v 0.282915 2.048808 0.683017
v 0.144229 2.048808 0.725087
v 0.301595 2.081121 -0.269675
v 0.301595 2.081121 -0.269675
v 0.301594 2.048808 -0.269674
v 0.301594 2.048808 -0.269674
v 0.622651 2.447613 -0.931862
v 0.931862 2.447613 0.622650
v 0.628304 2.048808 -0.499763
v 0.628304 2.048808 -0.499763
v 0.682229 2.048808 -0.423194
v 0.682229 2.048808 -0.423194
v 0.634619 2.353467 -0.634619
v 0.634619 2.353467 0.634619
v 0.395031 2.081578 -0.090237
v 0.395031 2.081578 -0.090237
v 0.831836 2.071436 -0.344558
v 0.203388 2.048808 -0.349622
v 0.203388 2.048808 -0.349622
v 0.290912 2.081088 -0.282691
v 0.290912 2.081088 -0.282691
v 0.117424 2.080822 -0.386785
v 0.117424 2.080822 -0.386785
v 0.433538 2.416933 -1.046654
v 0.629400 2.416933 -0.941964
v 0.290912 2.048808 -0.282691
v 0.290912 2.048808 -0.282691
v 0.941964 2.416933 0.629400
v 0.653645 2.334363 -0.653645
v 0.653645 2.334363 0.653645
v 0.363051 2.081354 -0.178264
v 0.363051 2.081354 -0.178264
v 0.739839 2.077687 -0.311716
v 0.739839 2.077687 -0.311716
v 0.398904 2.081620 -0.073786
v 0.398904 2.081620 -0.073786
v 0.771106 2.077471 -0.223438
v 0.771106 2.077471 -0.223438
v 0.854028 2.048808 -0.353750
v 0.404229 2.081858 0.019720
v 0.404229 2.081858 0.019720
v 0.353750 2.048808 0.854028
v 0.353750 2.048808 0.854028
v 0.336242 2.048808 0.227456
v 0.336242 2.048808 0.227456
v 0.000000 2.048808 0.739292
v 0.792483 2.447613 -0.792483
v 0.553146 2.048808 0.581858
v 0.553146 2.048808 0.581858
v 0.792483 2.447613 0.792483
v 0.169890 2.080872 0.370335
v 0.169890 2.080872 0.370335
v 0.682229 2.077574 -0.423194
v 0.682229 2.077574 -0.423194
v 0.261166 2.048808 0.308577
v 0.261166 2.048808 0.308577
v 0.746233 2.353467 -0.498617
v 0.126826 2.079193 0.389820
v 0.498617 2.353467 0.746233
v 0.628304 2.077473 -0.499763
v 0.628304 2.077473 -0.499763
v 0.378725 2.082175 0.143990
v 0.378725 2.082175 0.143990
v 0.383582 2.082134 0.127978
v 0.383582 2.082134 0.127978
v 0.470170 2.077565 -0.650745
v 0.470170 2.077565 -0.650745
v 0.883073 2.071436 -0.175654
v 0.156372 2.077715 -0.787450
v 0.156372 2.077715 -0.787450
v 0.008879 2.048808 -0.405296
v 0.008879 2.048808 -0.405296
v 0.008879 2.080775 -0.405298
v 0.008879 2.080775 -0.405298
v 0.801074 2.416933 -0.801074
v 0.801074 2.416933 0.801074
v 0.768605 2.334363 -0.513565
v 0.513565 2.334363 0.768605
v 0.402598 2.081900 0.036277
v 0.402598 2.081900 0.036277
v 0.906631 2.048808 -0.180340
v 0.796504 2.077487 -0.100551
v 0.796504 2.077487 -0.100551
v 0.470170 2.048808 -0.650745
v 0.470170 2.048808 -0.650745
v 0.542754 2.048808 -0.591564
v 0.542754 2.048808 -0.591564
v 0.248346 2.048808 0.319098
v 0.248346 2.048808 0.319098
v 0.126826 2.048808 0.389820
v 0.931862 2.447613 -0.622651
v 0.622650 2.447613 0.931862
v 0.000000 2.048808 -0.406171
v 0.326551 2.349203 0.842674
v 0.326551 2.349203 0.842674
v 0.829169 2.353467 -0.343453
v 0.900373 2.071436 0.000000
v 0.221895 1.723897 1.104060
v 0.413253 1.714562 1.058036
v 0.413253 1.714562 1.058036
v 0.000000 1.723868 1.122066
v 0.941964 2.416933 -0.629400
v 0.629400 2.416933 0.941964
v 0.355228 2.081317 -0.192900
v 0.355228 2.081317 -0.192900
v 0.355228 2.048808 -0.192900
v 0.355228 2.048808 -0.192900
v 0.854028 2.334363 -0.353750
v 0.353750 2.334363 0.854028
v 0.353750 2.334363 0.854028
v 0.924393 2.048808 0.000000
v 0.000000 2.080773 -0.406173
v 0.220693 1.691600 1.097394
v 0.432906 1.691600 1.044791
v 0.432906 1.691600 1.044791
v 0.000000 1.691600 1.115156
v 0.774943 2.048808 0.209744
v 0.774943 2.048808 0.209744
v 0.271555 1.774861 0.708428
v 0.271555 1.774861 0.708428
v 0.262558 2.078271 0.711869
v 0.282915 1.802386 0.682318
v 0.282915 1.802386 0.682318
v 0.282915 1.802386 0.682318
v 1.035429 2.447613 -0.428889
v 0.410368 2.440424 1.046188
v 0.410368 2.440424 1.046188
v 0.553146 2.077604 0.581858
v 0.553146 2.077604 0.581858
v 0.345293 2.059696 0.842593
v 0.345293 2.059696 0.842593
v 0.345293 2.059696 0.842593
v 0.101529 2.080810 -0.391607
v 0.101529 2.080810 -0.391607
v 0.363051 2.048808 -0.178264
v 0.363051 2.048808 -0.178264
v 0.739839 2.048808 -0.311716
v 0.739839 2.048808 -0.311716
v 0.771106 2.048808 -0.223438
v 0.771106 2.048808 -0.223438
v 0.732793 2.048808 0.327938
v 0.732793 2.048808 0.327938
v 0.689617 2.048808 0.411044
v 0.689617 2.048808 0.411044
v 0.880242 2.353467 -0.175091
v 0.542754 2.077546 -0.591564
v 0.542754 2.077546 -0.591564
v 0.175654 2.071436 -0.883073
v 0.000000 2.071436 -0.900373
v 0.344558 2.071436 -0.831836
v 0.883073 2.071436 0.175654
v 0.322147 2.057942 0.856630
v 0.333224 1.747778 0.866682
v 1.046654 2.416933 -0.433538
v 0.433538 2.416933 1.046654
v 0.433538 2.416933 1.046654
v 0.906631 2.334363 -0.180340
v 0.180340 2.048808 -0.906631
v 0.000000 2.048808 -0.924393
v 0.353750 2.048808 -0.854028
v 0.906631 2.048808 0.180340
v 0.378725 2.048808 0.143990
v 0.378725 2.048808 0.143990
v 0.353750 1.725250 0.854028
v 0.156372 2.048808 -0.787450
v 0.156372 2.048808 -0.787450
v 0.689617 2.077523 0.411044
v 0.689617 2.077523 0.411044
v 0.732793 2.077595 0.327938
v 0.732793 2.077595 0.327938
v 1.099205 2.447613 -0.218646
v 0.169890 2.048808 0.370335
v 0.169890 2.048808 0.370335
v 0.617142 2.077468 0.513482
v 0.617142 2.077468 0.513482
v 0.897487 2.353467 0.000000
v 0.402425 2.048805 1.057434
v 0.831836 2.071436 0.344558
v 1.111122 2.416933 -0.221016
v 0.924393 2.334363 0.000000
v 0.432906 2.048808 1.044791
v 0.854028 2.048808 0.353750
v 0.774943 2.077490 0.209744
v 0.774943 2.077490 0.209744
v 0.383582 2.048808 0.127978
v 0.383582 2.048808 0.127978
v 0.282915 1.757081 0.683017
v 0.239058 1.997029 0.697087
v 0.239058 1.997029 0.697087
v 0.245861 1.997029 0.718352
v 0.245861 1.997029 0.718352
v 0.175091 2.353467 -0.880242
v 0.000000 2.353467 -0.897487
v 0.180340 2.334363 -0.906631
v 0.000000 2.334363 -0.924393
v 0.150047 1.996822 0.748610
v 0.000000 1.996822 0.763334
v 0.148944 1.779543 0.748797
v 0.000000 1.779543 0.763466
v 0.144229 1.996822 0.725087
v 0.000000 1.996822 0.739292
v 0.144040 2.215931 0.725278
v 0.000000 2.215928 0.739465
v 0.144040 2.071509 0.725278
v 0.000000 2.071505 0.739465
v 0.276208 2.078937 0.682505
v 0.276208 2.078937 0.682505
v 0.276208 2.223359 0.682505
v 0.276208 2.223359 0.682505
v 0.262558 2.222693 0.711869
v 0.262558 2.222693 0.711869
v 0.144300 1.865553 -0.724727
v 0.000000 1.866185 -0.738925
v 0.283055 1.863683 -0.682678
v 0.410932 1.860645 -0.614393
v 0.523017 1.856557 -0.522499
v 0.615003 1.851576 -0.410524
v 0.683354 1.845893 -0.282774
v 0.725445 1.839726 -0.144156
v 0.739657 1.833313 0.000002
v 0.725445 1.826901 0.144159
v 0.683354 1.820734 0.282776
v 0.615003 1.815051 0.410527
v 0.523017 1.810070 0.522501
v 0.410932 1.805982 0.614396
v 0.144229 1.801090 0.724372
v 0.000000 1.800442 0.738928
v 0.159075 1.799679 0.718043
v 0.244885 1.822001 0.696254
v 0.244885 1.822001 0.696254
v 0.251159 1.829993 0.717621
v 0.251159 1.829993 0.717621
v 0.163694 1.793105 0.740948
v 0.000000 1.798091 0.767688
v 0.000000 1.803553 0.743879
v -0.218646 2.447613 -1.099205
v -1.120741 2.447613 0.000000
v -1.099205 2.447613 0.218646
v -0.148915 2.215858 0.748645
v -0.218195 2.080938 -0.341708
v -0.218195 2.080938 -0.341708
v -0.203388 2.080917 -0.349623
v -0.203388 2.080917 -0.349623
v -0.802794 2.048808 -0.007110
v -0.802794 2.048808 -0.007110
v -0.796504 2.048808 -0.100551
v -0.796504 2.048808 -0.100551
v -0.455721 2.077648 0.660944
v -0.455721 2.077648 0.660944
v -0.375651 2.072470 0.709518
v -0.375651 2.072470 0.709518
v -0.880242 2.353467 0.175091
v -0.829169 2.353467 0.343453
v -0.117424 2.048808 -0.386784
v -0.117424 2.048808 -0.386784
v -0.101529 2.048808 -0.391605
v -0.101529 2.048808 -0.391605
v -0.073733 2.072446 0.400722
v -0.500221 2.071436 -0.748633
v -0.636661 2.071436 -0.636661
v -0.748633 2.071436 0.500221
v -0.636661 2.071436 0.636661
v -0.221016 2.416933 -1.111122
v -1.132890 2.416933 0.000000
v -1.111122 2.416933 0.221016
v -0.906631 2.334363 0.180340
v -0.854028 2.334363 0.353750
v -0.073733 2.048808 0.400722
v -0.513565 2.048808 -0.768605
v -0.653645 2.048808 -0.653645
v -0.768605 2.048808 0.513565
v -0.653645 2.048808 0.653645
v -0.348017 2.204750 0.835854
v -0.348017 2.204750 0.835854
v -0.348017 2.204750 0.835854
v -0.324349 2.203573 0.849652
v -0.324349 2.203573 0.849652
v -0.324349 2.203573 0.849652
v -0.324349 2.203573 0.849652
v -0.063606 2.077476 -0.800302
v -0.063606 2.077476 -0.800302
v -0.063606 2.048808 -0.800302
v -0.063606 2.048808 -0.800302
v -0.325513 2.082420 0.240530
v -0.325513 2.082420 0.240530
v -0.336243 2.082387 0.227456
v -0.336243 2.082387 0.227456
v -0.325513 2.048808 0.240529
v -0.325513 2.048808 0.240529
v -0.802794 2.077674 -0.007110
v -0.802794 2.077674 -0.007110
v -0.428889 2.447613 -1.035429
v -0.363025 2.077478 -0.716060
v -0.363025 2.077478 -0.716060
v -0.363025 2.048808 -0.716060
v -0.363025 2.048808 -0.716060
v -0.277166 2.077554 -0.753464
v -0.277166 2.077554 -0.753464
v -0.277166 2.048808 -0.753464
v -0.277166 2.048808 -0.753464
v -1.035429 2.447613 0.428888
v -0.218194 2.048808 -0.341707
v -0.218194 2.048808 -0.341707
v -0.794096 2.077530 0.118072
v -0.794096 2.077530 0.118072
v -0.794096 2.048808 0.118072
v -0.794096 2.048808 0.118072
v -0.343453 2.353467 -0.829169
v -0.498617 2.353467 -0.746233
v -0.455721 2.048808 0.660944
v -0.455721 2.048808 0.660944
v -0.375651 2.048808 0.709518
v -0.375651 2.048808 0.709518
v -0.746233 2.353467 0.498617
v -0.748633 2.071436 -0.500221
v -0.500221 2.071436 0.748633
v -0.248346 2.082601 0.319099
v -0.248346 2.082601 0.319099
v -0.261167 2.082581 0.308578
v -0.261167 2.082581 0.308578
v -1.046654 2.416933 0.433538
v -0.353750 2.334363 -0.854028
v -0.513565 2.334363 -0.768605
v -0.768605 2.334363 0.513565
v -0.768605 2.048808 -0.513565
v -0.402598 2.048808 0.036277
v -0.402598 2.048808 0.036277
v -0.404229 2.048808 0.019720
v -0.404229 2.048808 0.019720
v -0.513565 2.048808 0.768605
v -0.398904 2.048808 -0.073786
v -0.398904 2.048808 -0.073786
v -0.395031 2.048808 -0.090237
v -0.395031 2.048808 -0.090237
v -0.617142 2.048808 0.513482
v -0.617142 2.048808 0.513482
v -0.282915 2.048808 0.683017
v -0.282915 2.048808 0.683017
v -0.144229 2.048808 0.725087
v -0.301595 2.081121 -0.269675
v -0.301595 2.081121 -0.269675
v -0.301594 2.048808 -0.269674
v -0.301594 2.048808 -0.269674
v -0.622651 2.447613 -0.931862
v -0.931862 2.447613 0.622650
v -0.628304 2.048808 -0.499763
v -0.628304 2.048808 -0.499763
v -0.682229 2.048808 -0.423194
v -0.682229 2.048808 -0.423194
v -0.634619 2.353467 -0.634619
v -0.634619 2.353467 0.634619
v -0.395031 2.081578 -0.090237
v -0.395031 2.081578 -0.090237
v -0.831836 2.071436 -0.344558
v -0.203388 2.048808 -0.349622
v -0.203388 2.048808 -0.349622
v -0.290912 2.081088 -0.282691
v -0.290912 2.081088 -0.282691
v -0.117424 2.080822 -0.386785
v -0.117424 2.080822 -0.386785
v -0.433538 2.416933 -1.046654
v -0.629400 2.416933 -0.941964
v -0.290912 2.048808 -0.282691
v -0.290912 2.048808 -0.282691
v -0.941964 2.416933 0.629400
v -0.653645 2.334363 -0.653645
v -0.653645 2.334363 0.653645
v -0.363051 2.081354 -0.178264
v -0.363051 2.081354 -0.178264
v -0.739839 2.077687 -0.311716
v -0.739839 2.077687 -0.311716
v -0.398904 2.081620 -0.073786
v -0.398904 2.081620 -0.073786
v -0.771106 2.077471 -0.223438
v -0.771106 2.077471 -0.223438
v -0.854028 2.048808 -0.353750
v -0.404229 2.081858 0.019720
v -0.404229 2.081858 0.019720
v -0.353750 2.048808 0.854028
v -0.353750 2.048808 0.854028
v -0.336242 2.048808 0.227456
v -0.336242 2.048808 0.227456
v -0.792483 2.447613 -0.792483
v -0.553146 2.048808 0.581858
v -0.553146 2.048808 0.581858
v -0.792483 2.447613 0.792483
v -0.169890 2.080872 0.370335
v -0.169890 2.080872 0.370335
v -0.682229 2.077574 -0.423194
v -0.682229 2.077574 -0.423194
v -0.261166 2.048808 0.308577
v -0.261166 2.048808 0.308577
v -0.746233 2.353467 -0.498617
v -0.126826 2.079193 0.389820
v -0.498617 2.353467 0.746233
v -0.628304 2.077473 -0.499763
v -0.628304 2.077473 -0.499763
v -0.378725 2.082175 0.143990
v -0.378725 2.082175 0.143990
v -0.383582 2.082134 0.127978
v -0.383582 2.082134 0.127978
v -0.470170 2.077565 -0.650745
v -0.470170 2.077565 -0.650745
v -0.883073 2.071436 -0.175654
v -0.156372 2.077715 -0.787450
v -0.156372 2.077715 -0.787450
v -0.008879 2.048808 -0.405296
v -0.008879 2.048808 -0.405296
v -0.008879 2.080775 -0.405298
v -0.008879 2.080775 -0.405298
v -0.801074 2.416933 -0.801074
v -0.801074 2.416933 0.801074
v -0.768605 2.334363 -0.513565
v -0.513565 2.334363 0.768605
v -0.402598 2.081900 0.036277
v -0.402598 2.081900 0.036277
v -0.906631 2.048808 -0.180340
v -0.796504 2.077487 -0.100551
v -0.796504 2.077487 -0.100551
v -0.470170 2.048808 -0.650745
v -0.470170 2.048808 -0.650745
v -0.542754 2.048808 -0.591564
v -0.542754 2.048808 -0.591564
v -0.248346 2.048808 0.319098
v -0.248346 2.048808 0.319098
v -0.126826 2.048808 0.389820
v -0.931862 2.447613 -0.622651
v -0.622650 2.447613 0.931862
v -0.326551 2.349203 0.842674
v -0.326551 2.349203 0.842674
v -0.829169 2.353467 -0.343453
v -0.900373 2.071436 0.000000
v -0.221895 1.723897 1.104060
v -0.413253 1.714562 1.058036
v -0.413253 1.714562 1.058036
v -0.941964 2.416933 -0.629400
v -0.629400 2.416933 0.941964
v -0.355228 2.081317 -0.192900
v -0.355228 2.081317 -0.192900
v -0.355228 2.048808 -0.192900
v -0.355228 2.048808 -0.192900
v -0.854028 2.334363 -0.353750
v -0.353750 2.334363 0.854028
v -0.353750 2.334363 0.854028
v -0.924393 2.048808 0.000000
v -0.220693 1.691600 1.097394
v -0.432906 1.691600 1.044791
v -0.432906 1.691600 1.044791
v -0.774943 2.048808 0.209744
v -0.774943 2.048808 0.209744
v -0.271555 1.774861 0.708428
v -0.271555 1.774861 0.708428
v -0.262558 2.078271 0.711869
v -0.282915 1.802386 0.682318
v -0.282915 1.802386 0.682318
v -0.282915 1.802386 0.682318
v -1.035429 2.447613 -0.428889
v -0.410368 2.440424 1.046188
v -0.410368 2.440424 1.046188
v -0.553146 2.077604 0.581858
v -0.553146 2.077604 0.581858
v -0.345293 2.059696 0.842593
v -0.345293 2.059696 0.842593
v -0.345293 2.059696 0.842593
v -0.101529 2.080810 -0.391607
v -0.101529 2.080810 -0.391607
v -0.363051 2.048808 -0.178264
v -0.363051 2.048808 -0.178264
v -0.739839 2.048808 -0.311716
v -0.739839 2.048808 -0.311716
v -0.771106 2.048808 -0.223438
v -0.771106 2.048808 -0.223438
v -0.732793 2.048808 0.327938
v -0.732793 2.048808 0.327938
v -0.689617 2.048808 0.411044
v -0.689617 2.048808 0.411044
v -0.880242 2.353467 -0.175091
v -0.542754 2.077546 -0.591564
v -0.542754 2.077546 -0.591564
v -0.175654 2.071436 -0.883073
v -0.344558 2.071436 -0.831836
v -0.883073 2.071436 0.175654
v -0.322147 2.057942 0.856630
v -0.333224 1.747778 0.866682
v -1.046654 2.416933 -0.433538
v -0.433538 2.416933 1.046654
v -0.433538 2.416933 1.046654
v -0.906631 2.334363 -0.180340
v -0.180340 2.048808 -0.906631
v -0.353750 2.048808 -0.854028
v -0.906631 2.048808 0.180340
v -0.378725 2.048808 0.143990
v -0.378725 2.048808 0.143990
v -0.353750 1.725250 0.854028
v -0.156372 2.048808 -0.787450
v -0.156372 2.048808 -0.787450
v -0.689617 2.077523 0.411044
v -0.689617 2.077523 0.411044
v -0.732793 2.077595 0.327938
v -0.732793 2.077595 0.327938
v -1.099205 2.447613 -0.218646
v -0.169890 2.048808 0.370335
v -0.169890 2.048808 0.370335
v -0.617142 2.077468 0.513482
v -0.617142 2.077468 0.513482
v -0.897487 2.353467 0.000000
v -0.402425 2.048805 1.057434
v -0.831836 2.071436 0.344558
v -1.111122 2.416933 -0.221016
v -0.924393 2.334363 0.000000
v -0.432906 2.048808 1.044791
v -0.854028 2.048808 0.353750
v -0.774943 2.077490 0.209744
v -0.774943 2.077490 0.209744
v -0.383582 2.048808 0.127978
v -0.383582 2.048808 0.127978
v -0.282915 1.757081 0.683017
v -0.239058 1.997029 0.697087
v -0.239058 1.997029 0.697087
v -0.245861 1.997029 0.718352
v -0.245861 1.997029 0.718352
v -0.175091 2.353467 -0.880242
v -0.180340 2.334363 -0.906631
v -0.150047 1.996822 0.748610
v -0.148944 1.779543 0.748797
v -0.144229 1.996822 0.725087
v -0.144040 2.215931 0.725278
v -0.144040 2.071509 0.725278
v -0.276208 2.078937 0.682505
v -0.276208 2.078937 0.682505
v -0.276208 2.223359 0.682505
v -0.276208 2.223359 0.682505
v -0.262558 2.222693 0.711869
v -0.262558 2.222693 0.711869
v -0.144300 1.865553 -0.724727
v -0.283055 1.863683 -0.682678
v -0.410932 1.860645 -0.614393
v -0.523017 1.856557 -0.522499
v -0.615003 1.851576 -0.410524
v -0.683354 1.845893 -0.282774
v -0.725445 1.839726 -0.144156
v -0.739657 1.833313 0.000002
v -0.725445 1.826901 0.144159
v -0.683354 1.820734 0.282776
v -0.615003 1.815051 0.410527
v -0.523017 1.810070 0.522501
v -0.410932 1.805982 0.614396
v -0.144229 1.801090 0.724372
v -0.159075 1.799679 0.718043
v -0.244885 1.822001 0.696254
v -0.244885 1.822001 0.696254
v -0.251159 1.829993 0.717621
v -0.251159 1.829993 0.717621
v -0.163694 1.793105 0.740948
vt 0.583189 0.500000
vt 0.603385 0.500000
vt 0.606296 0.425368
vt 0.583188 0.425368
vt 0.603517 0.750000
vt 0.603385 0.500000
vt 0.583189 0.500000
vt 0.583189 0.750000
vt 0.606463 0.824813
vt 0.603517 0.750000
vt 0.583189 0.750000
vt 0.583189 0.824813
vt 0.603415 0.500000
vt 0.606493 0.425096
vt 0.583188 0.425096
vt 0.583189 0.500000
vt 0.603387 0.750000
vt 0.603416 0.500000
vt 0.583188 0.500000
vt 0.583189 0.750000
vt 0.583189 0.750000
vt 0.583188 0.824877
vt 0.606658 0.824877
vt 0.603387 0.750000
vt 0.583189 0.500000
vt 0.603461 0.500000
vt 0.606686 0.425274
vt 0.583189 0.425274
vt 0.603411 0.750000
vt 0.603461 0.500000
vt 0.583189 0.500000
vt 0.583189 0.750000
vt 0.606836 0.824579
vt 0.603411 0.750000
vt 0.583189 0.750000
vt 0.583189 0.824579
vt 0.603372 0.500000
vt 0.606860 0.425192
vt 0.583189 0.425192
vt 0.583189 0.500000
vt 0.603468 0.750000
vt 0.603372 0.500000
vt 0.583189 0.500000
vt 0.583189 0.750000
vt 0.583189 0.750000
vt 0.583189 0.824898
vt 0.606972 0.824897
vt 0.603468 0.750000
vt 0.583189 0.425119
vt 0.583189 0.500000
vt 0.603499 0.500000
vt 0.606987 0.425119
vt 0.599852 0.750000
vt 0.599861 0.748553
vt 0.603499 0.500000
vt 0.583189 0.500000
vt 0.583189 0.750000
vt 0.583189 0.824762
vt 0.605769 0.823833
vt 0.599852 0.750000
vt 0.583189 0.750000
vt 0.583189 0.500000
vt 0.603378 0.500000
vt 0.605701 0.425316
vt 0.583189 0.425316
vt 0.583189 0.750000
vt 0.603546 0.750000
vt 0.603378 0.500000
vt 0.583189 0.500000
vt 0.583189 0.750000
vt 0.583189 0.824843
vt 0.605726 0.824842
vt 0.603546 0.750000
vt 0.603433 0.500000
vt 0.605734 0.425094
vt 0.583189 0.425094
vt 0.583189 0.500000
vt 0.583189 0.750000
vt 0.603380 0.750000
vt 0.603433 0.500000
vt 0.583189 0.500000
vt 0.583189 0.824857
vt 0.605801 0.824857
vt 0.603380 0.750000
vt 0.583189 0.750000
vt 0.583189 0.500000
vt 0.603441 0.500000
vt 0.605816 0.425323
vt 0.583189 0.425322
vt 0.583189 0.750000
vt 0.603427 0.750000
vt 0.603441 0.500000
vt 0.583189 0.500000
vt 0.605922 0.824638
vt 0.603427 0.750000
vt 0.583189 0.750000
vt 0.583189 0.824638
vt 0.603376 0.500000
vt 0.605945 0.425162
vt 0.583189 0.425162
vt 0.583189 0.500000
vt 0.603447 0.750000
vt 0.603376 0.500000
vt 0.583189 0.500000
vt 0.583189 0.750000
vt 0.606083 0.824905
vt 0.603447 0.750000
vt 0.583189 0.750000
vt 0.583189 0.824905
vt 0.603527 0.500000
vt 0.606109 0.425139
vt 0.583189 0.425139
vt 0.583189 0.500000
vt 0.603375 0.750000
vt 0.603527 0.500000
vt 0.583189 0.500000
vt 0.583189 0.750000
vt 0.583189 0.824719
vt 0.606267 0.824720
vt 0.603375 0.750000
vt 0.583189 0.750000
vt 0.296822 0.485388
vt 0.250000 0.490000
vt 0.250000 0.010000
vt 0.296822 0.014612
vt 0.341844 0.028269
vt 0.383337 0.050447
vt 0.419706 0.080294
vt 0.449553 0.116663
vt 0.471731 0.158156
vt 0.485388 0.203178
vt 0.490000 0.250000
vt 0.485388 0.296822
vt 0.471731 0.341844
vt 0.449553 0.383337
vt 0.419706 0.419706
vt 0.383337 0.449553
vt 0.341844 0.471731
vt 0.449553 0.116663
vt 0.419706 0.080294
vt 0.419706 0.080294
vt 0.449553 0.116663
vt 0.341844 0.471731
vt 0.383337 0.449553
vt 0.383337 0.449553
vt 0.341844 0.471731
vt 0.471731 0.158156
vt 0.471731 0.158156
vt 0.296822 0.485388
vt 0.296822 0.485388
vt 0.485388 0.203178
vt 0.485388 0.203178
vt 0.250000 0.490000
vt 0.250000 0.490000
vt 0.490000 0.250000
vt 0.490000 0.250000
vt 0.419706 0.419706
vt 0.419706 0.419706
vt 0.383337 0.050447
vt 0.383337 0.050447
vt 0.449553 0.383337
vt 0.449553 0.383337
vt 0.471731 0.341844
vt 0.471731 0.341844
vt 0.485388 0.296822
vt 0.485388 0.296822
vt 0.341844 0.028269
vt 0.341844 0.028269
vt 0.296822 0.014612
vt 0.250000 0.010000
vt 0.250000 0.010000
vt 0.290461 0.013985
vt 0.583189 0.500000
vt 0.583188 0.425368
vt 0.606296 0.425368
vt 0.603385 0.500000
vt 0.603517 0.750000
vt 0.583189 0.750000
vt 0.583189 0.500000
vt 0.603385 0.500000
vt 0.606463 0.824813
vt 0.583189 0.824813
vt 0.583189 0.750000
vt 0.603517 0.750000
vt 0.603415 0.500000
vt 0.583189 0.500000
vt 0.583188 0.425096
vt 0.606493 0.425096
vt 0.603387 0.750000
vt 0.583189 0.750000
vt 0.583188 0.500000
vt 0.603416 0.500000
vt 0.583189 0.750000
vt 0.603387 0.750000
vt 0.606658 0.824877
vt 0.583188 0.824877
vt 0.583189 0.500000
vt 0.583189 0.425274
vt 0.606686 0.425274
vt 0.603461 0.500000
vt 0.603411 0.750000
vt 0.583189 0.750000
vt 0.583189 0.500000
vt 0.603461 0.500000
vt 0.606836 0.824579
vt 0.583189 0.824579
vt 0.583189 0.750000
vt 0.603411 0.750000
vt 0.603372 0.500000
vt 0.583189 0.500000
vt 0.583189 0.425192
vt 0.606860 0.425192
vt 0.603468 0.750000
vt 0.583189 0.750000
vt 0.583189 0.500000
vt 0.603372 0.500000
vt 0.583189 0.750000
vt 0.603468 0.750000
vt 0.606972 0.824897
vt 0.583189 0.824898
vt 0.583189 0.425119
vt 0.606987 0.425119
vt 0.603499 0.500000
vt 0.583189 0.500000
vt 0.599852 0.750000
vt 0.583189 0.750000
vt 0.583189 0.500000
vt 0.603499 0.500000
vt 0.599861 0.748553
vt 0.583189 0.824762
vt 0.583189 0.750000
vt 0.599852 0.750000
vt 0.605769 0.823833
vt 0.583189 0.500000
vt 0.583189 0.425316
vt 0.605701 0.425316
vt 0.603378 0.500000
vt 0.583189 0.750000
vt 0.583189 0.500000
vt 0.603378 0.500000
vt 0.603546 0.750000
vt 0.583189 0.750000
vt 0.603546 0.750000
vt 0.605726 0.824842
vt 0.583189 0.824843
vt 0.603433 0.500000
vt 0.583189 0.500000
vt 0.583189 0.425094
vt 0.605734 0.425094
vt 0.583189 0.750000
vt 0.583189 0.500000
vt 0.603433 0.500000
vt 0.603380 0.750000
vt 0.583189 0.824857
vt 0.583189 0.750000
vt 0.603380 0.750000
vt 0.605801 0.824857
vt 0.583189 0.500000
vt 0.583189 0.425322
vt 0.605816 0.425323
vt 0.603441 0.500000
vt 0.583189 0.750000
vt 0.583189 0.500000
vt 0.603441 0.500000
vt 0.603427 0.750000
vt 0.605922 0.824638
vt 0.583189 0.824638
vt 0.583189 0.750000
vt 0.603427 0.750000
vt 0.603376 0.500000
vt 0.583189 0.500000
vt 0.583189 0.425162
vt 0.605945 0.425162
vt 0.603447 0.750000
vt 0.583189 0.750000
vt 0.583189 0.500000
vt 0.603376 0.500000
vt 0.606083 0.824905
vt 0.583189 0.824905
vt 0.583189 0.750000
vt 0.603447 0.750000
vt 0.603527 0.500000
vt 0.583189 0.500000
vt 0.583189 0.425139
vt 0.606109 0.425139
vt 0.603375 0.750000
vt 0.583189 0.750000
vt 0.583189 0.500000
vt 0.603527 0.500000
vt 0.583189 0.824719
vt 0.583189 0.750000
vt 0.603375 0.750000
vt 0.606267 0.824720
vt 0.296822 0.485388
vt 0.341844 0.471731
vt 0.383337 0.449553
vt 0.419706 0.419706
vt 0.449553 0.383337
vt 0.471731 0.341844
vt 0.485388 0.296822
vt 0.490000 0.250000
vt 0.485388 0.203178
vt 0.471731 0.158156
vt 0.449553 0.116663
vt 0.419706 0.080294
vt 0.383337 0.050447
vt 0.341844 0.028269
vt 0.296822 0.014612
vt 0.449553 0.116663
vt 0.449553 0.116663
vt 0.419706 0.080294
vt 0.419706 0.080294
vt 0.341844 0.471731
vt 0.341844 0.471731
vt 0.383337 0.449553
vt 0.383337 0.449553
vt 0.471731 0.158156
vt 0.471731 0.158156
vt 0.296822 0.485388
vt 0.296822 0.485388
vt 0.485388 0.203178
vt 0.485388 0.203178
vt 0.490000 0.250000
vt 0.490000 0.250000
vt 0.419706 0.419706
vt 0.419706 0.419706
vt 0.383337 0.050447
vt 0.383337 0.050447
vt 0.449553 0.383337
vt 0.449553 0.383337
vt 0.471731 0.341844
vt 0.471731 0.341844
vt 0.485388 0.296822
vt 0.485388 0.296822
vt 0.341844 0.028269
vt 0.341844 0.028269
vt 0.296822 0.014612
vt 0.290461 0.013985
vt 0.250000 0.445830
vt 0.288205 0.442067
vt 0.296822 0.485388
vt 0.250000 0.490000
vt 0.324941 0.430924
vt 0.341844 0.471731
vt 0.358798 0.412827
vt 0.383337 0.449553
vt 0.388473 0.388473
vt 0.419706 0.419706
vt 0.412827 0.358797
vt 0.449553 0.383337
vt 0.430924 0.324941
vt 0.471731 0.341844
vt 0.442068 0.288205
vt 0.485388 0.296822
vt 0.445830 0.250000
vt 0.490000 0.250000
vt 0.442068 0.211795
vt 0.485388 0.203178
vt 0.430924 0.175059
vt 0.471731 0.158156
vt 0.412827 0.141203
vt 0.449553 0.116663
vt 0.388473 0.111527
vt 0.419706 0.080294
vt 0.358798 0.087173
vt 0.383337 0.050447
vt 0.324941 0.069076
vt 0.341844 0.028269
vt 0.324941 0.069076
vt 0.288205 0.057932
vt 0.288205 0.057932
vt 0.324941 0.069076
vt 0.250000 0.054170
vt 0.250000 0.054170
vt 0.293087 0.324066
vt 0.296224 0.322390
vt 0.296225 0.322602
vt 0.293088 0.324277
vt 0.412827 0.141203
vt 0.430924 0.175059
vt 0.430924 0.175059
vt 0.412827 0.141203
vt 0.388473 0.111527
vt 0.388473 0.111527
vt 0.358798 0.087173
vt 0.358798 0.087173
vt 0.329701 0.071621
vt 0.329521 0.071525
vt 0.324941 0.069076
vt 0.288205 0.442067
vt 0.250000 0.445830
vt 0.250000 0.445830
vt 0.288205 0.442067
vt 0.324941 0.430924
vt 0.324941 0.430924
vt 0.358798 0.412827
vt 0.358798 0.412827
vt 0.388473 0.388473
vt 0.388473 0.388473
vt 0.412827 0.358797
vt 0.412827 0.358797
vt 0.430924 0.324941
vt 0.430924 0.324941
vt 0.442068 0.288205
vt 0.442068 0.288205
vt 0.445830 0.250000
vt 0.445830 0.250000
vt 0.442068 0.211795
vt 0.442068 0.211795
vt 0.283517 0.418787
vt 0.288205 0.442067
vt 0.263645 0.421650
vt 0.327864 0.403580
vt 0.324941 0.430924
vt 0.309429 0.411574
vt 0.350824 0.389537
vt 0.358798 0.412827
vt 0.366385 0.376861
vt 0.388473 0.388473
vt 0.396291 0.340739
vt 0.412827 0.358797
vt 0.384760 0.357193
vt 0.408594 0.316822
vt 0.430924 0.324941
vt 0.415390 0.297926
vt 0.442068 0.288205
vt 0.422096 0.251527
vt 0.445830 0.250000
vt 0.420832 0.271562
vt 0.442068 0.211795
vt 0.420296 0.224685
vt 0.416204 0.205011
vt 0.397895 0.161854
vt 0.412827 0.141203
vt 0.430924 0.175059
vt 0.407120 0.179680
vt 0.388473 0.111527
vt 0.382369 0.139866
vt 0.368596 0.125240
vt 0.358798 0.087173
vt 0.347703 0.108305
vt 0.331747 0.099651
vt 0.313443 0.111630
vt 0.329342 0.071429
vt 0.280554 0.096392
vt 0.250000 0.093383
vt 0.000000 0.000000
vt 0.000000 0.000000
vt 0.000000 0.000000
vt 0.000000 0.000000
vt 0.341844 0.028269
vt 0.324941 0.069076
vt 0.324941 0.069076
vt 0.324941 0.069076
vt 0.309935 0.105305
vt 0.309935 0.105305
vt 0.324941 0.069076
vt 0.250000 0.445830
vt 0.250000 0.490000
vt 0.296822 0.485388
vt 0.288205 0.442067
vt 0.341844 0.471731
vt 0.324941 0.430924
vt 0.383337 0.449553
vt 0.358798 0.412827
vt 0.419706 0.419706
vt 0.388473 0.388473
vt 0.449553 0.383337
vt 0.412827 0.358797
vt 0.471731 0.341844
vt 0.430924 0.324941
vt 0.485388 0.296822
vt 0.442068 0.288205
vt 0.490000 0.250000
vt 0.445830 0.250000
vt 0.485388 0.203178
vt 0.442068 0.211795
vt 0.471731 0.158156
vt 0.430924 0.175059
vt 0.449553 0.116663
vt 0.412827 0.141203
vt 0.419706 0.080294
vt 0.388473 0.111527
vt 0.383337 0.050447
vt 0.358798 0.087173
vt 0.341844 0.028269
vt 0.324941 0.069076
vt 0.324941 0.069076
vt 0.324941 0.069076
vt 0.288205 0.057932
vt 0.288205 0.057932
vt 0.250000 0.054170
vt 0.250000 0.054170
vt 0.271509 0.332961
vt 0.274876 0.331939
vt 0.274877 0.332142
vt 0.271509 0.333163
vt 0.412827 0.141203
vt 0.412827 0.141203
vt 0.430924 0.175059
vt 0.430924 0.175059
vt 0.388473 0.111527
vt 0.388473 0.111527
vt 0.358798 0.087173
vt 0.358798 0.087173
vt 0.324941 0.069076
vt 0.324941 0.069076
vt 0.288205 0.442067
vt 0.288205 0.442067
vt 0.250000 0.445830
vt 0.250000 0.445830
vt 0.324941 0.430924
vt 0.324941 0.430924
vt 0.358798 0.412827
vt 0.358798 0.412827
vt 0.388473 0.388473
vt 0.388473 0.388473
vt 0.312209 0.086424
vt 0.412827 0.358797
vt 0.412827 0.358797
vt 0.430924 0.324941
vt 0.430924 0.324941
vt 0.442068 0.288205
vt 0.442068 0.288205
vt 0.445830 0.250000
vt 0.445830 0.250000
vt 0.442068 0.211795
vt 0.442068 0.211795
vt 0.250000 0.420725
vt 0.250000 0.445830
vt 0.288205 0.442067
vt 0.263475 0.419542
vt 0.283127 0.416819
vt 0.324941 0.430924
vt 0.308717 0.409619
vt 0.326906 0.401695
vt 0.358798 0.412827
vt 0.349604 0.387859
vt 0.388473 0.388473
vt 0.364981 0.375321
vt 0.383105 0.355874
vt 0.394528 0.339653
vt 0.412827 0.358797
vt 0.430924 0.324941
vt 0.406733 0.316036
vt 0.442068 0.288205
vt 0.413357 0.297335
vt 0.418737 0.271302
vt 0.445830 0.250000
vt 0.420070 0.251506
vt 0.442068 0.211795
vt 0.418227 0.224987
vt 0.430924 0.175059
vt 0.414170 0.205566
vt 0.405240 0.180527
vt 0.412827 0.141203
vt 0.396094 0.162921
vt 0.380740 0.141220
vt 0.388473 0.111527
vt 0.358798 0.087173
vt 0.346543 0.109981
vt 0.367182 0.126735
vt 0.324941 0.069076
vt 0.329581 0.099690
vt 0.300660 0.102491
vt 0.300425 0.102420
vt 0.309935 0.105305
vt 0.309935 0.105305
vt 0.309935 0.105305
vt 0.280554 0.096392
vt 0.250000 0.093383
vt 0.000000 0.000000
vt 0.000000 0.000000
vt 0.000000 0.000000
vt 0.000000 0.000000
vt 0.280554 0.096392
vt 0.299188 0.102045
vt 0.300660 0.102491
vt 0.280788 0.096463
vt 0.324941 0.069076
vt 0.324941 0.069076
vt 0.341844 0.028269
vt 0.324941 0.069076
vt 0.309935 0.105305
vt 0.309935 0.105305
vt 0.309935 0.105305
vt 0.250000 0.490000
vt 0.296822 0.485388
vt 0.296822 0.485388
vt 0.250000 0.490000
vt 0.341844 0.471731
vt 0.341844 0.471731
vt 0.383337 0.449553
vt 0.383337 0.449553
vt 0.419706 0.419706
vt 0.419706 0.419706
vt 0.449553 0.383337
vt 0.449553 0.383337
vt 0.471731 0.341844
vt 0.471731 0.341844
vt 0.485388 0.296822
vt 0.485388 0.296822
vt 0.490000 0.250000
vt 0.490000 0.250000
vt 0.485388 0.203178
vt 0.485388 0.203178
vt 0.471731 0.158156
vt 0.471731 0.158156
vt 0.449553 0.116663
vt 0.449553 0.116663
vt 0.419706 0.080294
vt 0.419706 0.080294
vt 0.383337 0.050447
vt 0.383337 0.050447
vt 0.341844 0.028269
vt 0.341844 0.028269
vt 0.000000 0.000000
vt 0.000000 0.000000
vt 0.000000 0.000000
vt 0.000000 0.000000
vt 0.288205 0.057932
vt 0.250000 0.054170
vt 0.250000 0.054170
vt 0.288205 0.057932
vt 0.324941 0.069076
vt 0.324941 0.069076
vt 0.250000 0.422760
vt 0.250000 0.336246
vt 0.251881 0.336061
vt 0.271509 0.333163
vt 0.274877 0.332142
vt 0.293088 0.324277
vt 0.296225 0.322602
vt 0.311631 0.310112
vt 0.313894 0.307358
vt 0.325257 0.291114
vt 0.326915 0.288018
vt 0.334583 0.265943
vt 0.333691 0.269403
vt 0.335643 0.246171
vt 0.335299 0.242676
vt 0.331276 0.223343
vt 0.330249 0.219970
vt 0.321261 0.202451
vt 0.318992 0.199728
vt 0.305378 0.185612
vt 0.302665 0.183449
vt 0.286319 0.172563
vt 0.276871 0.167059
vt 0.264482 0.162263
vt 0.279613 0.100858
vt 0.250000 0.160938
vt 0.250000 0.097940
vt 0.251881 0.335861
vt 0.250000 0.336046
vt 0.274876 0.331939
vt 0.271509 0.332960
vt 0.293087 0.324066
vt 0.296224 0.322390
vt 0.313892 0.307130
vt 0.311629 0.309887
vt 0.325254 0.290865
vt 0.326911 0.287765
vt 0.334578 0.265653
vt 0.333686 0.269117
vt 0.335635 0.245822
vt 0.335289 0.242315
vt 0.330232 0.219496
vt 0.331261 0.222888
vt 0.321232 0.201814
vt 0.318959 0.199044
vt 0.302611 0.182400
vt 0.305327 0.184629
vt 0.309935 0.105305
vt 0.282928 0.170504
vt 0.285718 0.171995
vt 0.266787 0.165607
vt 0.280554 0.096392
vt 0.250000 0.163954
vt 0.250000 0.093383
vt 0.311629 0.309887
vt 0.313892 0.307130
vt 0.313894 0.307358
vt 0.311631 0.310112
vt 0.326915 0.288018
vt 0.325257 0.291114
vt 0.325254 0.290865
vt 0.326911 0.287765
vt 0.334578 0.265653
vt 0.334583 0.265943
vt 0.333691 0.269403
vt 0.333686 0.269117
vt 0.335299 0.242676
vt 0.335643 0.246171
vt 0.335635 0.245822
vt 0.335289 0.242315
vt 0.330249 0.219970
vt 0.331276 0.223343
vt 0.331261 0.222888
vt 0.330232 0.219496
vt 0.321232 0.201814
vt 0.318959 0.199044
vt 0.318992 0.199728
vt 0.321261 0.202451
vt 0.302665 0.183449
vt 0.305378 0.185612
vt 0.305327 0.184629
vt 0.302611 0.182400
vt 0.285718 0.171995
vt 0.282928 0.170504
vt 0.276871 0.167059
vt 0.286319 0.172563
vt 0.266787 0.165607
vt 0.264482 0.162263
vt 0.250000 0.163954
vt 0.250000 0.160938
vt 0.251881 0.336061
vt 0.250000 0.336246
vt 0.250000 0.336046
vt 0.251881 0.335861
vt 0.250000 0.093383
vt 0.280788 0.096463
vt 0.280554 0.096392
vt 0.250000 0.093383
vt 0.299188 0.102045
vt 0.280554 0.096392
vt 0.280554 0.096392
vt 0.309935 0.105305
vt 0.250000 0.093383
vt 0.250000 0.093383
vt 0.250000 0.093383
vt 0.250000 0.093383
vt 0.329342 0.071429
vt 0.313443 0.111630
vt 0.313443 0.111630
vt 0.329342 0.071429
vt 0.313443 0.111630
vt 0.279613 0.100858
vt 0.280554 0.096392
vt 0.309935 0.105305
vt 0.329342 0.071429
vt 0.324941 0.069076
vt 0.329521 0.071525
vt 0.329342 0.071429
vt 0.324941 0.069076
vt 0.331838 0.099700
vt 0.347703 0.108305
vt 0.331838 0.099700
vt 0.329342 0.071429
vt 0.324941 0.069076
vt 0.309935 0.105305
vt 0.280554 0.096392
vt 0.313443 0.111630
vt 0.279613 0.100858
vt 0.279613 0.100858
vt 0.313443 0.111630
vt 0.250000 0.097940
vt 0.250000 0.093383
vt 0.324941 0.069076
vt 0.309935 0.105305
vt 0.250000 0.093383
vt 0.250000 0.097940
vt 0.250000 0.097940
vt 0.250000 0.445830
vt 0.309935 0.105305
vt 0.309926 0.105302
vt 0.299188 0.102045
vt 0.298793 0.101925
vt 0.300384 0.102407
vt 0.283647 0.097330
vt 0.285504 0.097894
vt 0.285504 0.097894
vt 0.286083 0.098055
vt 0.300425 0.102420
vt 0.299188 0.102045
vt 0.299188 0.102045
vt 0.299188 0.102045
vt 0.300425 0.102420
vt 0.300660 0.102491
vt 0.276404 0.095983
vt 0.250000 0.093383
vt 0.250000 0.093383
vt 0.276486 0.095991
vt 0.250000 0.093383
vt 0.280554 0.096392
vt 0.276486 0.095991
vt 0.250000 0.093383
vt 0.296822 0.485388
vt 0.288205 0.442067
vt 0.341844 0.471731
vt 0.324941 0.430924
vt 0.383337 0.449553
vt 0.358798 0.412827
vt 0.419706 0.419706
vt 0.388473 0.388473
vt 0.449553 0.383337
vt 0.412827 0.358797
vt 0.471731 0.341844
vt 0.430924 0.324941
vt 0.485388 0.296822
vt 0.442068 0.288205
vt 0.490000 0.250000
vt 0.445830 0.250000
vt 0.485388 0.203178
vt 0.442068 0.211795
vt 0.471731 0.158156
vt 0.430924 0.175059
vt 0.449553 0.116663
vt 0.412827 0.141203
vt 0.419706 0.080294
vt 0.388473 0.111527
vt 0.383337 0.050447
vt 0.358798 0.087173
vt 0.341844 0.028269
vt 0.324941 0.069076
vt 0.324941 0.069076
vt 0.324941 0.069076
vt 0.288205 0.057932
vt 0.288205 0.057932
vt 0.293087 0.324066
vt 0.293088 0.324277
vt 0.296225 0.322602
vt 0.296224 0.322390
vt 0.412827 0.141203
vt 0.412827 0.141203
vt 0.430924 0.175059
vt 0.430924 0.175059
vt 0.388473 0.111527
vt 0.388473 0.111527
vt 0.358798 0.087173
vt 0.358798 0.087173
vt 0.329701 0.071621
vt 0.324941 0.069076
vt 0.329521 0.071525
vt 0.288205 0.442067
vt 0.288205 0.442067
vt 0.324941 0.430924
vt 0.324941 0.430924
vt 0.358798 0.412827
vt 0.358798 0.412827
vt 0.388473 0.388473
vt 0.388473 0.388473
vt 0.412827 0.358797
vt 0.412827 0.358797
vt 0.430924 0.324941
vt 0.430924 0.324941
vt 0.442068 0.288205
vt 0.442068 0.288205
vt 0.445830 0.250000
vt 0.445830 0.250000
vt 0.442068 0.211795
vt 0.442068 0.211795
vt 0.283517 0.418787
vt 0.263645 0.421650
vt 0.288205 0.442067
vt 0.327864 0.403580
vt 0.309429 0.411574
vt 0.324941 0.430924
vt 0.350824 0.389537
vt 0.358798 0.412827
vt 0.366385 0.376861
vt 0.388473 0.388473
vt 0.396291 0.340739
vt 0.384760 0.357193
vt 0.412827 0.358797
vt 0.408594 0.316822
vt 0.430924 0.324941
vt 0.415390 0.297926
vt 0.442068 0.288205
vt 0.422096 0.251527
vt 0.420832 0.271562
vt 0.445830 0.250000
vt 0.442068 0.211795
vt 0.420296 0.224685
vt 0.416204 0.205011
vt 0.397895 0.161854
vt 0.407120 0.179680
vt 0.430924 0.175059
vt 0.412827 0.141203
vt 0.388473 0.111527
vt 0.368596 0.125240
vt 0.382369 0.139866
vt 0.358798 0.087173
vt 0.347703 0.108305
vt 0.331747 0.099651
vt 0.329342 0.071429
vt 0.313443 0.111630
vt 0.280554 0.096392
vt 0.000000 0.000000
vt 0.000000 0.000000
vt 0.000000 0.000000
vt 0.000000 0.000000
vt 0.324941 0.069076
vt 0.324941 0.069076
vt 0.324941 0.069076
vt 0.341844 0.028269
vt 0.324941 0.069076
vt 0.309935 0.105305
vt 0.309935 0.105305
vt 0.288205 0.442067
vt 0.296822 0.485388
vt 0.324941 0.430924
vt 0.341844 0.471731
vt 0.358798 0.412827
vt 0.383337 0.449553
vt 0.388473 0.388473
vt 0.419706 0.419706
vt 0.412827 0.358797
vt 0.449553 0.383337
vt 0.430924 0.324941
vt 0.471731 0.341844
vt 0.442068 0.288205
vt 0.485388 0.296822
vt 0.445830 0.250000
vt 0.490000 0.250000
vt 0.442068 0.211795
vt 0.485388 0.203178
vt 0.430924 0.175059
vt 0.471731 0.158156
vt 0.412827 0.141203
vt 0.449553 0.116663
vt 0.388473 0.111527
vt 0.419706 0.080294
vt 0.358798 0.087173
vt 0.383337 0.050447
vt 0.324941 0.069076
vt 0.341844 0.028269
vt 0.324941 0.069076
vt 0.288205 0.057932
vt 0.288205 0.057932
vt 0.324941 0.069076
vt 0.271509 0.332961
vt 0.271509 0.333163
vt 0.274877 0.332142
vt 0.274876 0.331939
vt 0.412827 0.141203
vt 0.430924 0.175059
vt 0.430924 0.175059
vt 0.412827 0.141203
vt 0.388473 0.111527
vt 0.388473 0.111527
vt 0.358798 0.087173
vt 0.358798 0.087173
vt 0.324941 0.069076
vt 0.324941 0.069076
vt 0.288205 0.442067
vt 0.288205 0.442067
vt 0.324941 0.430924
vt 0.324941 0.430924
vt 0.358798 0.412827
vt 0.358798 0.412827
vt 0.388473 0.388473
vt 0.388473 0.388473
vt 0.312209 0.086424
vt 0.412827 0.358797
vt 0.412827 0.358797
vt 0.430924 0.324941
vt 0.430924 0.324941
vt 0.442068 0.288205
vt 0.442068 0.288205
vt 0.445830 0.250000
vt 0.445830 0.250000
vt 0.442068 0.211795
vt 0.442068 0.211795
vt 0.263475 0.419542
vt 0.288205 0.442067
vt 0.283127 0.416819
vt 0.308717 0.409619
vt 0.324941 0.430924
vt 0.326906 0.401695
vt 0.349604 0.387859
vt 0.358798 0.412827
vt 0.364981 0.375321
vt 0.388473 0.388473
vt 0.383105 0.355874
vt 0.394528 0.339653
vt 0.406733 0.316036
vt 0.430924 0.324941
vt 0.412827 0.358797
vt 0.413357 0.297335
vt 0.442068 0.288205
vt 0.418737 0.271302
vt 0.420070 0.251506
vt 0.445830 0.250000
vt 0.418227 0.224987
vt 0.442068 0.211795
vt 0.414170 0.205566
vt 0.430924 0.175059
vt 0.405240 0.180527
vt 0.396094 0.162921
vt 0.412827 0.141203
vt 0.380740 0.141220
vt 0.388473 0.111527
vt 0.367182 0.126735
vt 0.346543 0.109981
vt 0.358798 0.087173
vt 0.329581 0.099690
vt 0.324941 0.069076
vt 0.300660 0.102491
vt 0.309935 0.105305
vt 0.309935 0.105305
vt 0.300425 0.102420
vt 0.309935 0.105305
vt 0.280554 0.096392
vt 0.000000 0.000000
vt 0.000000 0.000000
vt 0.000000 0.000000
vt 0.000000 0.000000
vt 0.280554 0.096392
vt 0.280788 0.096463
vt 0.300660 0.102491
vt 0.299188 0.102045
vt 0.341844 0.028269
vt 0.324941 0.069076
vt 0.324941 0.069076
vt 0.309935 0.105305
vt 0.309935 0.105305
vt 0.309935 0.105305
vt 0.324941 0.069076
vt 0.296822 0.485388
vt 0.296822 0.485388
vt 0.341844 0.471731
vt 0.341844 0.471731
vt 0.383337 0.449553
vt 0.383337 0.449553
vt 0.419706 0.419706
vt 0.419706 0.419706
vt 0.449553 0.383337
vt 0.449553 0.383337
vt 0.471731 0.341844
vt 0.471731 0.341844
vt 0.485388 0.296822
vt 0.485388 0.296822
vt 0.490000 0.250000
vt 0.490000 0.250000
vt 0.485388 0.203178
vt 0.485388 0.203178
vt 0.471731 0.158156
vt 0.471731 0.158156
vt 0.449553 0.116663
vt 0.449553 0.116663
vt 0.419706 0.080294
vt 0.419706 0.080294
vt 0.383337 0.050447
vt 0.383337 0.050447
vt 0.341844 0.028269
vt 0.341844 0.028269
vt 0.000000 0.000000
vt 0.000000 0.000000
vt 0.000000 0.000000
vt 0.000000 0.000000
vt 0.288205 0.057932
vt 0.288205 0.057932
vt 0.324941 0.069076
vt 0.324941 0.069076
vt 0.251881 0.336061
vt 0.274877 0.332142
vt 0.271509 0.333163
vt 0.296225 0.322602
vt 0.293088 0.324277
vt 0.313894 0.307358
vt 0.311631 0.310112
vt 0.325257 0.291114
vt 0.326915 0.288018
vt 0.334583 0.265943
vt 0.333691 0.269403
vt 0.335643 0.246171
vt 0.335299 0.242676
vt 0.330249 0.219970
vt 0.331276 0.223343
vt 0.321261 0.202451
vt 0.318992 0.199728
vt 0.305378 0.185612
vt 0.302665 0.183449
vt 0.286319 0.172563
vt 0.276871 0.167059
vt 0.279613 0.100858
vt 0.264482 0.162263
vt 0.251881 0.335861
vt 0.271509 0.332960
vt 0.274876 0.331939
vt 0.293087 0.324066
vt 0.296224 0.322390
vt 0.311629 0.309887
vt 0.313892 0.307130
vt 0.325254 0.290865
vt 0.326911 0.287765
vt 0.333686 0.269117
vt 0.334578 0.265653
vt 0.335635 0.245822
vt 0.335289 0.242315
vt 0.330232 0.219496
vt 0.331261 0.222888
vt 0.321232 0.201814
vt 0.318959 0.199044
vt 0.305327 0.184629
vt 0.302611 0.182400
vt 0.309935 0.105305
vt 0.285718 0.171995
vt 0.282928 0.170504
vt 0.266787 0.165607
vt 0.280554 0.096392
vt 0.311629 0.309887
vt 0.311631 0.310112
vt 0.313894 0.307358
vt 0.313892 0.307130
vt 0.326915 0.288018
vt 0.326911 0.287765
vt 0.325254 0.290865
vt 0.325257 0.291114
vt 0.334578 0.265653
vt 0.333686 0.269117
vt 0.333691 0.269403
vt 0.334583 0.265943
vt 0.335299 0.242676
vt 0.335289 0.242315
vt 0.335635 0.245822
vt 0.335643 0.246171
vt 0.330249 0.219970
vt 0.330232 0.219496
vt 0.331261 0.222888
vt 0.331276 0.223343
vt 0.321232 0.201814
vt 0.321261 0.202451
vt 0.318992 0.199728
vt 0.318959 0.199044
vt 0.302665 0.183449
vt 0.302611 0.182400
vt 0.305327 0.184629
vt 0.305378 0.185612
vt 0.285718 0.171995
vt 0.286319 0.172563
vt 0.276871 0.167059
vt 0.282928 0.170504
vt 0.264482 0.162263
vt 0.266787 0.165607
vt 0.251881 0.336061
vt 0.251881 0.335861
vt 0.280554 0.096392
vt 0.280788 0.096463
vt 0.299188 0.102045
vt 0.309935 0.105305
vt 0.280554 0.096392
vt 0.280554 0.096392
vt 0.329342 0.071429
vt 0.329342 0.071429
vt 0.313443 0.111630
vt 0.313443 0.111630
vt 0.313443 0.111630
vt 0.309935 0.105305
vt 0.280554 0.096392
vt 0.279613 0.100858
vt 0.329342 0.071429
vt 0.324941 0.069076
vt 0.324941 0.069076
vt 0.329342 0.071429
vt 0.329521 0.071525
vt 0.331838 0.099700
vt 0.331838 0.099700
vt 0.347703 0.108305
vt 0.329342 0.071429
vt 0.324941 0.069076
vt 0.280554 0.096392
vt 0.309935 0.105305
vt 0.313443 0.111630
vt 0.313443 0.111630
vt 0.279613 0.100858
vt 0.279613 0.100858
vt 0.309935 0.105305
vt 0.324941 0.069076
vt 0.309935 0.105305
vt 0.299188 0.102045
vt 0.309926 0.105302
vt 0.300384 0.102407
vt 0.298793 0.101925
vt 0.283647 0.097330
vt 0.285504 0.097894
vt 0.285504 0.097894
vt 0.299188 0.102045
vt 0.300425 0.102420
vt 0.286083 0.098055
vt 0.299188 0.102045
vt 0.300660 0.102491
vt 0.300425 0.102420
vt 0.299188 0.102045
vt 0.276404 0.095983
vt 0.276486 0.095991
vt 0.276486 0.095991
vt 0.280554 0.096392
vn 0.0672 0.0000 0.9977
vn -0.9977 0.0000 0.0672
vn -0.0672 0.0000 -0.9977
vn -0.2045 0.0000 0.9789
vn -0.9789 0.0000 -0.2045
vn 0.2045 0.0000 -0.9789
vn -0.4610 -0.0000 0.8874
vn -0.8874 0.0000 -0.4610
vn 0.4610 0.0000 -0.8874
vn -0.6833 0.0000 0.7301
vn -0.7301 0.0000 -0.6833
vn 0.6833 0.0000 -0.7301
vn -0.8550 -0.0000 0.5187
vn -0.5187 -0.0000 -0.8550
vn 0.8550 0.0000 -0.5187
vn 0.9905 0.0000 0.1372
vn -0.1372 0.0000 0.9905
vn -0.9905 0.0000 -0.1372
vn 0.9168 0.0000 0.3994
vn -0.3994 0.0000 0.9168
vn -0.9168 0.0000 -0.3994
vn 0.7750 0.0000 0.6319
vn -0.6319 0.0000 0.7750
vn -0.7750 0.0000 -0.6319
vn 0.5758 0.0000 0.8176
vn -0.8176 0.0000 0.5758
vn -0.5758 0.0000 -0.8176
vn 0.3339 0.0000 0.9426
vn -0.9426 0.0000 0.3339
vn -0.3339 0.0000 -0.9426
vn 0.0000 0.9990 0.0445
vn -0.7448 0.2802 -0.6056
vn -0.4458 0.3069 0.8409
vn -0.8485 0.2819 -0.4478
vn -0.2741 0.3089 0.9107
vn -0.9191 0.2841 -0.2729
vn -0.0925 0.3100 0.9462
vn -0.9540 0.2867 -0.0879
vn -0.6010 0.3040 0.7392
vn -0.6120 0.2789 -0.7401
vn -0.7340 0.3006 0.6090
vn -0.8394 0.2969 0.4552
vn -0.9131 0.2933 0.2834
vn -0.4534 0.2777 -0.8469
vn -0.9518 0.2898 0.1000
vn -0.1226 0.3046 -0.9446
vn -0.0672 0.0000 0.9977
vn 0.9977 0.0000 0.0672
vn 0.0672 0.0000 -0.9977
vn 0.2045 0.0000 0.9789
vn 0.9789 0.0000 -0.2045
vn -0.2045 -0.0000 -0.9789
vn 0.4610 0.0000 0.8874
vn 0.8874 0.0000 -0.4610
vn -0.4610 0.0000 -0.8874
vn 0.6833 0.0000 0.7301
vn 0.7301 0.0000 -0.6833
vn -0.6833 0.0000 -0.7301
vn 0.8550 -0.0000 0.5187
vn 0.5187 -0.0000 -0.8550
vn -0.8550 0.0000 -0.5187
vn -0.9905 0.0000 0.1372
vn 0.1372 0.0000 0.9905
vn 0.9905 0.0000 -0.1372
vn -0.9168 -0.0000 0.3994
vn 0.3994 0.0000 0.9168
vn 0.9168 0.0000 -0.3994
vn -0.7750 0.0000 0.6319
vn 0.6319 0.0000 0.7750
vn 0.7750 0.0000 -0.6319
vn -0.5758 0.0000 0.8176
vn 0.8176 0.0000 0.5758
vn 0.5758 0.0000 -0.8176
vn -0.3339 0.0000 0.9426
vn 0.9426 0.0000 0.3339
vn 0.3339 0.0000 -0.9426
vn 0.7448 0.2802 -0.6056
vn 0.4458 0.3069 0.8409
vn 0.8485 0.2819 -0.4478
vn 0.2741 0.3089 0.9107
vn 0.9191 0.2841 -0.2729
vn 0.0925 0.3100 0.9462
vn 0.9540 0.2867 -0.0879
vn 0.6010 0.3040 0.7392
vn 0.6120 0.2789 -0.7401
vn 0.7340 0.3006 0.6090
vn 0.8394 0.2969 0.4552
vn 0.9131 0.2933 0.2834
vn 0.4534 0.2777 -0.8469
vn 0.9518 0.2898 0.1000
vn 0.1226 0.3046 -0.9446
vn 0.0000 0.9214 0.3886
vn -0.0758 0.9214 0.3811
vn -0.1487 0.9214 0.3590
vn -0.2159 0.9214 0.3231
vn -0.2747 0.9214 0.2747
vn -0.3231 0.9214 0.2159
vn -0.3590 0.9214 0.1487
vn -0.3811 0.9214 0.0758
vn -0.3886 0.9214 0.0000
vn -0.3811 0.9214 -0.0758
vn -0.3590 0.9214 -0.1487
vn -0.3231 0.9214 -0.2159
vn -0.2747 0.9214 -0.2747
vn -0.2276 0.9214 -0.3149
vn -0.2074 0.9215 -0.3282
vn 0.0926 0.9867 0.1338
vn 0.0532 0.9883 0.1432
vn 0.0558 0.9860 0.1572
vn 0.0936 0.9853 0.1430
vn 0.0000 0.9883 0.1523
vn 0.0000 0.9850 0.1722
vn -0.4714 0.0000 0.8819
vn -0.8314 -0.0102 -0.5555
vn -0.9238 -0.0102 -0.3826
vn -0.7071 -0.0102 -0.7071
vn -0.5687 -0.0141 -0.8224
vn -0.5708 -0.0169 -0.8209
vn -0.4986 -0.0198 -0.8666
vn -0.5031 -0.0252 -0.8639
vn -0.5021 -0.0338 -0.8641
vn -0.1951 -0.0102 0.9807
vn 0.0000 -0.0102 0.9999
vn -0.3826 -0.0102 0.9238
vn -0.5555 -0.0102 0.8314
vn -0.7071 -0.0102 0.7071
vn -0.8314 -0.0102 0.5555
vn -0.9238 -0.0102 0.3826
vn -0.9807 -0.0102 0.1951
vn -0.9999 -0.0102 0.0000
vn -0.9807 -0.0102 -0.1951
vn 0.0097 0.9989 -0.0461
vn 0.0125 0.9979 -0.0630
vn 0.0048 0.9989 -0.0462
vn 0.0214 0.9989 -0.0411
vn 0.0243 0.9980 -0.0586
vn 0.0158 0.9989 -0.0437
vn 0.0269 0.9989 -0.0379
vn 0.0350 0.9980 -0.0527
vn 0.0324 0.9989 -0.0342
vn 0.0452 0.9980 -0.0445
vn 0.0400 0.9989 -0.0245
vn 0.0522 0.9980 -0.0354
vn 0.0358 0.9989 -0.0295
vn 0.0435 0.9989 -0.0189
vn 0.0593 0.9979 -0.0244
vn 0.0454 0.9989 -0.0126
vn 0.0615 0.9980 -0.0123
vn 0.0479 0.9988 0.0002
vn 0.0641 0.9979 0.0001
vn 0.0466 0.9989 -0.0065
vn 0.0616 0.9980 0.0125
vn 0.0467 0.9989 0.0064
vn 0.0454 0.9989 0.0129
vn 0.0408 0.9988 0.0255
vn 0.0523 0.9980 0.0356
vn 0.0590 0.9980 0.0240
vn 0.0441 0.9988 0.0187
vn 0.0450 0.9980 0.0443
vn 0.0370 0.9989 0.0296
vn 0.0326 0.9988 0.0351
vn 0.0080 0.9975 0.0703
vn 0.0120 0.9987 0.0493
vn 0.0085 0.9969 0.0779
vn 0.0030 0.9997 0.0256
vn 0.0054 0.9955 0.0943
vn 0.0523 0.9906 0.1266
vn 0.0000 0.9915 0.1296
vn -0.9276 0.0015 0.3735
vn -0.9262 -0.0016 0.3770
vn -0.9277 -0.0258 0.3724
vn -0.9263 -0.0253 0.3759
vn -0.9283 0.0305 0.3706
vn -0.9235 -0.0032 0.3835
vn -0.9295 -0.0264 0.3678
vn 0.0000 -0.9297 -0.3682
vn 0.0718 -0.9297 -0.3611
vn 0.1409 -0.9297 -0.3402
vn 0.2045 -0.9297 -0.3061
vn 0.2604 -0.9297 -0.2604
vn 0.3061 -0.9297 -0.2045
vn 0.3402 -0.9297 -0.1409
vn 0.3611 -0.9297 -0.0718
vn 0.3682 -0.9297 0.0000
vn 0.3611 -0.9297 0.0718
vn 0.3402 -0.9297 0.1409
vn 0.3061 -0.9297 0.2045
vn 0.2604 -0.9297 0.2604
vn 0.2045 -0.9297 0.3061
vn 0.1743 -0.9291 0.3261
vn -0.0464 -0.9858 -0.1615
vn -0.0437 -0.9861 -0.1602
vn -0.0299 -0.9857 -0.1660
vn -0.0311 -0.9856 -0.1662
vn 0.0000 -0.9850 -0.1721
vn 0.0000 -0.9853 -0.1709
vn -0.2903 0.0000 0.9569
vn 0.8314 0.0000 0.5556
vn 0.9239 0.0000 0.3827
vn 0.7071 0.0000 0.7071
vn 0.5556 0.0000 0.8314
vn 0.4714 0.0000 0.8819
vn 0.1951 0.0000 -0.9808
vn 0.0000 0.0000 -1.0000
vn 0.3827 0.0000 -0.9239
vn 0.5556 0.0000 -0.8314
vn 0.7071 0.0000 -0.7071
vn 0.0914 0.9881 0.1234
vn 0.8314 0.0000 -0.5556
vn 0.9239 0.0000 -0.3827
vn 0.9808 0.0000 -0.1951
vn 1.0000 0.0000 0.0000
vn 0.9808 0.0000 0.1951
vn 0.0000 -1.0000 0.0000
vn 0.3559 0.0056 0.9345
vn 0.3524 0.0041 0.9358
vn 0.3127 0.0047 0.9498
vn 0.3128 0.0039 0.9498
vn -0.0494 -0.9854 -0.1629
vn -0.0331 -0.9855 -0.1662
vn 0.0000 -0.9855 -0.1695
vn 0.9237 0.0001 -0.3831
vn 0.9236 0.0000 -0.3833
vn 0.9238 0.0001 -0.3828
vn 0.0009 -1.0000 -0.0003
vn 0.0020 -1.0000 -0.0005
vn 0.0010 -1.0000 -0.0003
vn 0.9237 0.0002 -0.3830
vn 0.9241 0.0000 -0.3820
vn 0.0000 0.3682 -0.9297
vn 0.1814 0.3682 -0.9119
vn 0.3558 0.3682 -0.8590
vn 0.5165 0.3682 -0.7730
vn 0.6574 0.3682 -0.6574
vn 0.7730 0.3682 -0.5165
vn 0.8590 0.3682 -0.3558
vn 0.9119 0.3682 -0.1814
vn 0.9297 0.3682 0.0000
vn 0.9119 0.3682 0.1814
vn 0.8590 0.3682 0.3558
vn 0.7730 0.3682 0.5165
vn 0.6574 0.3682 0.6574
vn 0.5126 0.3825 0.7687
vn 0.5118 0.3827 0.7691
vn 0.3447 0.2242 0.9115
vn 0.3333 0.2025 0.9208
vn 0.3463 0.0088 0.9381
vn 0.3486 -0.1296 0.9282
vn 0.3461 -0.1324 0.9288
vn 0.3462 0.0088 0.9381
vn 0.1506 -0.2355 0.9601
vn 0.0000 -0.2072 0.9783
vn 0.1513 -0.2358 0.9599
vn 0.0000 0.9993 -0.0377
vn 0.0000 0.9999 -0.0081
vn 0.0015 0.9999 -0.0081
vn 0.0032 0.9999 -0.0074
vn 0.0038 0.9999 -0.0078
vn 0.0069 0.9999 -0.0059
vn 0.0078 0.9999 -0.0052
vn 0.0101 0.9999 -0.0025
vn 0.0107 0.9999 0.0015
vn 0.0113 0.9999 0.0029
vn 0.0100 0.9999 0.0074
vn 0.0082 0.9999 0.0094
vn 0.0338 0.9994 -0.0053
vn -0.0222 0.9997 0.0120
vn -0.0328 0.9994 0.0142
vn -0.0343 0.9993 0.0147
vn 0.0000 1.0000 0.0028
vn -0.7730 0.0000 0.6344
vn -0.8819 0.0000 0.4714
vn -0.9734 0.0000 0.2291
vn -0.9952 0.0000 -0.0980
vn -0.9569 0.0000 -0.2903
vn -0.7730 0.0000 -0.6344
vn -0.6344 0.0000 -0.7730
vn -0.4122 0.0000 -0.9111
vn -0.3086 0.0000 -0.9512
vn -0.3141 0.0000 -0.9494
vn -0.1498 0.0000 -0.9887
vn -0.1517 0.0000 -0.9884
vn -0.0980 0.0000 0.9952
vn 0.0000 0.0000 1.0000
vn 0.0000 0.0006 1.0000
vn 0.2032 0.0049 0.9791
vn 0.2027 0.0025 0.9792
vn 0.0000 0.0003 1.0000
vn -0.3064 -0.0053 -0.9519
vn -0.1935 -0.0042 -0.9811
vn -0.1936 -0.0042 -0.9810
vn -0.3047 -0.0056 -0.9524
vn 0.9111 -0.0182 -0.4117
vn 0.0063 0.9985 0.0533
vn -0.0281 0.9996 0.0038
vn 0.0039 0.9987 0.0514
vn -0.5166 -0.0300 -0.8556
vn -0.5093 -0.0319 -0.8600
vn -0.5185 0.0000 -0.8551
vn -0.5142 0.0011 -0.8577
vn 0.0652 0.9930 0.0988
vn 0.3079 0.0000 0.9514
vn 0.2060 0.0000 0.9785
vn -0.3079 0.0000 -0.9514
vn -0.2023 0.0000 -0.9793
vn -0.2059 0.0000 -0.9785
vn 0.0000 1.0000 0.0030
vn -0.9178 0.0165 0.3966
vn 0.0000 0.9979 -0.0642
vn -0.3247 -0.0023 -0.9458
vn -0.3016 0.0030 -0.9534
vn -0.2992 0.0036 -0.9542
vn 0.2559 0.0151 0.9666
vn 0.1696 0.0404 0.9846
vn -0.1286 0.2936 -0.9472
vn -0.2598 0.0345 -0.9650
vn -0.1300 0.9807 0.1459
vn -0.1184 0.9813 0.1519
vn -0.3121 0.9489 0.0464
vn -0.9538 -0.0324 0.2986
vn 0.0000 0.9699 0.2433
vn 0.0000 0.0516 0.9987
vn 0.0758 0.9214 0.3811
vn 0.1487 0.9214 0.3590
vn 0.2159 0.9214 0.3231
vn 0.2747 0.9214 0.2747
vn 0.3231 0.9214 0.2159
vn 0.3590 0.9214 0.1487
vn 0.3811 0.9214 0.0758
vn 0.3886 0.9214 0.0000
vn 0.3811 0.9214 -0.0758
vn 0.3590 0.9214 -0.1487
vn 0.3231 0.9214 -0.2159
vn 0.2747 0.9214 -0.2747
vn 0.2276 0.9214 -0.3149
vn 0.2074 0.9215 -0.3282
vn -0.0926 0.9867 0.1338
vn -0.0936 0.9853 0.1430
vn -0.0558 0.9860 0.1572
vn -0.0532 0.9883 0.1432
vn 0.8314 -0.0102 -0.5555
vn 0.9238 -0.0102 -0.3826
vn 0.7071 -0.0102 -0.7071
vn 0.5687 -0.0141 -0.8224
vn 0.5708 -0.0169 -0.8209
vn 0.4986 -0.0198 -0.8666
vn 0.5021 -0.0338 -0.8641
vn 0.5031 -0.0252 -0.8639
vn 0.1951 -0.0102 0.9807
vn 0.3826 -0.0102 0.9238
vn 0.5555 -0.0102 0.8314
vn 0.7071 -0.0102 0.7071
vn 0.8314 -0.0102 0.5555
vn 0.9238 -0.0102 0.3826
vn 0.9807 -0.0102 0.1951
vn 0.9999 -0.0102 0.0000
vn 0.9807 -0.0102 -0.1951
vn -0.0097 0.9989 -0.0461
vn -0.0048 0.9989 -0.0462
vn -0.0125 0.9979 -0.0630
vn -0.0214 0.9989 -0.0411
vn -0.0158 0.9989 -0.0437
vn -0.0243 0.9980 -0.0586
vn -0.0269 0.9989 -0.0379
vn -0.0350 0.9980 -0.0527
vn -0.0324 0.9989 -0.0342
vn -0.0452 0.9980 -0.0445
vn -0.0400 0.9989 -0.0245
vn -0.0358 0.9989 -0.0295
vn -0.0522 0.9980 -0.0354
vn -0.0435 0.9989 -0.0189
vn -0.0593 0.9979 -0.0244
vn -0.0454 0.9989 -0.0126
vn -0.0615 0.9980 -0.0123
vn -0.0479 0.9988 0.0002
vn -0.0466 0.9989 -0.0065
vn -0.0641 0.9979 0.0001
vn -0.0616 0.9980 0.0125
vn -0.0467 0.9989 0.0064
vn -0.0454 0.9989 0.0129
vn -0.0408 0.9988 0.0255
vn -0.0441 0.9988 0.0187
vn -0.0590 0.9980 0.0240
vn -0.0523 0.9980 0.0356
vn -0.0450 0.9980 0.0443
vn -0.0326 0.9988 0.0351
vn -0.0370 0.9989 0.0296
vn -0.0080 0.9975 0.0703
vn -0.0120 0.9987 0.0493
vn -0.0085 0.9969 0.0779
vn -0.0054 0.9955 0.0943
vn -0.0030 0.9997 0.0256
vn -0.0523 0.9906 0.1266
vn 0.9276 0.0015 0.3735
vn 0.9263 -0.0253 0.3759
vn 0.9277 -0.0258 0.3724
vn 0.9262 -0.0016 0.3770
vn 0.9283 0.0305 0.3706
vn 0.9295 -0.0264 0.3678
vn 0.9235 -0.0032 0.3835
vn -0.0718 -0.9297 -0.3611
vn -0.1409 -0.9297 -0.3402
vn -0.2045 -0.9297 -0.3061
vn -0.2604 -0.9297 -0.2604
vn -0.3061 -0.9297 -0.2045
vn -0.3402 -0.9297 -0.1409
vn -0.3611 -0.9297 -0.0718
vn -0.3682 -0.9297 0.0000
vn -0.3611 -0.9297 0.0718
vn -0.3402 -0.9297 0.1409
vn -0.3061 -0.9297 0.2045
vn -0.2604 -0.9297 0.2604
vn -0.2045 -0.9297 0.3061
vn -0.1743 -0.9291 0.3261
vn 0.0464 -0.9858 -0.1615
vn 0.0311 -0.9856 -0.1662
vn 0.0299 -0.9857 -0.1660
vn 0.0437 -0.9861 -0.1602
vn 0.2903 0.0000 0.9569
vn -0.8314 0.0000 0.5556
vn -0.9239 0.0000 0.3827
vn -0.7071 0.0000 0.7071
vn -0.5556 0.0000 0.8314
vn -0.1951 0.0000 -0.9808
vn -0.3827 0.0000 -0.9239
vn -0.5556 0.0000 -0.8314
vn -0.7071 0.0000 -0.7071
vn -0.0914 0.9881 0.1234
vn -0.8314 0.0000 -0.5556
vn -0.9239 0.0000 -0.3827
vn -0.9808 0.0000 -0.1951
vn -1.0000 0.0000 0.0000
vn -0.9808 0.0000 0.1951
vn -0.3559 0.0056 0.9345
vn -0.3128 0.0039 0.9498
vn -0.3127 0.0047 0.9498
vn -0.3524 0.0041 0.9358
vn 0.0494 -0.9854 -0.1629
vn 0.0331 -0.9855 -0.1662
vn -0.9237 0.0001 -0.3831
vn -0.9238 0.0001 -0.3828
vn -0.9236 0.0000 -0.3833
vn -0.0009 -1.0000 -0.0003
vn -0.0010 -1.0000 -0.0003
vn -0.0020 -1.0000 -0.0005
vn -0.9237 0.0002 -0.3830
vn -0.9241 0.0000 -0.3820
vn -0.1814 0.3682 -0.9119
vn -0.3558 0.3682 -0.8590
vn -0.5165 0.3682 -0.7730
vn -0.6574 0.3682 -0.6574
vn -0.7730 0.3682 -0.5165
vn -0.8590 0.3682 -0.3558
vn -0.9119 0.3682 -0.1814
vn -0.9297 0.3682 0.0000
vn -0.9119 0.3682 0.1814
vn -0.8590 0.3682 0.3558
vn -0.7730 0.3682 0.5165
vn -0.6574 0.3682 0.6574
vn -0.5118 0.3827 0.7691
vn -0.5126 0.3825 0.7687
vn -0.3333 0.2025 0.9208
vn -0.3447 0.2242 0.9115
vn -0.3463 0.0088 0.9381
vn -0.3462 0.0088 0.9381
vn -0.3461 -0.1324 0.9288
vn -0.3486 -0.1296 0.9282
vn -0.1506 -0.2355 0.9601
vn -0.1513 -0.2358 0.9599
vn -0.0015 0.9999 -0.0081
vn -0.0032 0.9999 -0.0074
vn -0.0038 0.9999 -0.0078
vn -0.0069 0.9999 -0.0059
vn -0.0078 0.9999 -0.0052
vn -0.0101 0.9999 -0.0025
vn -0.0107 0.9999 0.0015
vn -0.0113 0.9999 0.0029
vn -0.0100 0.9999 0.0074
vn -0.0082 0.9999 0.0094
vn -0.0338 0.9994 -0.0053
vn 0.0222 0.9997 0.0120
vn 0.0343 0.9993 0.0147
vn 0.0328 0.9994 0.0142
vn 0.7730 0.0000 0.6344
vn 0.8819 0.0000 0.4714
vn 0.9734 0.0000 0.2291
vn 0.9952 0.0000 -0.0980
vn 0.9569 0.0000 -0.2903
vn 0.7730 0.0000 -0.6344
vn 0.6344 0.0000 -0.7730
vn 0.4122 0.0000 -0.9111
vn 0.3141 0.0000 -0.9494
vn 0.3086 0.0000 -0.9512
vn 0.1517 0.0000 -0.9884
vn 0.1498 0.0000 -0.9887
vn 0.0980 0.0000 0.9952
vn -0.2027 0.0025 0.9792
vn -0.2032 0.0049 0.9791
vn 0.3064 -0.0053 -0.9519
vn 0.3047 -0.0056 -0.9524
vn 0.1936 -0.0042 -0.9810
vn 0.1935 -0.0042 -0.9811
vn -0.9111 -0.0182 -0.4117
vn -0.0063 0.9985 0.0533
vn -0.0039 0.9987 0.0514
vn 0.0281 0.9996 0.0038
vn 0.5166 -0.0300 -0.8556
vn 0.5093 -0.0319 -0.8600
vn 0.5185 0.0000 -0.8551
vn 0.5142 0.0011 -0.8577
vn -0.0652 0.9930 0.0988
vn -0.2060 0.0000 0.9785
vn -0.3079 0.0000 0.9514
vn 0.3079 0.0000 -0.9514
vn 0.2059 0.0000 -0.9785
vn 0.2023 0.0000 -0.9793
vn 0.9178 0.0165 0.3966
vn 0.3247 -0.0023 -0.9458
vn 0.2992 0.0036 -0.9542
vn 0.3016 0.0030 -0.9534
vn -0.1696 0.0404 0.9846
vn -0.2559 0.0151 0.9666
vn 0.1286 0.2936 -0.9472
vn 0.2598 0.0345 -0.9650
vn 0.1300 0.9807 0.1459
vn 0.3121 0.9489 0.0464
vn 0.1184 0.9813 0.1519
vn 0.9538 -0.0324 0.2986
usemtl Color
s off
f 925/425/261 1101/426/261 565/427/261 567/428/261
f 972/429/262 576/430/262 609/431/262 923/432/262
f 571/433/263 574/434/263 608/435/263 573/436/263
f 986/437/264 570/438/264 572/439/264 987/440/264
f 1202/441/265 579/442/265 610/443/265 1136/444/265
f 611/445/266 578/446/266 581/447/266 582/448/266
f 1160/449/267 1188/450/267 580/451/267 577/452/267
f 1186/453/268 590/454/268 612/455/268 1162/456/268
f 585/457/269 586/458/269 613/459/269 589/460/269
f 1193/461/270 584/462/270 588/463/270 614/464/270
f 1146/465/271 591/466/271 1017/467/271 1066/468/271
f 615/469/272 596/470/272 593/471/272 600/472/272
f 594/473/273 991/474/273 927/475/273 592/476/273
f 928/477/274 628/478/274 926/479/274 616/480/274 993/481/274
f 538/482/275 638/483/275 629/484/275 617/485/275
f 963/486/276 961/487/276 575/488/276 542/489/276
f 1184/490/277 1088/491/277 549/492/277 964/493/277
f 587/494/278 547/495/278 540/496/278 548/497/278
f 978/498/279 541/499/279 546/500/279 980/501/279
f 976/502/280 974/503/280 551/504/280 981/505/280
f 536/506/281 544/507/281 553/508/281 597/509/281
f 1103/510/282 1085/511/282 543/512/282 537/513/282
f 1105/514/283 1165/515/283 561/516/283 599/517/283
f 550/518/284 558/519/284 603/520/284 557/521/284
f 1079/522/285 552/523/285 556/524/285 1028/525/285
f 1071/526/286 563/527/286 1027/528/286 1029/529/286
f 555/530/287 568/531/287 605/532/287 562/533/287
f 1052/534/288 554/535/288 560/536/288 1156/537/288
f 1056/538/289 566/539/289 606/540/289 1157/541/289
f 564/542/290 559/543/290 569/544/290 607/545/290
f 1230/546/291 1231/547/291 1245/548/291 1244/549/291 1141/550/291 1243/551/291 1242/552/291 1241/553/291 1240/554/291 1239/555/291 1238/556/291 1237/557/291 1236/558/291 1235/559/291 1234/560/291 1233/561/291 1232/562/291
f 652/563/292 653/564/292 657/565/292 663/566/292
f 643/567/293 644/568/293 659/569/293 670/570/293
f 651/571/294 652/563/294 663/566/294 662/572/294
f 642/573/295 643/567/295 670/570/295 661/574/295
f 650/575/296 651/571/296 662/572/296 669/576/296
f 641/577/297 642/573/297 661/574/297 665/578/297
f 649/579/298 650/575/298 669/576/298 668/580/298
f 644/568/299 645/581/299 666/582/299 659/569/299
f 653/564/300 654/583/300 658/584/300 657/565/300
f 645/581/301 646/585/301 656/586/301 666/582/301
f 646/585/302 647/587/302 664/588/302 656/586/302
f 647/587/303 648/589/303 660/590/303 664/588/303
f 654/583/304 1142/591/304 667/592/304 658/584/304
f 648/589/305 649/579/305 668/580/305 660/590/305
f 527/593/306 655/594/306 677/595/306 1246/596/306
f 1265/597/307 811/598/307 809/599/307 1437/600/307
f 1309/601/308 1263/602/308 853/603/308 820/604/308
f 815/605/309 817/606/309 852/607/309 818/608/309
f 1323/609/310 1324/610/310 816/611/310 814/612/310
f 1532/613/311 1468/614/311 854/615/311 823/616/311
f 855/617/312 826/618/312 825/619/312 822/620/312
f 1492/621/313 821/622/313 824/623/313 1518/624/313
f 1516/625/314 1494/626/314 856/627/314 834/628/314
f 829/629/315 833/630/315 857/631/315 830/632/315
f 1523/633/316 858/634/316 832/635/316 828/636/316
f 1478/637/317 1402/638/317 1354/639/317 835/640/317
f 859/641/318 844/642/318 837/643/318 840/644/318
f 838/645/319 836/646/319 1267/647/319 1328/648/319
f 1268/649/320 1330/650/320 860/651/320 1266/652/320 869/653/320
f 783/654/321 861/655/321 870/656/321 877/657/321
f 1300/658/322 786/659/322 819/660/322 1298/661/322
f 1514/662/323 1301/663/323 793/664/323 1424/665/323
f 831/666/324 792/667/324 784/668/324 791/669/324
f 1315/670/325 1317/671/325 790/672/325 785/673/325
f 1313/674/326 1318/675/326 795/676/326 1311/677/326
f 781/678/327 841/679/327 797/680/327 788/681/327
f 1439/682/328 782/683/328 787/684/328 1421/685/328
f 1441/686/329 843/687/329 805/688/329 1497/689/329
f 794/690/330 801/691/330 847/692/330 802/693/330
f 1415/694/331 1365/695/331 800/696/331 796/697/331
f 1407/698/332 1366/699/332 1364/700/332 807/701/332
f 799/702/333 806/703/333 849/704/333 812/705/333
f 1389/706/334 1488/707/334 804/708/334 798/709/334
f 1393/710/335 1489/711/335 850/712/335 810/713/335
f 808/714/336 851/715/336 813/716/336 803/717/336
f 1553/718/291 1554/719/291 1555/720/291 1556/721/291 1557/722/291 1558/723/291 1559/724/291 1560/725/291 1561/726/291 1562/727/291 1563/728/291 1564/729/291 1565/730/291 1473/731/291 1566/732/291 1245/548/291 1231/547/291
f 890/733/337 900/734/337 894/735/337 891/736/337
f 881/737/338 906/738/338 896/739/338 882/740/338
f 889/741/339 899/742/339 900/734/339 890/733/339
f 880/743/340 898/744/340 906/738/340 881/737/340
f 888/745/341 905/746/341 899/742/341 889/741/341
f 641/577/342 665/578/342 898/744/342 880/743/342
f 887/747/343 904/748/343 905/746/343 888/745/343
f 882/740/344 896/739/344 902/749/344 883/750/344
f 891/736/345 894/735/345 895/751/345 892/752/345
f 883/750/346 902/749/346 893/753/346 884/754/346
f 884/754/347 893/753/347 901/755/347 885/756/347
f 885/756/348 901/755/348 897/757/348 886/758/348
f 892/752/349 895/751/349 903/759/349 1474/760/349
f 886/758/350 897/757/350 904/748/350 887/747/350
f 776/761/351 1567/762/351 677/595/351 655/594/351
s 1
f 1211/763/352 1210/764/353 913/765/353 912/766/352
f 1210/764/353 989/767/354 973/768/354 913/765/353
f 989/767/354 990/769/355 417/770/355 973/768/354
f 990/769/355 1031/771/356 1065/772/356 417/770/355
f 1031/771/356 1075/773/357 1109/774/357 1065/772/356
f 1075/773/357 1114/775/358 1143/776/358 1109/774/357
f 1114/775/358 1163/777/359 1189/778/359 1143/776/358
f 1163/777/359 1194/779/360 914/780/360 1189/778/359
f 1194/779/360 930/781/361 915/782/361 914/780/360
f 930/781/361 931/783/362 982/784/362 915/782/361
f 931/783/362 995/785/363 1026/786/363 982/784/362
f 995/785/363 1032/787/364 1068/788/364 1026/786/363
f 1032/787/364 1077/789/365 1110/790/365 1068/788/364
f 1077/789/365 1113/791/366 1144/792/366 1110/790/365
f 1171/793/367 463/794/368 1116/795/369 1117/796/370
f 463/794/368 468/797/371 1119/798/372 1116/795/369
f 1037/799/373 983/800/373 918/801/373 920/802/373
f 440/803/374 439/804/375 1196/805/375 940/806/374
f 441/807/376 440/803/374 940/806/374 460/808/376
f 442/809/377 441/807/376 460/808/376 997/810/378
f 1112/811/379 955/812/380 958/813/381
f 429/814/382 430/815/383 1167/816/383 1166/817/382
f 431/818/384 429/814/382 1166/817/382 1168/819/384
f 432/820/385 431/818/384 1168/819/384 938/821/385
f 433/822/386 432/820/385 938/821/385 939/823/386
f 434/824/387 433/822/386 939/823/386 453/825/387
f 435/826/388 434/824/387 453/825/387 1035/827/388
f 436/828/389 435/826/388 1035/827/388 455/829/389
f 437/830/390 436/828/389 455/829/389 456/831/390
f 438/832/391 437/830/390 456/831/390 1169/833/391
f 439/804/375 438/832/391 1169/833/391 1196/805/375
f 1087/834/392 448/835/393 962/836/394
f 975/837/395 450/838/396 979/839/397
f 1084/840/398 451/841/399 975/837/395
f 1164/842/400 452/843/401 451/841/399 1084/840/398
f 1072/844/402 996/845/403 1078/846/404
f 1051/847/405 454/848/406 996/845/403 1072/844/402
f 1055/849/407 1086/850/408 454/848/406 1051/847/405
f 971/851/409 1115/852/410 1086/850/408 1100/853/411
f 457/854/412 1115/852/410 971/851/409 985/855/413
f 1201/856/414 457/854/412 985/855/413
f 1185/857/415 459/858/416 458/859/417 1187/860/418
f 941/861/419 1192/862/420 1147/863/421
f 634/864/422 941/861/419 1147/863/421 598/865/423
f 929/866/424 1224/867/425 1150/868/426
f 1216/869/427 1217/870/428 468/797/371 463/794/368
f 444/871/429 635/872/430 466/873/431 465/874/432
f 444/871/429 1145/875/433 443/876/433 960/877/433 635/878/430
f 635/878/430 1139/879/434 1137/880/435 466/881/431
f 1213/882/436 471/883/436 943/884/437 1212/885/437
f 1212/885/437 943/884/437 1042/886/438 1003/887/438
f 1003/887/438 1042/886/438 474/888/439 1004/889/439
f 1004/889/439 474/888/439 1093/890/440 1047/891/440
f 1047/891/440 1093/890/440 1120/892/441 1095/893/441
f 1095/893/441 1120/892/441 1172/894/442 1126/895/442
f 1126/895/442 1172/894/442 1197/896/443 1175/897/443
f 1175/897/443 1197/896/443 479/898/444 1198/899/444
f 1198/899/444 479/898/444 945/900/445 946/901/445
f 946/901/445 945/900/445 1002/902/446 947/903/446
f 947/903/446 1002/902/446 1046/904/447 1005/905/447
f 1005/905/447 1046/904/447 1094/906/448 1048/907/448
f 1048/907/448 1094/906/448 1121/908/449 1096/909/449
f 1096/909/449 1121/908/449 1173/910/450 1127/911/450
f 1182/912/451 1132/913/452 1131/914/453 521/915/454
f 521/915/454 1131/914/453 525/916/455 526/917/456
f 934/918/457 932/919/457 1041/920/457 1151/921/457
f 497/922/458 952/923/458 1200/924/459 496/925/459
f 498/926/460 953/927/460 952/923/458 497/922/458
f 499/928/461 1011/929/461 953/927/460 498/926/460
f 1128/930/462 1060/931/462 1011/929/461 499/928/461
f 486/932/463 506/933/463 1177/934/464 487/935/464
f 488/936/465 1178/937/465 506/933/463 486/932/463
f 489/938/466 950/939/466 1178/937/465 488/936/465
f 490/940/467 951/941/467 950/939/466 489/938/466
f 1171/793/367 1138/942/468 1216/869/427 463/794/368
f 491/943/469 1006/944/469 951/941/467 490/940/467
f 492/945/470 1057/946/470 1006/944/469 491/943/469
f 493/947/471 1099/948/471 1057/946/470 492/945/470
f 494/949/472 1129/950/472 1099/948/471 493/947/471
f 495/951/473 1179/952/473 1129/950/472 494/949/472
f 496/925/459 1200/924/459 1179/952/473 495/951/473
f 532/953/474 507/954/474 1176/955/474 583/956/474
f 1183/957/474 1176/955/474 508/958/474 595/959/474
f 977/960/474 508/958/474 509/961/474 1102/962/474
f 1102/962/474 509/961/474 510/963/474 1104/964/474
f 1104/964/474 510/963/474 604/965/474
f 1030/966/474 511/967/474 512/968/474 1155/969/474
f 1155/969/474 512/968/474 513/970/474 1158/971/474
f 924/972/474 513/970/474 514/973/474 922/974/474
f 922/974/474 514/973/474 515/975/474 988/976/474
f 988/976/474 515/975/474 516/977/474 1135/978/474
f 1159/979/474 516/977/474 517/980/474 1161/981/474
f 1016/982/474 1161/981/474 517/980/474
f 518/983/474 519/984/474 992/985/474 1067/986/474
f 519/984/474 520/987/474 994/988/474 992/985/474
f 1209/989/475 1250/990/476 620/991/477 639/992/478
f 1205/993/479 1182/912/451 521/915/454 625/994/480
f 625/994/480 521/915/454 526/917/456 627/995/481
f 501/996/482 523/997/483 524/998/470 1061/999/484
f 1218/1000/485 1206/1001/486 1208/1002/486 1214/1003/487
f 501/996/482 1061/1004/484 500/1005/488 485/1006/488
f 1061/1004/484 524/1007/470 626/1008/489 1140/1009/489 1019/1010/489
f 414/1011/490 415/1012/491 472/1013/491 942/1014/490
f 415/1012/491 416/1015/492 473/1016/492 472/1013/491
f 416/1015/492 1025/1017/493 1043/1018/493 473/1016/492
f 1025/1017/493 418/1019/494 475/1020/494 1043/1018/493
f 418/1019/494 419/1021/495 476/1022/495 475/1020/494
f 419/1021/495 420/1023/496 477/1024/496 476/1022/495
f 420/1023/496 421/1025/497 478/1026/497 477/1024/496
f 421/1025/497 422/1027/498 944/1028/498 478/1026/497
f 422/1027/498 423/1029/499 480/1030/499 944/1028/498
f 423/1029/499 424/1031/500 481/1032/500 480/1030/499
f 424/1031/500 425/1033/501 482/1034/501 481/1032/500
f 425/1033/501 426/1035/502 483/1036/502 482/1034/501
f 426/1035/502 427/1037/503 484/1038/504 483/1036/502
f 427/1037/503 428/1039/505 1174/1040/506 484/1038/504
f 1195/1041/507 1118/1042/508 1133/1043/509 1199/1044/510
f 464/1045/511 467/1046/512 1134/1047/512 522/1048/513
f 1118/1049/508 464/1045/511 522/1048/513 1133/1050/509
f 428/1039/505 1195/1041/507 1199/1044/510 1174/1040/506
f 962/836/394 528/1051/514 1130/1052/515 1092/1053/516
f 979/839/397 1087/834/392 1152/1054/517 1040/1055/517
f 1084/840/398 975/837/395 921/1056/518 919/1057/518
f 1164/842/400 1038/1058/519 1022/1059/519 1078/846/404
f 1123/1060/520 1049/1061/520 1051/847/405 1072/844/402
f 1054/1062/521 1100/853/411 1055/849/407 1034/1063/521
f 1059/1064/522 1097/1065/522 985/855/413 971/851/409
f 1187/860/418 1201/856/414 1082/1066/523 1080/1067/523
f 967/1068/524 965/1069/524 1192/862/420 1185/857/415
f 1000/1070/525 998/1071/525 598/865/423 1147/863/421
f 1069/1072/526 1076/1073/527 1224/867/425 929/866/424
f 1076/1073/527 936/1074/528 632/1075/529 1224/867/425
f 936/1074/528 937/1076/530 619/1077/530 632/1075/529
f 1090/1078/474 1111/1079/474 532/953/474 583/956/474
f 1183/957/474 595/959/474 933/1080/474 935/1081/474
f 1036/1082/474 977/960/474 1102/962/474 984/1083/474
f 1104/964/474 604/965/474 1024/1084/474 1045/1085/474
f 1125/1086/474 1030/966/474 1155/969/474 1153/1087/474
f 924/972/474 1012/1088/474 1014/1089/474 1158/971/474
f 1009/1090/474 922/974/474 988/976/474 1007/1091/474
f 1181/1092/474 1204/1093/474 1135/978/474 1159/979/474
f 1063/1094/474 1161/981/474 1016/982/474 970/1095/474
f 992/985/474 1107/1096/474 1073/1097/474 1067/986/474
f 1018/1098/474 1108/1099/474 1190/1100/474 994/988/474
f 504/1101/474 1108/1099/474 1018/1098/474 1020/1102/474
f 949/1103/474 504/1101/474 1020/1102/474 1064/1104/474
f 1044/1105/531 1023/1106/531 1021/1107/531 1039/1108/531
f 1050/1109/532 1122/1110/532 1124/1111/532 1154/1112/532
f 1013/1113/533 1053/1114/533 1033/1115/533 1015/1116/533
f 1098/1117/534 1058/1118/534 1010/1119/534 1008/1120/534
f 1081/1121/535 1083/1122/535 1203/1123/535 1180/1124/535
f 1062/1125/536 969/1126/536 966/1127/536 968/1128/536
f 999/1129/537 1001/1130/537 1074/1131/537 1106/1132/537
f 1191/1133/538 503/1134/539 637/1135/540 1070/1136/538
f 503/1134/539 948/1137/541 630/1138/542 637/1135/540
f 948/1137/541 505/1139/464 631/1140/464 630/1138/542
f 1091/1141/543 445/1142/544 502/1143/544 1089/1144/543
f 1215/1145/545 530/1146/546 618/1147/547 633/1148/548
f 530/1146/546 1209/989/475 639/992/478 618/1147/547
f 1207/1149/549 534/1150/550 623/1151/551 622/1152/552
f 534/1150/550 1219/1153/464 624/1154/464 623/1151/551
f 535/1155/474 1218/1000/485 1214/1003/487 531/1156/474
f 447/1157/553 1225/1158/553 1226/1159/553 956/1160/553
f 1227/1161/554 461/1162/555 916/1163/555 1228/1164/556
f 1149/1165/557 955/812/380 997/810/378
f 957/1166/558 954/1167/558 1148/1168/558 1170/1169/558
f 928/1170/559 926/1171/274 628/1172/560
f 602/1173/561 1227/1161/554 1228/1164/556 959/1174/561
f 618/1147/547 639/992/478 1229/1175/562 545/1176/563
f 621/1177/564 1222/1178/565 1220/1179/566 446/1180/564
f 461/1162/555 462/1181/567 917/1182/567 916/1163/555
f 1139/879/434 635/878/430 601/1183/568 636/1184/568
f 633/1148/548 618/1147/547 545/1176/563 539/1185/544
f 997/810/378 955/812/380 1112/811/379 442/809/377
f 1222/1178/565 1223/1186/464 1221/1187/464 1220/1179/566
f 962/836/394 448/835/393 449/1188/569 528/1051/514
f 979/839/397 450/838/396 448/835/393 1087/834/392
f 975/837/395 451/841/399 450/838/396
f 1078/846/404 996/845/403 452/843/401 1164/842/400
f 1086/850/408 1055/849/407 1100/853/411
f 457/854/412 1201/856/414 1187/860/418 458/859/417
f 1192/862/420 941/861/419 459/858/416 1185/857/415
f 1150/868/426 634/864/422 598/865/423 929/866/424
f 994/988/474 520/987/474 1018/1098/474
f 517/980/474 518/983/474 1067/986/474 1016/982/474
f 1135/978/474 516/977/474 1159/979/474
f 1158/971/474 513/970/474 924/972/474
f 604/965/474 510/963/474 511/967/474 1030/966/474
f 595/959/474 508/958/474 977/960/474
f 583/956/474 1176/955/474 1183/957/474
f 640/1189/570 673/1190/571 1247/1191/572 1207/1149/549 622/1152/552
f 1250/990/476 1251/1192/573 469/1193/574 620/991/477
f 527/1194/575 1246/1195/576 1247/1191/572 673/1190/571
f 675/1196/577 674/1197/578 1249/1198/579 1248/1199/579
f 533/1200/580 672/1201/580 671/1202/580 529/1203/580
f 675/1204/577 1253/1205/581 676/1206/581 674/1207/578
f 470/1208/582 469/1209/574 1251/1210/573 1252/1211/582
f 1211/763/352 912/766/352 1254/1212/583 1540/1213/583
f 1540/1213/583 1254/1212/583 1310/1214/584 1326/1215/584
f 1326/1215/584 1310/1214/584 680/1216/585 1327/1217/585
f 1327/1217/585 680/1216/585 1401/1218/586 1368/1219/586
f 1368/1219/586 1401/1218/586 1445/1220/587 1411/1221/587
f 1411/1221/587 1445/1220/587 1475/1222/588 1449/1223/588
f 1449/1223/588 1475/1222/588 1519/1224/589 1495/1225/589
f 1495/1225/589 1519/1224/589 1255/1226/590 1524/1227/590
f 1524/1227/590 1255/1226/590 1256/1228/591 1270/1229/591
f 1270/1229/591 1256/1228/591 1319/1230/592 1271/1231/592
f 1271/1231/592 1319/1230/592 1363/1232/593 1332/1233/593
f 1332/1233/593 1363/1232/593 1404/1234/594 1369/1235/594
f 1369/1235/594 1404/1234/594 1446/1236/595 1413/1237/595
f 1413/1237/595 1446/1236/595 1476/1238/596 1448/1239/596
f 1502/1240/597 1452/1241/598 1451/1242/599 722/1243/600
f 722/1243/600 1451/1242/599 1119/798/372 468/797/371
f 1374/1244/462 1260/1245/462 1258/1246/462 1320/1247/462
f 702/1248/601 1279/1249/601 1526/1250/602 701/1251/602
f 703/1252/603 720/1253/603 1279/1249/601 702/1248/601
f 704/1254/604 1334/1255/605 720/1253/603 703/1252/603
f 1447/1256/606 1295/1257/607 1292/1258/608
f 692/1259/609 1498/1260/609 1167/816/383 430/815/383
f 693/1261/610 1499/1262/610 1498/1260/609 692/1259/609
f 694/1263/611 1277/1264/611 1499/1262/610 693/1261/610
f 695/1265/612 1278/1266/612 1277/1264/611 694/1263/611
f 696/1267/613 713/1268/613 1278/1266/612 695/1265/612
f 697/1269/614 1372/1270/614 713/1268/613 696/1267/613
f 698/1271/615 715/1272/615 1372/1270/614 697/1269/614
f 699/1273/616 716/1274/616 715/1272/615 698/1271/615
f 700/1275/617 1500/1276/617 716/1274/616 699/1273/616
f 701/1251/602 1526/1250/602 1500/1276/617 700/1275/617
f 1423/1277/618 1299/1278/619 709/1279/620
f 1312/1280/621 1316/1281/622 710/1282/623
f 1420/1283/624 1312/1280/621 711/1284/625
f 1496/1285/626 1420/1283/624 711/1284/625 712/1286/627
f 1408/1287/628 1414/1288/629 1333/1289/630
f 1388/1290/631 1408/1287/628 1333/1289/630 714/1291/632
f 1392/1292/633 1388/1290/631 714/1291/632 1422/1293/634
f 1308/1294/635 1436/1295/636 1422/1293/634 1450/1296/637
f 717/1297/638 1322/1298/639 1308/1294/635 1450/1296/637
f 1531/1299/640 1322/1298/639 717/1297/638
f 1515/1300/641 1517/1301/642 718/1302/643 719/1303/644
f 1280/1304/645 1479/1305/646 1522/1306/647
f 873/1307/648 842/1308/649 1479/1305/646 1280/1304/645
f 1269/1309/650 1482/1310/651 1547/1311/652
f 1543/1312/653 722/1243/600 468/797/371 1217/870/428
f 706/1313/654 724/1314/655 725/1315/656 874/1316/657
f 706/1313/654 874/1317/657 1297/1318/658 705/1319/658 1477/1320/658
f 874/1317/657 725/1321/656 1469/1322/659 1471/1323/660
f 1213/882/436 1541/1324/661 1281/1325/661 471/883/436
f 1541/1324/661 1340/1326/662 1379/1327/662 1281/1325/661
f 1340/1326/662 1341/1328/663 729/1329/663 1379/1327/662
f 1341/1328/663 1384/1330/664 1429/1331/664 729/1329/663
f 1384/1330/664 1431/1332/665 1454/1333/665 1429/1331/664
f 1431/1332/665 1460/1334/666 1503/1335/666 1454/1333/665
f 1460/1334/666 1506/1336/667 1527/1337/667 1503/1335/666
f 1506/1336/667 1528/1338/668 734/1339/668 1527/1337/667
f 1528/1338/668 1284/1340/669 1283/1341/669 734/1339/668
f 1284/1340/669 1285/1342/670 1339/1343/670 1283/1341/669
f 1285/1342/670 1342/1344/671 1383/1345/671 1339/1343/670
f 1342/1344/671 1385/1346/672 1430/1347/672 1383/1345/671
f 1385/1346/672 1432/1348/673 1455/1349/673 1430/1347/672
f 1432/1348/673 1461/1350/674 1504/1351/674 1455/1349/673
f 1512/1352/675 772/1353/676 1464/1354/677 1465/1355/678
f 772/1353/676 526/917/456 525/916/455 1464/1354/677
f 1274/1356/679 1483/1357/679 1378/1358/679 1272/1359/679
f 751/1360/680 750/1361/681 1530/1362/681 1289/1363/680
f 752/1364/682 751/1360/680 1289/1363/680 1290/1365/682
f 753/1366/683 752/1364/682 1290/1365/682 1348/1367/683
f 1462/1368/373 753/1366/683 1348/1367/683 1397/1369/373
f 741/1370/684 487/935/464 1177/934/464 758/1371/684
f 742/1372/685 741/1370/684 758/1371/684 1508/1373/685
f 743/1374/686 742/1372/685 1508/1373/685 1287/1375/686
f 744/1376/687 743/1374/686 1287/1375/686 1288/1377/687
f 1502/1240/597 722/1243/600 1543/1312/653 1470/1378/688
f 745/1379/689 744/1376/687 1288/1377/687 1343/1380/689
f 746/1381/690 745/1379/689 1343/1380/689 1394/1382/690
f 747/1383/691 746/1381/690 1394/1382/690 1435/1384/691
f 748/1385/692 747/1383/691 1435/1384/691 1463/1386/692
f 749/1387/693 748/1385/692 1463/1386/692 1509/1388/693
f 750/1361/681 749/1387/693 1509/1388/693 1530/1362/681
f 532/953/474 827/1389/474 1507/1390/474 507/954/474
f 1513/1391/474 839/1392/474 759/1393/474 1507/1390/474
f 1314/1394/474 1438/1395/474 760/1396/474 759/1393/474
f 1438/1395/474 1440/1397/474 761/1398/474 760/1396/474
f 1440/1397/474 848/1399/474 761/1398/474
f 1367/1400/474 1487/1401/474 763/1402/474 762/1403/474
f 1487/1401/474 1490/1404/474 764/1405/474 763/1402/474
f 1264/1406/474 1262/1407/474 765/1408/474 764/1405/474
f 1262/1407/474 1325/1409/474 766/1410/474 765/1408/474
f 1325/1409/474 1467/1411/474 767/1412/474 766/1410/474
f 1491/1413/474 1493/1414/474 768/1415/474 767/1412/474
f 1353/1416/474 768/1415/474 1493/1414/474
f 769/1417/474 1403/1418/474 1329/1419/474 770/1420/474
f 770/1420/474 1329/1419/474 1331/1421/474 771/1422/474
f 1539/1423/694 878/1424/695 863/1425/696 1571/1426/697
f 1535/1427/698 867/1428/699 772/1353/676 1512/1352/675
f 867/1428/699 627/995/481 526/917/456 772/1353/676
f 755/1429/700 1398/1430/701 775/1431/690 774/1432/702
f 1544/1433/703 1542/1434/704 1538/1435/705 1536/1436/705
f 755/1429/700 740/1437/706 754/1438/706 1398/1439/701
f 1398/1439/701 1356/1440/707 1472/1441/707 868/1442/707 775/1443/690
f 414/1011/490 942/1014/490 727/1444/708 678/1445/708
f 678/1445/708 727/1444/708 728/1446/709 679/1447/709
f 679/1447/709 728/1446/709 1380/1448/710 1362/1449/710
f 1362/1449/710 1380/1448/710 730/1450/711 681/1451/711
f 681/1451/711 730/1450/711 731/1452/712 682/1453/712
f 682/1453/712 731/1452/712 732/1454/713 683/1455/713
f 683/1455/713 732/1454/713 733/1456/714 684/1457/714
f 684/1457/714 733/1456/714 1282/1458/715 685/1459/715
f 685/1459/715 1282/1458/715 735/1460/716 686/1461/716
f 686/1461/716 735/1460/716 736/1462/717 687/1463/717
f 687/1463/717 736/1462/717 737/1464/718 688/1465/718
f 688/1465/718 737/1464/718 738/1466/719 689/1467/719
f 689/1467/719 738/1466/719 739/1468/720 690/1469/721
f 690/1469/721 739/1468/720 1505/1470/722 691/1471/723
f 1525/1472/724 1529/1473/725 1466/1474/726 1453/1475/727
f 723/1476/728 773/1477/729 1134/1047/512 467/1046/512
f 1453/1478/727 1466/1479/726 773/1477/729 723/1476/728
f 691/1471/723 1505/1470/722 1529/1473/725 1525/1472/724
f 1299/1278/619 1428/1480/730 1130/1052/515 528/1051/514
f 1316/1281/622 1377/1481/731 1484/1482/731 1423/1277/618
f 1420/1283/624 1259/1483/732 1261/1484/732 1312/1280/621
f 1496/1285/626 1414/1288/629 1359/1485/733 1375/1486/733
f 1457/1487/734 1408/1287/628 1388/1290/631 1386/1488/734
f 1391/1489/735 1371/1490/735 1392/1292/633 1436/1295/636
f 1396/1491/736 1308/1294/635 1322/1298/639 1433/1492/736
f 1517/1301/642 1416/1493/737 1418/1494/737 1531/1299/640
f 1304/1495/738 1515/1300/641 1522/1306/647 1302/1496/738
f 1337/1497/739 1479/1305/646 842/1308/649 1335/1498/739
f 1405/1499/740 1269/1309/650 1547/1311/652 1412/1500/741
f 1412/1500/741 1547/1311/652 872/1501/742 1276/1502/743
f 1276/1502/743 872/1501/742 619/1077/530 937/1076/530
f 1426/1503/474 827/1389/474 532/953/474 1111/1079/474
f 1513/1391/474 1275/1504/474 1273/1505/474 839/1392/474
f 1373/1506/474 1321/1507/474 1438/1395/474 1314/1394/474
f 1440/1397/474 1382/1508/474 1361/1509/474 848/1399/474
f 1459/1510/474 1485/1511/474 1487/1401/474 1367/1400/474
f 1264/1406/474 1490/1404/474 1351/1512/474 1349/1513/474
f 1346/1514/474 1344/1515/474 1325/1409/474 1262/1407/474
f 1511/1516/474 1491/1413/474 1467/1411/474 1534/1517/474
f 1400/1518/474 1307/1519/474 1353/1416/474 1493/1414/474
f 1329/1419/474 1403/1418/474 1409/1520/474 1443/1521/474
f 1355/1522/474 1331/1421/474 1520/1523/474 1444/1524/474
f 757/1525/474 1357/1526/474 1355/1522/474 1444/1524/474
f 949/1103/474 1064/1104/474 1357/1526/474 757/1525/474
f 1381/1527/744 1376/1528/744 1358/1529/744 1360/1530/744
f 1387/1531/745 1486/1532/745 1458/1533/745 1456/1534/745
f 1350/1535/746 1352/1536/746 1370/1537/746 1390/1538/746
f 1434/1539/747 1345/1540/747 1347/1541/747 1395/1542/747
f 1417/1543/748 1510/1544/748 1533/1545/748 1419/1546/748
f 1399/1547/749 1305/1548/749 1303/1549/749 1306/1550/749
f 1336/1551/750 1442/1552/750 1410/1553/750 1338/1554/750
f 1521/1555/751 1406/1556/751 876/1557/752 756/1558/753
f 756/1558/753 876/1557/752 871/1559/754 1286/1560/755
f 1286/1560/755 871/1559/754 631/1140/464 505/1139/464
f 1427/1561/756 1425/1562/756 502/1143/544 445/1142/544
f 1215/1145/545 633/1148/548 862/1563/757 778/1564/758
f 778/1564/758 862/1563/757 878/1424/695 1539/1423/694
f 1537/1565/759 865/1566/760 866/1567/761 780/1568/762
f 780/1568/762 866/1567/761 624/1154/464 1219/1153/464
f 535/1155/474 531/1156/474 1542/1434/704 1544/1433/703
f 708/1569/763 1293/1570/763 1549/1571/763 1548/1572/763
f 1550/1573/764 1551/1574/765 1257/1575/766 721/1576/766
f 1481/1577/767 1334/1255/605 1292/1258/608
f 1294/1578/768 1501/1579/768 1480/1580/768 1291/1581/768
f 1268/1582/769 869/1583/770 1266/1584/320
f 846/1585/771 1296/1586/771 1551/1574/765 1550/1573/764
f 862/1563/757 789/1587/772 1552/1588/773 878/1424/695
f 864/1589/774 707/1590/774 1545/1591/775 1546/1592/776
f 721/1576/766 1257/1575/766 917/1182/567 462/1181/567
f 1471/1323/660 875/1593/777 845/1594/777 874/1317/657
f 633/1148/548 539/1185/544 789/1587/772 862/1563/757
f 1334/1255/605 704/1254/604 1447/1256/606 1292/1258/608
f 1546/1592/776 1545/1591/775 1221/1187/464 1223/1186/464
f 1299/1278/619 528/1051/514 449/1188/569 709/1279/620
f 1316/1281/622 1423/1277/618 709/1279/620 710/1282/623
f 1312/1280/621 710/1282/623 711/1284/625
f 1414/1288/629 1496/1285/626 712/1286/627 1333/1289/630
f 1422/1293/634 1436/1295/636 1392/1292/633
f 717/1297/638 718/1302/643 1517/1301/642 1531/1299/640
f 1522/1306/647 1515/1300/641 719/1303/644 1280/1304/645
f 1482/1310/651 1269/1309/650 842/1308/649 873/1307/648
f 1331/1421/474 1355/1522/474 771/1422/474
f 768/1415/474 1353/1416/474 1403/1418/474 769/1417/474
f 1467/1411/474 1491/1413/474 767/1412/474
f 1490/1404/474 1264/1406/474 764/1405/474
f 848/1399/474 1367/1400/474 762/1403/474 761/1398/474
f 839/1392/474 1314/1394/474 759/1393/474
f 827/1389/474 1513/1391/474 1507/1390/474
f 879/1595/778 865/1566/760 1537/1565/759 1568/1596/779 909/1597/780
f 1571/1426/697 863/1425/696 726/1598/781 1572/1599/782
f 776/1600/783 909/1597/780 1568/1596/779 1567/1601/784
f 911/1602/785 1569/1603/786 1570/1604/786 910/1605/787
f 779/1606/788 777/1607/788 907/1608/788 908/1609/788
f 911/1610/785 910/1611/787 676/1206/581 1253/1205/581
f 470/1208/582 1252/1211/582 1572/1612/782 726/1613/781
o Cylinder.002
v 0.094375 2.079909 -0.474456
v -0.000000 2.078637 -0.558919
v 0.213889 2.078637 -0.516374
v 0.268758 2.079909 -0.402224
v 0.395216 2.078637 -0.395216
v 0.402224 2.079909 -0.268758
v 0.516374 2.078637 -0.213889
v 0.474456 2.079909 -0.094375
v 0.558919 2.078637 0.000000
v 0.474456 2.079909 0.094375
v 0.516374 2.078637 0.213889
v 0.402224 2.079909 0.268758
v 0.395216 2.078637 0.395216
v 0.268758 2.079909 0.402224
v 0.213889 2.078637 0.516374
v 0.094375 2.079909 0.474456
v -0.000000 2.078637 0.558919
v -0.094375 2.079909 0.474456
v -0.213889 2.078637 0.516374
v -0.268758 2.079909 0.402224
v -0.395216 2.078637 0.395216
v -0.402224 2.079909 0.268758
v -0.516374 2.078637 0.213889
v -0.474456 2.079909 0.094375
v -0.558919 2.078637 -0.000000
v -0.474456 2.079909 -0.094375
v -0.516374 2.078637 -0.213889
v -0.402224 2.079909 -0.268758
v -0.395216 2.078637 -0.395216
v -0.268758 2.079909 -0.402224
v -0.213889 2.078637 -0.516374
v -0.094375 2.079909 -0.474456
v 0.086543 2.294252 -0.435081
v -0.000000 2.294983 -0.512210
v 0.196014 2.294983 -0.473220
v 0.246454 2.294252 -0.368844
v 0.362187 2.294983 -0.362187
v 0.368844 2.294252 -0.246454
v 0.473220 2.294983 -0.196014
v 0.435081 2.294252 -0.086543
v 0.512210 2.294983 0.000000
v 0.435081 2.294252 0.086543
v 0.473220 2.294983 0.196014
v 0.368844 2.294252 0.246454
v 0.362187 2.294983 0.362187
v 0.246454 2.294252 0.368844
v 0.196014 2.294983 0.473220
v 0.086543 2.294252 0.435081
v -0.000000 2.294983 0.512210
v -0.086543 2.294252 0.435081
v -0.196014 2.294983 0.473220
v -0.246454 2.294252 0.368844
v -0.362187 2.294983 0.362187
v -0.368844 2.294252 0.246454
v -0.473220 2.294983 0.196015
v -0.435081 2.294252 0.086543
v -0.512210 2.294983 -0.000000
v -0.435081 2.294252 -0.086543
v -0.473220 2.294983 -0.196015
v -0.368844 2.294252 -0.246454
v -0.362187 2.294983 -0.362187
v -0.246454 2.294252 -0.368844
v -0.196014 2.294983 -0.473220
v -0.086543 2.294252 -0.435081
v 0.010397 2.877689 -0.052269
v -0.000000 2.876675 -0.061022
v 0.023352 2.876675 -0.056377
v 0.029608 2.877689 -0.044312
v 0.043149 2.876675 -0.043149
v 0.044312 2.877689 -0.029608
v 0.056376 2.876675 -0.023352
v 0.052269 2.877689 -0.010397
v 0.061022 2.876675 0.000000
v 0.052269 2.877689 0.010397
v 0.056376 2.876675 0.023352
v 0.044312 2.877689 0.029608
v 0.043149 2.876675 0.043149
v 0.029608 2.877689 0.044312
v 0.023352 2.876675 0.056377
v 0.010397 2.877689 0.052269
v -0.000000 2.876675 0.061022
v -0.010397 2.877689 0.052269
v -0.023352 2.876675 0.056377
v -0.029608 2.877689 0.044312
v -0.043149 2.876675 0.043149
v -0.044312 2.877689 0.029608
v -0.056377 2.876675 0.023352
v -0.052269 2.877689 0.010397
v -0.061022 2.876675 0.000000
v -0.052269 2.877689 -0.010397
v -0.056377 2.876675 -0.023352
v -0.044312 2.877689 -0.029608
v -0.043149 2.876675 -0.043149
v -0.029608 2.877689 -0.044312
v -0.023352 2.876675 -0.056377
v -0.010397 2.877689 -0.052269
v -0.336796 2.392244 0.225040
v -0.295940 2.489077 0.197740
v -0.246368 2.585467 0.164618
v -0.188913 2.681174 0.126227
v -0.125929 2.777138 0.084143
v -0.158505 2.778382 0.065654
v -0.239810 2.682748 0.099333
v -0.314362 2.586892 0.130212
v -0.378611 2.490424 0.156826
v -0.431573 2.393465 0.178764
v 0.467132 2.393465 0.000000
v 0.409805 2.490424 0.000000
v 0.340263 2.586892 0.000000
v 0.259569 2.682748 0.000000
v 0.171564 2.778382 0.000000
v 0.148543 2.777138 0.029546
v 0.222838 2.681174 0.044325
v 0.290611 2.585467 0.057806
v 0.349085 2.489077 0.069437
v 0.397278 2.392244 0.079024
v -0.148543 2.777138 0.029546
v -0.222838 2.681174 0.044325
v -0.290611 2.585467 0.057806
v -0.349085 2.489077 0.069438
v -0.397278 2.392244 0.079024
v 0.158505 2.778382 0.065654
v 0.239810 2.682748 0.099333
v 0.314362 2.586892 0.130212
v 0.378611 2.490424 0.156826
v 0.431573 2.393465 0.178764
v -0.171564 2.778382 0.000000
v -0.259569 2.682748 -0.000000
v -0.340263 2.586892 -0.000000
v -0.409805 2.490424 -0.000000
v -0.467132 2.393465 -0.000000
v 0.125929 2.777138 0.084143
v 0.188912 2.681174 0.126227
v 0.246368 2.585467 0.164618
v 0.295940 2.489077 0.197740
v 0.336796 2.392244 0.225040
v -0.148543 2.777138 -0.029546
v -0.222838 2.681174 -0.044325
v -0.290611 2.585467 -0.057806
v -0.349085 2.489077 -0.069437
v -0.397278 2.392244 -0.079024
v 0.121314 2.778382 0.121315
v 0.183543 2.682748 0.183543
v 0.240602 2.586892 0.240602
v 0.289776 2.490424 0.289776
v 0.330312 2.393465 0.330312
v -0.158505 2.778382 -0.065654
v -0.239810 2.682748 -0.099333
v -0.314362 2.586892 -0.130212
v -0.378611 2.490424 -0.156826
v -0.431573 2.393465 -0.178764
v 0.084143 2.777138 0.125929
v 0.126227 2.681174 0.188913
v 0.164617 2.585467 0.246368
v 0.197740 2.489077 0.295940
v 0.225040 2.392244 0.336796
v -0.125929 2.777138 -0.084143
v -0.188913 2.681174 -0.126227
v -0.246368 2.585467 -0.164618
v -0.295940 2.489077 -0.197740
v -0.336796 2.392244 -0.225040
v 0.065654 2.778382 0.158505
v 0.099333 2.682748 0.239810
v 0.130212 2.586892 0.314362
v 0.156825 2.490424 0.378611
v 0.178764 2.393465 0.431573
v -0.000000 2.393465 -0.467132
v -0.000000 2.490424 -0.409805
v -0.000000 2.586892 -0.340263
v -0.000000 2.682748 -0.259569
v -0.000000 2.778382 -0.171564
v 0.029546 2.777138 -0.148543
v 0.044325 2.681174 -0.222838
v 0.057806 2.585467 -0.290611
v 0.069437 2.489077 -0.349085
v 0.079024 2.392244 -0.397278
v -0.121315 2.778382 -0.121315
v -0.183543 2.682748 -0.183543
v -0.240602 2.586892 -0.240602
v -0.289776 2.490424 -0.289776
v -0.330312 2.393465 -0.330312
v 0.029546 2.777138 0.148543
v 0.044325 2.681174 0.222838
v 0.057806 2.585467 0.290611
v 0.069437 2.489077 0.349085
v 0.079024 2.392244 0.397278
v 0.065654 2.778382 -0.158505
v 0.099333 2.682748 -0.239810
v 0.130212 2.586892 -0.314362
v 0.156825 2.490424 -0.378611
v 0.178764 2.393465 -0.431573
v -0.084143 2.777138 -0.125929
v -0.126227 2.681174 -0.188913
v -0.164618 2.585467 -0.246368
v -0.197740 2.489077 -0.295940
v -0.225040 2.392244 -0.336796
v -0.000000 2.778382 0.171564
v -0.000000 2.682748 0.259569
v -0.000000 2.586892 0.340263
v -0.000000 2.490424 0.409805
v -0.000000 2.393465 0.467132
v 0.084143 2.777138 -0.125929
v 0.126227 2.681174 -0.188913
v 0.164618 2.585467 -0.246368
v 0.197740 2.489077 -0.295940
v 0.225040 2.392244 -0.336796
v -0.065654 2.778382 -0.158505
v -0.099333 2.682748 -0.239810
v -0.130213 2.586892 -0.314362
v -0.156826 2.490424 -0.378611
v -0.178764 2.393465 -0.431573
v -0.029547 2.777138 0.148543
v -0.044325 2.681174 0.222838
v -0.057806 2.585467 0.290611
v -0.069437 2.489077 0.349085
v -0.079024 2.392244 0.397278
v 0.121314 2.778382 -0.121315
v 0.183543 2.682748 -0.183543
v 0.240602 2.586892 -0.240602
v 0.289776 2.490424 -0.289776
v 0.330312 2.393465 -0.330312
v -0.029547 2.777138 -0.148543
v -0.044325 2.681174 -0.222838
v -0.057806 2.585467 -0.290611
v -0.069437 2.489077 -0.349085
v -0.079024 2.392244 -0.397278
v -0.065654 2.778382 0.158505
v -0.099333 2.682748 0.239810
v -0.130212 2.586892 0.314362
v -0.156826 2.490424 0.378611
v -0.178764 2.393465 0.431574
v 0.125929 2.777138 -0.084143
v 0.188912 2.681174 -0.126227
v 0.246368 2.585467 -0.164618
v 0.295940 2.489077 -0.197740
v 0.336796 2.392244 -0.225040
v -0.084143 2.777138 0.125929
v -0.126227 2.681174 0.188913
v -0.164618 2.585467 0.246368
v -0.197740 2.489077 0.295940
v -0.225040 2.392244 0.336796
v 0.158505 2.778382 -0.065654
v 0.239810 2.682748 -0.099333
v 0.314362 2.586892 -0.130212
v 0.378611 2.490424 -0.156826
v 0.431573 2.393465 -0.178764
v -0.121315 2.778382 0.121315
v -0.183543 2.682748 0.183543
v -0.240602 2.586892 0.240602
v -0.289776 2.490424 0.289776
v -0.330312 2.393465 0.330312
v 0.148543 2.777138 -0.029546
v 0.222838 2.681174 -0.044325
v 0.290611 2.585467 -0.057806
v 0.349085 2.489077 -0.069437
v 0.397278 2.392244 -0.079024
v -0.088454 2.825468 0.059103
v 0.118771 2.826960 0.000000
v -0.000000 2.826960 -0.118771
v -0.109730 2.826960 0.045452
v 0.104339 2.825468 0.020753
v -0.104338 2.825468 0.020753
v 0.109730 2.826960 0.045452
v -0.118771 2.826960 0.000000
v 0.088454 2.825468 0.059103
v -0.104339 2.825468 -0.020753
v 0.083984 2.826960 0.083984
v -0.109730 2.826960 -0.045452
v 0.059103 2.825468 0.088454
v -0.088454 2.825468 -0.059103
v 0.045452 2.826960 0.109730
v 0.020753 2.825468 -0.104338
v -0.083984 2.826960 -0.083984
v 0.020753 2.825468 0.104338
v 0.045452 2.826960 -0.109730
v -0.059103 2.825468 -0.088454
v -0.000000 2.826960 0.118771
v 0.059103 2.825468 -0.088454
v -0.045452 2.826960 -0.109730
v -0.020754 2.825468 0.104338
v 0.083984 2.826960 -0.083984
v -0.020754 2.825468 -0.104338
v -0.045452 2.826960 0.109730
v 0.088454 2.825468 -0.059103
v -0.059103 2.825468 0.088454
v 0.109730 2.826960 -0.045452
v -0.083984 2.826960 0.083984
v 0.104339 2.825468 -0.020753
v -0.000000 2.898386 0.000000
v 0.265968 2.106719 0.398049
v 0.211653 2.105698 0.510976
v -0.000000 2.105698 -0.553077
v 0.093395 2.106719 -0.469531
v -0.398049 2.106719 -0.265968
v -0.391085 2.105698 -0.391085
v 0.093395 2.106719 0.469531
v 0.211653 2.105698 -0.510976
v -0.265968 2.106719 -0.398049
v -0.000000 2.105698 0.553077
v 0.265968 2.106719 -0.398049
v -0.211653 2.105698 -0.510976
v -0.093395 2.106719 0.469531
v 0.391085 2.105698 -0.391085
v -0.093395 2.106719 -0.469531
v -0.211653 2.105698 0.510976
v 0.398049 2.106719 -0.265968
v -0.265968 2.106719 0.398049
v 0.510976 2.105698 -0.211653
v -0.391085 2.105698 0.391085
v 0.469531 2.106719 -0.093395
v -0.398049 2.106719 0.265968
v 0.553076 2.105698 0.000000
v -0.510976 2.105698 0.211653
v 0.469531 2.106719 0.093395
v -0.469531 2.106719 0.093395
v 0.510976 2.105698 0.211653
v -0.553077 2.105698 -0.000000
v 0.398049 2.106719 0.265968
v -0.469531 2.106719 -0.093395
v 0.391085 2.105698 0.391085
v -0.510976 2.105698 -0.211653
v 0.143998 2.078637 0.720642
v 0.188332 2.078637 0.706331
v -0.000000 2.078637 0.733746
v -0.143998 2.078637 0.720642
v -0.188332 2.078637 0.706331
v 0.186363 2.105698 0.706331
v 0.142503 2.105698 0.720642
v -0.000000 2.105698 0.733746
v -0.142503 2.105698 0.720642
v -0.186363 2.105698 0.706331
v 0.094375 2.079909 -0.474456
v 0.094375 2.079909 -0.474456
v -0.000000 2.078637 -0.558919
v -0.000000 2.078637 -0.558919
v 0.213889 2.078637 -0.516374
v 0.213889 2.078637 -0.516374
v 0.268758 2.079909 -0.402224
v 0.268758 2.079909 -0.402224
v 0.395216 2.078637 -0.395216
v 0.395216 2.078637 -0.395216
v 0.402224 2.079909 -0.268758
v 0.402224 2.079909 -0.268758
v 0.516374 2.078637 -0.213889
v 0.516374 2.078637 -0.213889
v 0.474456 2.079909 -0.094375
v 0.474456 2.079909 -0.094375
v 0.558919 2.078637 0.000000
v 0.558919 2.078637 0.000000
v 0.474456 2.079909 0.094375
v 0.474456 2.079909 0.094375
v 0.516374 2.078637 0.213889
v 0.516374 2.078637 0.213889
v 0.402224 2.079909 0.268758
v 0.402224 2.079909 0.268758
v 0.395216 2.078637 0.395216
v 0.395216 2.078637 0.395216
v 0.268758 2.079909 0.402224
v 0.268758 2.079909 0.402224
v 0.213889 2.078637 0.516374
v -0.268758 2.079909 0.402224
v -0.268758 2.079909 0.402224
v -0.213889 2.078637 0.516374
v -0.395216 2.078637 0.395216
v -0.395216 2.078637 0.395216
v -0.402224 2.079909 0.268758
v -0.402224 2.079909 0.268758
v -0.516374 2.078637 0.213889
v -0.516374 2.078637 0.213889
v -0.474456 2.079909 0.094375
v -0.474456 2.079909 0.094375
v -0.558919 2.078637 -0.000000
v -0.558919 2.078637 -0.000000
v -0.474456 2.079909 -0.094375
v -0.474456 2.079909 -0.094375
v -0.516374 2.078637 -0.213889
v -0.516374 2.078637 -0.213889
v -0.402224 2.079909 -0.268758
v -0.402224 2.079909 -0.268758
v -0.395216 2.078637 -0.395216
v -0.395216 2.078637 -0.395216
v -0.268758 2.079909 -0.402224
v -0.268758 2.079909 -0.402224
v -0.213889 2.078637 -0.516374
v -0.213889 2.078637 -0.516374
v -0.094375 2.079909 -0.474456
v -0.094375 2.079909 -0.474456
v 0.265968 2.106719 0.398049
v 0.246454 2.294252 0.368844
v -0.000000 2.105698 -0.553077
v -0.000000 2.294983 -0.512210
v 0.093395 2.106719 -0.469531
v -0.398049 2.106719 -0.265968
v -0.368844 2.294252 -0.246454
v -0.391085 2.105698 -0.391085
v -0.188332 2.078637 0.706331
v -0.188332 2.078637 0.706331
v 0.211653 2.105698 -0.510976
v -0.265968 2.106719 -0.398049
v 0.265968 2.106719 -0.398049
v -0.211653 2.105698 -0.510976
v 0.391085 2.105698 -0.391085
v -0.093395 2.106719 -0.469531
v 0.398049 2.106719 -0.265968
v -0.265968 2.106719 0.398049
v 0.510976 2.105698 -0.211653
v -0.391085 2.105698 0.391085
v 0.469531 2.106719 -0.093395
v -0.398049 2.106719 0.265968
v 0.553076 2.105698 0.000000
v -0.510976 2.105698 0.211653
v 0.469531 2.106719 0.093395
v -0.469531 2.106719 0.093395
v 0.510976 2.105698 0.211653
v -0.553077 2.105698 -0.000000
v 0.398049 2.106719 0.265968
v -0.469531 2.106719 -0.093395
v 0.391085 2.105698 0.391085
v -0.510976 2.105698 -0.211653
v -0.088454 2.825468 0.059103
v -0.431573 2.393465 0.178764
v -0.473220 2.294983 0.196015
v 0.118771 2.826960 0.000000
v 0.397278 2.392244 0.079024
v 0.435081 2.294252 0.086543
v -0.397278 2.392244 0.079024
v -0.435081 2.294252 0.086543
v 0.431573 2.393465 0.178764
v 0.473220 2.294983 0.196014
v -0.467132 2.393465 -0.000000
v -0.512210 2.294983 -0.000000
v 0.336796 2.392244 0.225040
v 0.368844 2.294252 0.246454
v -0.397278 2.392244 -0.079024
v -0.435081 2.294252 -0.086543
v 0.330312 2.393465 0.330312
v 0.362187 2.294983 0.362187
v -0.431573 2.393465 -0.178764
v -0.473220 2.294983 -0.196015
v 0.225040 2.392244 0.336796
v -0.336796 2.392244 -0.225040
v 0.178764 2.393465 0.431573
v 0.196014 2.294983 0.473220
v -0.000000 2.826960 -0.118771
v 0.079024 2.392244 -0.397278
v 0.086543 2.294252 -0.435081
v -0.330312 2.393465 -0.330312
v -0.362187 2.294983 -0.362187
v 0.079024 2.392244 0.397278
v 0.086543 2.294252 0.435081
v 0.178764 2.393465 -0.431573
v 0.196014 2.294983 -0.473220
v -0.225040 2.392244 -0.336796
v -0.246454 2.294252 -0.368844
v -0.000000 2.393465 0.467132
v -0.000000 2.294983 0.512210
v 0.225040 2.392244 -0.336796
v 0.246454 2.294252 -0.368844
v -0.178764 2.393465 -0.431573
v -0.196014 2.294983 -0.473220
v -0.079024 2.392244 0.397278
v -0.086543 2.294252 0.435081
v 0.330312 2.393465 -0.330312
v 0.362187 2.294983 -0.362187
v -0.079024 2.392244 -0.397278
v -0.086543 2.294252 -0.435081
v -0.178764 2.393465 0.431574
v -0.196014 2.294983 0.473220
v 0.336796 2.392244 -0.225040
v 0.368844 2.294252 -0.246454
v -0.225040 2.392244 0.336796
v -0.246454 2.294252 0.368844
v 0.431573 2.393465 -0.178764
v 0.473220 2.294983 -0.196014
v -0.330312 2.393465 0.330312
v -0.362187 2.294983 0.362187
v 0.397278 2.392244 -0.079024
v 0.435081 2.294252 -0.086543
v -0.368844 2.294252 0.246454
v -0.336796 2.392244 0.225040
v -0.295940 2.489077 0.197740
v -0.246368 2.585467 0.164618
v -0.188913 2.681174 0.126227
v -0.125929 2.777138 0.084143
v -0.109730 2.826960 0.045452
v -0.158505 2.778382 0.065654
v -0.239810 2.682748 0.099333
v -0.314362 2.586892 0.130212
v -0.378611 2.490424 0.156826
v 0.512210 2.294983 0.000000
v 0.467132 2.393465 0.000000
v 0.409805 2.490424 0.000000
v 0.340263 2.586892 0.000000
v 0.259569 2.682748 0.000000
v 0.171564 2.778382 0.000000
v 0.104339 2.825468 0.020753
v 0.148543 2.777138 0.029546
v 0.222838 2.681174 0.044325
v 0.290611 2.585467 0.057806
v 0.349085 2.489077 0.069437
v -0.104338 2.825468 0.020753
v -0.148543 2.777138 0.029546
v -0.222838 2.681174 0.044325
v -0.290611 2.585467 0.057806
v -0.349085 2.489077 0.069438
v 0.109730 2.826960 0.045452
v 0.158505 2.778382 0.065654
v 0.239810 2.682748 0.099333
v 0.314362 2.586892 0.130212
v 0.378611 2.490424 0.156826
v -0.118771 2.826960 0.000000
v -0.171564 2.778382 0.000000
v -0.259569 2.682748 -0.000000
v -0.340263 2.586892 -0.000000
v -0.409805 2.490424 -0.000000
v 0.088454 2.825468 0.059103
v 0.125929 2.777138 0.084143
v 0.188912 2.681174 0.126227
v 0.246368 2.585467 0.164618
v 0.295940 2.489077 0.197740
v -0.104339 2.825468 -0.020753
v -0.148543 2.777138 -0.029546
v -0.222838 2.681174 -0.044325
v -0.290611 2.585467 -0.057806
v -0.349085 2.489077 -0.069437
v 0.083984 2.826960 0.083984
v 0.121314 2.778382 0.121315
v 0.183543 2.682748 0.183543
v 0.240602 2.586892 0.240602
v 0.289776 2.490424 0.289776
v -0.109730 2.826960 -0.045452
v -0.158505 2.778382 -0.065654
v -0.239810 2.682748 -0.099333
v -0.314362 2.586892 -0.130212
v -0.378611 2.490424 -0.156826
v 0.059103 2.825468 0.088454
v 0.084143 2.777138 0.125929
v 0.126227 2.681174 0.188913
v 0.164617 2.585467 0.246368
v 0.197740 2.489077 0.295940
v -0.088454 2.825468 -0.059103
v -0.125929 2.777138 -0.084143
v -0.188913 2.681174 -0.126227
v -0.246368 2.585467 -0.164618
v -0.295940 2.489077 -0.197740
v 0.045452 2.826960 0.109730
v 0.065654 2.778382 0.158505
v 0.099333 2.682748 0.239810
v 0.130212 2.586892 0.314362
v 0.156825 2.490424 0.378611
v -0.000000 2.393465 -0.467132
v -0.000000 2.490424 -0.409805
v -0.000000 2.586892 -0.340263
v -0.000000 2.682748 -0.259569
v -0.000000 2.778382 -0.171564
v 0.020753 2.825468 -0.104338
v 0.029546 2.777138 -0.148543
v 0.044325 2.681174 -0.222838
v 0.057806 2.585467 -0.290611
v 0.069437 2.489077 -0.349085
v -0.083984 2.826960 -0.083984
v -0.121315 2.778382 -0.121315
v -0.183543 2.682748 -0.183543
v -0.240602 2.586892 -0.240602
v -0.289776 2.490424 -0.289776
v 0.020753 2.825468 0.104338
v 0.029546 2.777138 0.148543
v 0.044325 2.681174 0.222838
v 0.057806 2.585467 0.290611
v 0.069437 2.489077 0.349085
v 0.045452 2.826960 -0.109730
v 0.065654 2.778382 -0.158505
v 0.099333 2.682748 -0.239810
v 0.130212 2.586892 -0.314362
v 0.156825 2.490424 -0.378611
v -0.059103 2.825468 -0.088454
v -0.084143 2.777138 -0.125929
v -0.126227 2.681174 -0.188913
v -0.164618 2.585467 -0.246368
v -0.197740 2.489077 -0.295940
v -0.000000 2.826960 0.118771
v -0.000000 2.778382 0.171564
v -0.000000 2.682748 0.259569
v -0.000000 2.586892 0.340263
v -0.000000 2.490424 0.409805
v 0.059103 2.825468 -0.088454
v 0.084143 2.777138 -0.125929
v 0.126227 2.681174 -0.188913
v 0.164618 2.585467 -0.246368
v 0.197740 2.489077 -0.295940
v -0.045452 2.826960 -0.109730
v -0.065654 2.778382 -0.158505
v -0.099333 2.682748 -0.239810
v -0.130213 2.586892 -0.314362
v -0.156826 2.490424 -0.378611
v -0.020754 2.825468 0.104338
v -0.029547 2.777138 0.148543
v -0.044325 2.681174 0.222838
v -0.057806 2.585467 0.290611
v -0.069437 2.489077 0.349085
v 0.083984 2.826960 -0.083984
v 0.121314 2.778382 -0.121315
v 0.183543 2.682748 -0.183543
v 0.240602 2.586892 -0.240602
v 0.289776 2.490424 -0.289776
v -0.020754 2.825468 -0.104338
v -0.029547 2.777138 -0.148543
v -0.044325 2.681174 -0.222838
v -0.057806 2.585467 -0.290611
v -0.069437 2.489077 -0.349085
v -0.045452 2.826960 0.109730
v -0.065654 2.778382 0.158505
v -0.099333 2.682748 0.239810
v -0.130212 2.586892 0.314362
v -0.156826 2.490424 0.378611
v 0.088454 2.825468 -0.059103
v 0.125929 2.777138 -0.084143
v 0.188912 2.681174 -0.126227
v 0.246368 2.585467 -0.164618
v 0.295940 2.489077 -0.197740
v -0.059103 2.825468 0.088454
v -0.084143 2.777138 0.125929
v -0.126227 2.681174 0.188913
v -0.164618 2.585467 0.246368
v -0.197740 2.489077 0.295940
v 0.109730 2.826960 -0.045452
v 0.158505 2.778382 -0.065654
v 0.239810 2.682748 -0.099333
v 0.314362 2.586892 -0.130212
v 0.378611 2.490424 -0.156826
v -0.083984 2.826960 0.083984
v -0.121315 2.778382 0.121315
v -0.183543 2.682748 0.183543
v -0.240602 2.586892 0.240602
v -0.289776 2.490424 0.289776
v 0.104339 2.825468 -0.020753
v 0.148543 2.777138 -0.029546
v 0.222838 2.681174 -0.044325
v 0.290611 2.585467 -0.057806
v 0.349085 2.489077 -0.069437
v 0.211653 2.105698 0.510976
v 0.211653 2.105698 0.510976
v 0.093395 2.106719 0.469531
v 0.093395 2.106719 0.469531
v -0.000000 2.105698 0.553077
v -0.000000 2.105698 0.553077
v -0.093395 2.106719 0.469531
v -0.093395 2.106719 0.469531
v -0.211653 2.105698 0.510976
v -0.211653 2.105698 0.510976
v 0.143998 2.078637 0.720642
v 0.188332 2.078637 0.706331
v 0.188332 2.078637 0.706331
v -0.000000 2.078637 0.733746
v -0.143998 2.078637 0.720642
v 0.186363 2.105698 0.706331
v 0.186363 2.105698 0.706331
v -0.186363 2.105698 0.706331
v -0.186363 2.105698 0.706331
v -0.142503 2.105698 0.720642
v -0.000000 2.105698 0.733746
v 0.142503 2.105698 0.720642
vt 0.280554 0.403608
vt 0.309935 0.394695
vt 0.337012 0.380222
vt 0.360745 0.360745
vt 0.380222 0.337012
vt 0.394695 0.309935
vt 0.403608 0.280555
vt 0.406617 0.250000
vt 0.403608 0.219445
vt 0.394695 0.190065
vt 0.380222 0.162988
vt 0.360745 0.139255
vt 0.337012 0.119777
vt 0.309935 0.105305
vt 0.280554 0.096392
vt 0.250000 0.093383
vt 0.219445 0.096392
vt 0.190065 0.105305
vt 0.162988 0.119778
vt 0.139255 0.139255
vt 0.119778 0.162988
vt 0.105305 0.190065
vt 0.096392 0.219445
vt 0.093383 0.250000
vt 0.096392 0.280554
vt 0.105305 0.309935
vt 0.119777 0.337012
vt 0.139255 0.360745
vt 0.162988 0.380222
vt 0.190065 0.394695
vt 0.219445 0.403608
vt 0.250000 0.406617
vt 0.105305 0.190065
vt 0.119778 0.162988
vt 0.119778 0.162988
vt 0.105305 0.190065
vt 0.309935 0.105305
vt 0.337012 0.119777
vt 0.337012 0.119777
vt 0.309935 0.105305
vt 0.280554 0.403608
vt 0.250000 0.406617
vt 0.250000 0.406617
vt 0.280554 0.403608
vt 0.139255 0.360745
vt 0.119777 0.337012
vt 0.119777 0.337012
vt 0.139255 0.360745
vt 0.280554 0.096392
vt 0.309935 0.105305
vt 0.309935 0.105305
vt 0.280554 0.096392
vt 0.309935 0.394695
vt 0.280554 0.403608
vt 0.280554 0.403608
vt 0.309935 0.394695
vt 0.162988 0.380222
vt 0.139255 0.360745
vt 0.139255 0.360745
vt 0.162988 0.380222
vt 0.250000 0.093383
vt 0.280554 0.096392
vt 0.280554 0.096392
vt 0.250000 0.093383
vt 0.337012 0.380222
vt 0.309935 0.394695
vt 0.309935 0.394695
vt 0.337012 0.380222
vt 0.190065 0.394695
vt 0.162988 0.380222
vt 0.162988 0.380222
vt 0.190065 0.394695
vt 0.219445 0.096392
vt 0.250000 0.093383
vt 0.250000 0.093383
vt 0.219445 0.096392
vt 0.360745 0.360745
vt 0.337012 0.380222
vt 0.337012 0.380222
vt 0.360745 0.360745
vt 0.219445 0.403608
vt 0.190065 0.394695
vt 0.190065 0.394695
vt 0.219445 0.403608
vt 0.190065 0.105305
vt 0.219445 0.096392
vt 0.219445 0.096392
vt 0.190065 0.105305
vt 0.380222 0.337012
vt 0.360745 0.360745
vt 0.360745 0.360745
vt 0.380222 0.337012
vt 0.250000 0.406617
vt 0.219445 0.403608
vt 0.219445 0.403608
vt 0.250000 0.406617
vt 0.162988 0.119778
vt 0.190065 0.105305
vt 0.190065 0.105305
vt 0.162988 0.119778
vt 0.394695 0.309935
vt 0.380222 0.337012
vt 0.380222 0.337012
vt 0.394695 0.309935
vt 0.139255 0.139255
vt 0.162988 0.119778
vt 0.162988 0.119778
vt 0.139255 0.139255
vt 0.403608 0.280555
vt 0.394695 0.309935
vt 0.394695 0.309935
vt 0.403608 0.280555
vt 0.119778 0.162988
vt 0.139255 0.139255
vt 0.139255 0.139255
vt 0.119778 0.162988
vt 0.406617 0.250000
vt 0.403608 0.280555
vt 0.403608 0.280555
vt 0.406617 0.250000
vt 0.105305 0.190065
vt 0.119778 0.162988
vt 0.119778 0.162988
vt 0.105305 0.190065
vt 0.403608 0.219445
vt 0.406617 0.250000
vt 0.406617 0.250000
vt 0.403608 0.219445
vt 0.096392 0.219445
vt 0.105305 0.190065
vt 0.105305 0.190065
vt 0.096392 0.219445
vt 0.394695 0.190065
vt 0.403608 0.219445
vt 0.403608 0.219445
vt 0.394695 0.190065
vt 0.093383 0.250000
vt 0.096392 0.219445
vt 0.096392 0.219445
vt 0.093383 0.250000
vt 0.380222 0.162988
vt 0.394695 0.190065
vt 0.394695 0.190065
vt 0.380222 0.162988
vt 0.096392 0.280554
vt 0.093383 0.250000
vt 0.093383 0.250000
vt 0.096392 0.280554
vt 0.360745 0.139255
vt 0.380222 0.162988
vt 0.380222 0.162988
vt 0.360745 0.139255
vt 0.105305 0.309935
vt 0.096392 0.280554
vt 0.096392 0.280554
vt 0.105305 0.309935
vt 0.337012 0.119777
vt 0.360745 0.139255
vt 0.360745 0.139255
vt 0.337012 0.119777
vt 0.119777 0.337012
vt 0.105305 0.309935
vt 0.105305 0.309935
vt 0.119777 0.337012
vt 0.096392 0.280554
vt 0.093383 0.250000
vt 0.096392 0.280554
vt 0.403608 0.219445
vt 0.406617 0.250000
vt 0.406617 0.250000
vt 0.403608 0.219445
vt 0.096392 0.219445
vt 0.105305 0.190065
vt 0.096392 0.219445
vt 0.394695 0.190065
vt 0.403608 0.219445
vt 0.394695 0.190065
vt 0.093383 0.250000
vt 0.096392 0.219445
vt 0.380222 0.162988
vt 0.394695 0.190065
vt 0.380222 0.162988
vt 0.096392 0.280554
vt 0.093383 0.250000
vt 0.360745 0.139255
vt 0.380222 0.162988
vt 0.360745 0.139255
vt 0.105305 0.309935
vt 0.096392 0.280554
vt 0.105305 0.309935
vt 0.337012 0.119777
vt 0.360745 0.139255
vt 0.337012 0.119777
vt 0.119777 0.337012
vt 0.105305 0.309935
vt 0.119777 0.337012
vt 0.309935 0.105305
vt 0.337012 0.119777
vt 0.309935 0.105305
vt 0.280554 0.403608
vt 0.250000 0.406617
vt 0.250000 0.406617
vt 0.280554 0.403608
vt 0.139255 0.360745
vt 0.119777 0.337012
vt 0.139255 0.360745
vt 0.280554 0.096392
vt 0.309935 0.105305
vt 0.280554 0.096392
vt 0.309935 0.394695
vt 0.280554 0.403608
vt 0.309935 0.394695
vt 0.162988 0.380222
vt 0.139255 0.360745
vt 0.162988 0.380222
vt 0.250000 0.093383
vt 0.280554 0.096392
vt 0.250000 0.093383
vt 0.337012 0.380222
vt 0.309935 0.394695
vt 0.337012 0.380222
vt 0.190065 0.394695
vt 0.162988 0.380222
vt 0.190065 0.394695
vt 0.219445 0.096392
vt 0.250000 0.093383
vt 0.219445 0.096392
vt 0.360745 0.360745
vt 0.337012 0.380222
vt 0.360745 0.360745
vt 0.219445 0.403608
vt 0.190065 0.394695
vt 0.219445 0.403608
vt 0.190065 0.105305
vt 0.219445 0.096392
vt 0.190065 0.105305
vt 0.380222 0.337012
vt 0.360745 0.360745
vt 0.380222 0.337012
vt 0.250000 0.406617
vt 0.219445 0.403608
vt 0.162988 0.119778
vt 0.190065 0.105305
vt 0.162988 0.119778
vt 0.394695 0.309935
vt 0.380222 0.337012
vt 0.394695 0.309935
vt 0.139255 0.139255
vt 0.162988 0.119778
vt 0.139255 0.139255
vt 0.403608 0.280555
vt 0.394695 0.309935
vt 0.403608 0.280555
vt 0.119778 0.162988
vt 0.139255 0.139255
vt 0.406617 0.250000
vt 0.403608 0.280555
vt 0.403608 0.280554
vt 0.406617 0.250000
vt 0.403608 0.280554
vt 0.406617 0.250000
vt 0.403608 0.280555
vt 0.406617 0.250000
vt 0.403608 0.280555
vt 0.406617 0.250000
vt 0.403608 0.280555
vt 0.406617 0.250000
vt 0.139255 0.139255
vt 0.119778 0.162988
vt 0.139255 0.139255
vt 0.119778 0.162988
vt 0.139255 0.139255
vt 0.119778 0.162988
vt 0.139255 0.139255
vt 0.119778 0.162988
vt 0.139255 0.139255
vt 0.119778 0.162988
vt 0.394695 0.309935
vt 0.403608 0.280554
vt 0.394695 0.309935
vt 0.403608 0.280554
vt 0.394695 0.309935
vt 0.403608 0.280555
vt 0.394695 0.309935
vt 0.403608 0.280555
vt 0.394695 0.309935
vt 0.403608 0.280555
vt 0.162988 0.119778
vt 0.139255 0.139255
vt 0.162988 0.119778
vt 0.139255 0.139255
vt 0.162988 0.119778
vt 0.139255 0.139255
vt 0.162988 0.119778
vt 0.139255 0.139255
vt 0.162988 0.119778
vt 0.139255 0.139255
vt 0.380222 0.337012
vt 0.394695 0.309935
vt 0.380222 0.337012
vt 0.394695 0.309935
vt 0.380222 0.337012
vt 0.394695 0.309935
vt 0.380222 0.337012
vt 0.394695 0.309935
vt 0.380222 0.337012
vt 0.394695 0.309935
vt 0.190065 0.105305
vt 0.162988 0.119778
vt 0.190065 0.105305
vt 0.162988 0.119778
vt 0.190065 0.105305
vt 0.162988 0.119778
vt 0.190065 0.105305
vt 0.162988 0.119778
vt 0.190065 0.105305
vt 0.162988 0.119778
vt 0.219445 0.403608
vt 0.250000 0.406617
vt 0.219445 0.403608
vt 0.250000 0.406617
vt 0.219445 0.403608
vt 0.250000 0.406617
vt 0.219445 0.403608
vt 0.250000 0.406617
vt 0.219445 0.403608
vt 0.250000 0.406617
vt 0.360745 0.360745
vt 0.380222 0.337012
vt 0.360745 0.360745
vt 0.380222 0.337012
vt 0.360745 0.360745
vt 0.380222 0.337012
vt 0.360745 0.360745
vt 0.380222 0.337012
vt 0.360745 0.360745
vt 0.380222 0.337012
vt 0.219445 0.096392
vt 0.190065 0.105305
vt 0.219445 0.096392
vt 0.190065 0.105305
vt 0.219445 0.096392
vt 0.190065 0.105305
vt 0.219445 0.096392
vt 0.190065 0.105305
vt 0.219445 0.096392
vt 0.190065 0.105305
vt 0.190065 0.394695
vt 0.219445 0.403608
vt 0.190065 0.394695
vt 0.219445 0.403608
vt 0.190065 0.394695
vt 0.219445 0.403608
vt 0.190065 0.394695
vt 0.219445 0.403608
vt 0.190065 0.394695
vt 0.219445 0.403608
vt 0.337012 0.380222
vt 0.360745 0.360745
vt 0.337012 0.380222
vt 0.360745 0.360745
vt 0.337012 0.380222
vt 0.360745 0.360745
vt 0.337012 0.380222
vt 0.360745 0.360745
vt 0.337012 0.380222
vt 0.360745 0.360745
vt 0.250000 0.093383
vt 0.219445 0.096392
vt 0.250000 0.093383
vt 0.219445 0.096392
vt 0.250000 0.093383
vt 0.219445 0.096392
vt 0.250000 0.093383
vt 0.219445 0.096392
vt 0.250000 0.093383
vt 0.219445 0.096392
vt 0.162988 0.380222
vt 0.190065 0.394695
vt 0.162988 0.380222
vt 0.190065 0.394695
vt 0.162988 0.380222
vt 0.190065 0.394695
vt 0.162988 0.380222
vt 0.190065 0.394695
vt 0.162988 0.380222
vt 0.190065 0.394695
vt 0.309935 0.394695
vt 0.337012 0.380222
vt 0.309935 0.394695
vt 0.337012 0.380222
vt 0.309935 0.394695
vt 0.337012 0.380222
vt 0.309935 0.394695
vt 0.337012 0.380222
vt 0.309935 0.394695
vt 0.337012 0.380222
vt 0.280554 0.096392
vt 0.250000 0.093383
vt 0.280554 0.096392
vt 0.250000 0.093383
vt 0.280554 0.096392
vt 0.250000 0.093383
vt 0.280554 0.096392
vt 0.250000 0.093383
vt 0.280554 0.096392
vt 0.250000 0.093383
vt 0.139255 0.360745
vt 0.162988 0.380222
vt 0.139255 0.360745
vt 0.162988 0.380222
vt 0.139255 0.360745
vt 0.162988 0.380222
vt 0.139255 0.360745
vt 0.162988 0.380222
vt 0.139255 0.360745
vt 0.162988 0.380222
vt 0.280554 0.403608
vt 0.309935 0.394695
vt 0.280554 0.403608
vt 0.309935 0.394695
vt 0.280554 0.403608
vt 0.309935 0.394695
vt 0.280554 0.403608
vt 0.309935 0.394695
vt 0.280554 0.403608
vt 0.309935 0.394695
vt 0.309935 0.105305
vt 0.280554 0.096392
vt 0.309935 0.105305
vt 0.280554 0.096392
vt 0.309935 0.105305
vt 0.280554 0.096392
vt 0.309935 0.105305
vt 0.280554 0.096392
vt 0.309935 0.105305
vt 0.280554 0.096392
vt 0.119777 0.337012
vt 0.139255 0.360745
vt 0.119777 0.337012
vt 0.139255 0.360745
vt 0.119777 0.337012
vt 0.139255 0.360745
vt 0.119777 0.337012
vt 0.139255 0.360745
vt 0.119777 0.337012
vt 0.139255 0.360745
vt 0.250000 0.406617
vt 0.280554 0.403608
vt 0.250000 0.406617
vt 0.280554 0.403608
vt 0.250000 0.406617
vt 0.280554 0.403608
vt 0.250000 0.406617
vt 0.280554 0.403608
vt 0.250000 0.406617
vt 0.280554 0.403608
vt 0.337012 0.119777
vt 0.309935 0.105305
vt 0.337012 0.119777
vt 0.309935 0.105305
vt 0.337012 0.119777
vt 0.309935 0.105305
vt 0.337012 0.119777
vt 0.309935 0.105305
vt 0.337012 0.119777
vt 0.309935 0.105305
vt 0.105305 0.309935
vt 0.119777 0.337012
vt 0.105305 0.309935
vt 0.119777 0.337012
vt 0.105305 0.309935
vt 0.119777 0.337012
vt 0.105305 0.309935
vt 0.119777 0.337012
vt 0.105305 0.309935
vt 0.119777 0.337012
vt 0.360745 0.139255
vt 0.337012 0.119777
vt 0.360745 0.139255
vt 0.337012 0.119777
vt 0.360745 0.139255
vt 0.337012 0.119777
vt 0.360745 0.139255
vt 0.337012 0.119777
vt 0.360745 0.139255
vt 0.337012 0.119777
vt 0.096392 0.280554
vt 0.105305 0.309935
vt 0.096392 0.280554
vt 0.105305 0.309935
vt 0.096392 0.280554
vt 0.105305 0.309935
vt 0.096392 0.280554
vt 0.105305 0.309935
vt 0.096392 0.280554
vt 0.105305 0.309935
vt 0.380222 0.162988
vt 0.360745 0.139255
vt 0.380222 0.162988
vt 0.360745 0.139255
vt 0.380222 0.162988
vt 0.360745 0.139255
vt 0.380222 0.162988
vt 0.360745 0.139255
vt 0.380222 0.162988
vt 0.360745 0.139255
vt 0.093383 0.250000
vt 0.096392 0.280554
vt 0.093383 0.250000
vt 0.096392 0.280554
vt 0.093383 0.250000
vt 0.096392 0.280554
vt 0.093383 0.250000
vt 0.096392 0.280554
vt 0.093383 0.250000
vt 0.096392 0.280554
vt 0.394695 0.190065
vt 0.380222 0.162988
vt 0.394695 0.190065
vt 0.380222 0.162988
vt 0.394695 0.190065
vt 0.380222 0.162988
vt 0.394695 0.190065
vt 0.380222 0.162988
vt 0.394695 0.190065
vt 0.380222 0.162988
vt 0.096392 0.219445
vt 0.093383 0.250000
vt 0.096392 0.219445
vt 0.093383 0.250000
vt 0.096392 0.219445
vt 0.093383 0.250000
vt 0.096392 0.219445
vt 0.093383 0.250000
vt 0.096392 0.219445
vt 0.093383 0.250000
vt 0.403608 0.219445
vt 0.394695 0.190065
vt 0.403608 0.219445
vt 0.394695 0.190065
vt 0.403608 0.219445
vt 0.394695 0.190065
vt 0.403608 0.219445
vt 0.394695 0.190065
vt 0.403608 0.219445
vt 0.394695 0.190065
vt 0.105305 0.190065
vt 0.096392 0.219445
vt 0.105305 0.190065
vt 0.096392 0.219445
vt 0.105305 0.190065
vt 0.096392 0.219445
vt 0.105305 0.190065
vt 0.096392 0.219445
vt 0.105305 0.190065
vt 0.096392 0.219445
vt 0.406617 0.250000
vt 0.403608 0.219445
vt 0.406617 0.250000
vt 0.403608 0.219445
vt 0.406617 0.250000
vt 0.403608 0.219445
vt 0.406617 0.250000
vt 0.403608 0.219445
vt 0.406617 0.250000
vt 0.403608 0.219445
vt 0.119778 0.162988
vt 0.105305 0.190065
vt 0.119778 0.162988
vt 0.105305 0.190065
vt 0.119778 0.162988
vt 0.105305 0.190065
vt 0.119778 0.162988
vt 0.105305 0.190065
vt 0.119778 0.162988
vt 0.105305 0.190065
vt 0.360745 0.139255
vt 0.105305 0.309935
vt 0.337012 0.119777
vt 0.119777 0.337012
vt 0.309935 0.105305
vt 0.280554 0.403608
vt 0.139255 0.360745
vt 0.280554 0.096392
vt 0.309935 0.394695
vt 0.162988 0.380222
vt 0.250000 0.093383
vt 0.337012 0.380222
vt 0.190065 0.394695
vt 0.219445 0.096392
vt 0.360745 0.360745
vt 0.219445 0.403608
vt 0.190065 0.105305
vt 0.380222 0.337012
vt 0.250000 0.406617
vt 0.162988 0.119778
vt 0.394695 0.309935
vt 0.139255 0.139255
vt 0.403608 0.280555
vt 0.119778 0.162988
vt 0.406617 0.250000
vt 0.105305 0.190065
vt 0.403608 0.219445
vt 0.096392 0.219445
vt 0.394695 0.190065
vt 0.093383 0.250000
vt 0.380222 0.162988
vt 0.119777 0.337012
vt 0.105305 0.309935
vt 0.337012 0.119777
vt 0.360745 0.139255
vt 0.105305 0.309935
vt 0.096392 0.280554
vt 0.360745 0.139255
vt 0.380222 0.162988
vt 0.096392 0.280554
vt 0.093383 0.250000
vt 0.380222 0.162988
vt 0.394695 0.190065
vt 0.093383 0.250000
vt 0.096392 0.219445
vt 0.394695 0.190065
vt 0.403608 0.219445
vt 0.096392 0.219445
vt 0.105305 0.190065
vt 0.403608 0.219445
vt 0.406617 0.250000
vt 0.105305 0.190065
vt 0.119778 0.162988
vt 0.406617 0.250000
vt 0.403608 0.280555
vt 0.119778 0.162988
vt 0.139255 0.139255
vt 0.403608 0.280555
vt 0.394695 0.309935
vt 0.139255 0.139255
vt 0.162988 0.119778
vt 0.394695 0.309935
vt 0.380222 0.337012
vt 0.162988 0.119778
vt 0.190065 0.105305
vt 0.250000 0.406617
vt 0.219445 0.403608
vt 0.380222 0.337012
vt 0.360745 0.360745
vt 0.219445 0.096392
vt 0.190065 0.105305
vt 0.190065 0.105305
vt 0.219445 0.096392
vt 0.219445 0.403608
vt 0.190065 0.394695
vt 0.360745 0.360745
vt 0.337012 0.380222
vt 0.250000 0.093383
vt 0.250000 0.093383
vt 0.190065 0.394695
vt 0.162988 0.380222
vt 0.337012 0.380222
vt 0.309935 0.394695
vt 0.190065 0.105305
vt 0.190065 0.105305
vt 0.162988 0.380222
vt 0.139255 0.360745
vt 0.309935 0.394695
vt 0.280554 0.403608
vt 0.280554 0.096392
vt 0.280554 0.096392
vt 0.139255 0.360745
vt 0.119777 0.337012
vt 0.280554 0.403608
vt 0.250000 0.406617
vt 0.309935 0.105305
vt 0.337012 0.119777
vt 0.190065 0.105305
vt 0.219445 0.096392
vt 0.219445 0.096392
vt 0.190065 0.105305
vt 0.250000 0.093383
vt 0.250000 0.093383
vt 0.280554 0.096392
vt 0.280554 0.096392
vt 0.309935 0.105305
vt 0.309935 0.105305
vt 0.280554 0.096392
vt 0.250000 0.093383
vt 0.219445 0.096392
vt 0.190065 0.105305
vt 0.309935 0.105305
vt 0.309935 0.105305
vt 0.309935 0.105305
vt 0.309935 0.105305
vt 0.309935 0.105305
vn 0.0000 -1.0000 0.0000
vn -0.0038 -1.0000 -0.0013
vn -0.0008 -1.0000 -0.0015
vn 0.0000 -1.0000 -0.0025
vn 0.0008 -1.0000 -0.0015
vn 0.0038 -1.0000 -0.0013
vn -0.3694 0.6550 0.6591
vn -0.3697 0.6620 0.6519
vn -0.4065 0.8723 0.2716
vn -0.5199 0.8266 0.2153
vn 0.9295 0.1394 0.3413
vn 0.8892 0.1592 0.4290
vn 0.8726 0.2482 0.4207
vn 0.8766 0.2303 0.4226
vn 0.6573 0.1592 -0.7366
vn 0.6481 0.2303 -0.7259
vn 0.6452 0.2482 -0.7226
vn -0.9856 0.1592 -0.0561
vn -0.9857 0.1592 -0.0560
vn -0.9671 0.2482 -0.0547
vn -0.9716 0.2303 -0.0550
vn -0.3255 0.1592 0.9320
vn -0.3210 0.2303 0.9186
vn -0.3195 0.2482 0.9145
vn -0.3254 0.1592 -0.9321
vn -0.3195 0.2482 -0.9145
vn -0.3210 0.2303 -0.9186
vn -0.0560 0.1592 -0.9857
vn -0.0561 0.1592 -0.9856
vn -0.0550 0.2303 -0.9716
vn -0.0547 0.2482 -0.9671
vn 0.6574 0.1592 0.7365
vn 0.6452 0.2482 0.7226
vn 0.6481 0.2303 0.7259
vn 0.8892 0.1592 -0.4290
vn 0.8766 0.2303 -0.4226
vn 0.8726 0.2482 -0.4207
vn -0.8892 0.1592 -0.4290
vn -0.8726 0.2482 -0.4207
vn -0.8766 0.2303 -0.4226
vn -0.6574 0.1592 0.7365
vn -0.6481 0.2303 0.7259
vn -0.6452 0.2482 0.7226
vn 0.0561 0.1592 -0.9856
vn 0.0560 0.1592 -0.9856
vn 0.0547 0.2482 -0.9671
vn 0.0550 0.2303 -0.9716
vn 0.3254 0.1592 -0.9321
vn 0.3210 0.2303 -0.9186
vn 0.3195 0.2482 -0.9145
vn 0.3255 0.1592 0.9320
vn 0.3195 0.2482 0.9145
vn 0.3210 0.2303 0.9186
vn 0.9857 0.1592 -0.0560
vn 0.9856 0.1592 -0.0561
vn 0.9716 0.2303 -0.0550
vn 0.9671 0.2482 -0.0547
vn -0.6573 0.1592 -0.7366
vn -0.6452 0.2482 -0.7226
vn -0.6481 0.2303 -0.7259
vn -0.8892 0.1592 0.4290
vn -0.9295 0.1394 0.3413
vn -0.8766 0.2303 0.4226
vn -0.8726 0.2482 0.4207
vn 0.4290 0.1592 -0.8892
vn 0.4207 0.2482 -0.8726
vn 0.4226 0.2303 -0.8766
vn -0.0561 0.1592 0.9856
vn -0.0560 0.1592 0.9857
vn -0.0547 0.2482 0.9671
vn -0.0550 0.2303 0.9716
vn 0.9321 0.1592 0.3254
vn 0.9186 0.2303 0.3210
vn 0.9145 0.2482 0.3195
vn -0.9857 0.1592 0.0560
vn -0.9856 0.1592 0.0561
vn -0.9716 0.2303 0.0550
vn -0.9671 0.2482 0.0547
vn 0.7366 0.1592 -0.6573
vn 0.7226 0.2482 -0.6452
vn 0.7259 0.2303 -0.6481
vn -0.4290 0.1592 0.8892
vn -0.4207 0.2482 0.8726
vn -0.4226 0.2303 0.8766
vn 0.7366 0.1592 0.6573
vn 0.7259 0.2303 0.6481
vn 0.7226 0.2482 0.6452
vn -0.9321 0.1592 -0.3254
vn -0.9186 0.2303 -0.3210
vn -0.9145 0.2482 -0.3195
vn 0.9321 0.1592 -0.3254
vn 0.9145 0.2482 -0.3195
vn 0.9186 0.2303 -0.3210
vn -0.7366 0.1592 0.6573
vn -0.7226 0.2482 0.6452
vn -0.7259 0.2303 0.6481
vn 0.4290 0.1592 0.8892
vn 0.4226 0.2303 0.8766
vn 0.4207 0.2482 0.8726
vn -0.7366 0.1592 -0.6573
vn -0.7259 0.2303 -0.6481
vn -0.7226 0.2482 -0.6452
vn 0.9856 0.1592 0.0561
vn 0.9857 0.1592 0.0560
vn 0.9671 0.2482 0.0547
vn 0.9716 0.2303 0.0550
vn -0.9321 0.1592 0.3254
vn -0.9145 0.2482 0.3195
vn -0.9186 0.2303 0.3210
vn 0.0560 0.1592 0.9856
vn 0.0561 0.1592 0.9856
vn 0.0550 0.2303 0.9716
vn 0.0547 0.2482 0.9671
vn -0.4290 0.1592 -0.8892
vn -0.4226 0.2303 -0.8766
vn -0.4207 0.2482 -0.8726
vn -0.4795 0.8723 -0.0954
vn -0.5628 0.8266 0.0000
vn 0.0000 1.0000 0.0000
vn 0.5911 0.6620 0.4608
vn 0.5935 0.6550 0.4676
vn 0.5628 0.8266 0.0000
vn 0.4795 0.8723 0.0954
vn -0.7224 0.6620 -0.1995
vn -0.7273 0.6550 -0.2049
vn -0.4795 0.8723 0.0954
vn 0.7273 0.6550 -0.2049
vn 0.7224 0.6620 -0.1995
vn 0.5199 0.8266 0.2154
vn -0.5935 0.6550 0.4676
vn -0.5911 0.6620 0.4608
vn 0.3697 0.6620 0.6519
vn 0.3694 0.6550 0.6591
vn 0.4065 0.8723 0.2716
vn -0.5911 0.6620 -0.4608
vn -0.5935 0.6550 -0.4676
vn 0.7503 0.6550 0.0890
vn 0.7438 0.6620 0.0921
vn 0.3979 0.8266 0.3979
vn -0.7273 0.6550 0.2049
vn -0.7224 0.6620 0.1995
vn -0.5199 0.8266 -0.2154
vn 0.0921 0.6620 0.7438
vn 0.0890 0.6550 0.7503
vn 0.2716 0.8723 0.4065
vn -0.3697 0.6620 -0.6519
vn -0.3694 0.6550 -0.6591
vn -0.4065 0.8723 -0.2716
vn 0.6591 0.6550 0.3694
vn 0.6519 0.6620 0.3697
vn 0.2153 0.8266 0.5199
vn 0.4608 0.6620 -0.5911
vn 0.4676 0.6550 -0.5935
vn 0.0000 0.8266 -0.5628
vn 0.0954 0.8723 -0.4795
vn -0.7503 0.6550 -0.0890
vn -0.7438 0.6620 -0.0921
vn -0.3979 0.8266 -0.3979
vn -0.1995 0.6620 0.7224
vn -0.2049 0.6550 0.7273
vn 0.0954 0.8723 0.4795
vn -0.2049 0.6550 -0.7273
vn -0.1995 0.6620 -0.7224
vn 0.2153 0.8266 -0.5199
vn -0.0921 0.6620 -0.7438
vn -0.0890 0.6550 -0.7503
vn -0.2716 0.8723 -0.4065
vn 0.4676 0.6550 0.5935
vn 0.4608 0.6620 0.5911
vn 0.0000 0.8266 0.5628
vn 0.6519 0.6620 -0.3697
vn 0.6591 0.6550 -0.3694
vn 0.2716 0.8723 -0.4065
vn -0.6591 0.6550 -0.3694
vn -0.6519 0.6620 -0.3697
vn -0.2153 0.8266 -0.5199
vn -0.4608 0.6620 0.5911
vn -0.4676 0.6550 0.5935
vn -0.0954 0.8723 0.4795
vn 0.0890 0.6550 -0.7503
vn 0.0921 0.6620 -0.7438
vn 0.3979 0.8266 -0.3979
vn 0.1995 0.6620 -0.7224
vn 0.2049 0.6550 -0.7273
vn -0.0954 0.8723 -0.4795
vn 0.2049 0.6550 0.7273
vn 0.1995 0.6620 0.7224
vn -0.2153 0.8266 0.5199
vn 0.7438 0.6620 -0.0921
vn 0.7503 0.6550 -0.0890
vn 0.4065 0.8723 -0.2716
vn -0.4676 0.6550 -0.5935
vn -0.4608 0.6620 -0.5911
vn -0.6519 0.6620 0.3697
vn -0.6591 0.6550 0.3694
vn -0.2716 0.8723 0.4065
vn 0.3694 0.6550 -0.6591
vn 0.3697 0.6620 -0.6519
vn 0.5199 0.8266 -0.2154
vn -0.0890 0.6550 0.7503
vn -0.0921 0.6620 0.7438
vn -0.3979 0.8266 0.3979
vn 0.7224 0.6620 0.1995
vn 0.7273 0.6550 0.2049
vn 0.4795 0.8723 -0.0954
vn -0.7438 0.6620 0.0921
vn -0.7503 0.6550 0.0890
vn 0.5935 0.6550 -0.4676
vn 0.5911 0.6620 -0.4608
vn 0.6943 0.3675 -0.6188
vn 0.6978 0.3547 -0.6223
vn 0.6709 0.4435 -0.5943
vn 0.6753 0.4301 -0.5991
vn 0.6477 0.5087 -0.5672
vn 0.6523 0.4961 -0.5730
vn 0.6317 0.5561 -0.5400
vn 0.6341 0.5478 -0.5457
vn 0.6105 0.6135 -0.5008
vn 0.6170 0.5979 -0.5116
vn -0.9334 0.3547 0.0534
vn -0.9285 0.3675 0.0534
vn -0.9012 0.4301 0.0539
vn -0.8946 0.4435 0.0541
vn -0.8665 0.4961 0.0561
vn -0.8590 0.5087 0.0569
vn -0.8343 0.5478 0.0625
vn -0.8285 0.5561 0.0648
vn -0.7981 0.5979 0.0745
vn -0.7859 0.6135 0.0775
vn 0.8828 0.3547 0.3079
vn 0.8782 0.3675 0.3059
vn 0.8532 0.4301 0.2951
vn 0.8472 0.4435 0.2924
vn 0.8220 0.4961 0.2798
vn 0.8154 0.5087 0.2762
vn 0.7947 0.5478 0.2615
vn 0.7903 0.5561 0.2571
vn 0.7658 0.5979 0.2366
vn 0.7557 0.6135 0.2290
vn -0.0534 0.3675 0.9285
vn -0.0534 0.3547 0.9334
vn -0.0541 0.4435 0.8946
vn -0.0539 0.4301 0.9012
vn -0.0569 0.5087 0.8590
vn -0.0561 0.4961 0.8665
vn -0.0648 0.5561 0.8285
vn -0.0625 0.5478 0.8343
vn -0.0775 0.6135 0.7859
vn -0.0744 0.5979 0.7981
vn 0.4046 0.3675 -0.8373
vn 0.4065 0.3547 -0.8419
vn 0.3923 0.4435 -0.8058
vn 0.3946 0.4301 -0.8119
vn 0.3813 0.5087 -0.7719
vn 0.3834 0.4961 -0.7790
vn 0.3770 0.5561 -0.7407
vn 0.3770 0.5478 -0.7468
vn 0.3724 0.6135 -0.6963
vn 0.3742 0.5979 -0.7088
vn -0.8419 0.3547 0.4065
vn -0.8373 0.3675 0.4046
vn -0.8119 0.4301 0.3946
vn -0.8058 0.4435 0.3923
vn -0.7790 0.4961 0.3834
vn -0.7719 0.5087 0.3813
vn -0.7468 0.5478 0.3770
vn -0.7407 0.5561 0.3770
vn -0.7088 0.5979 0.3742
vn -0.6963 0.6135 0.3724
vn -0.6188 0.3675 -0.6943
vn -0.6223 0.3547 -0.6978
vn -0.5943 0.4435 -0.6709
vn -0.5991 0.4301 -0.6753
vn -0.5672 0.5087 -0.6477
vn -0.5730 0.4961 -0.6523
vn -0.5400 0.5561 -0.6317
vn -0.5457 0.5478 -0.6341
vn -0.5008 0.6135 -0.6105
vn -0.5117 0.5979 -0.6170
vn 0.9334 0.3547 -0.0534
vn 0.9285 0.3675 -0.0534
vn 0.9012 0.4301 -0.0539
vn 0.8946 0.4435 -0.0541
vn 0.8665 0.4961 -0.0561
vn 0.8590 0.5087 -0.0569
vn 0.8343 0.5478 -0.0625
vn 0.8285 0.5561 -0.0648
vn 0.7981 0.5979 -0.0745
vn 0.7859 0.6135 -0.0775
vn 0.3059 0.3675 0.8782
vn 0.3079 0.3547 0.8828
vn 0.2924 0.4435 0.8472
vn 0.2951 0.4301 0.8532
vn 0.2762 0.5087 0.8154
vn 0.2798 0.4961 0.8220
vn 0.2571 0.5561 0.7903
vn 0.2615 0.5478 0.7947
vn 0.2290 0.6135 0.7557
vn 0.2366 0.5979 0.7658
vn 0.3079 0.3547 -0.8828
vn 0.3059 0.3675 -0.8782
vn 0.2951 0.4301 -0.8532
vn 0.2924 0.4435 -0.8472
vn 0.2798 0.4961 -0.8220
vn 0.2762 0.5087 -0.8154
vn 0.2615 0.5478 -0.7947
vn 0.2571 0.5561 -0.7903
vn 0.2366 0.5979 -0.7658
vn 0.2290 0.6135 -0.7557
vn 0.0534 0.3675 -0.9285
vn 0.0534 0.3547 -0.9334
vn 0.0541 0.4435 -0.8946
vn 0.0539 0.4301 -0.9012
vn 0.0569 0.5087 -0.8590
vn 0.0561 0.4961 -0.8665
vn 0.0648 0.5561 -0.8285
vn 0.0625 0.5478 -0.8343
vn 0.0775 0.6135 -0.7859
vn 0.0744 0.5979 -0.7981
vn -0.6223 0.3547 0.6978
vn -0.6188 0.3675 0.6943
vn -0.5991 0.4301 0.6753
vn -0.5943 0.4435 0.6709
vn -0.5730 0.4961 0.6523
vn -0.5672 0.5087 0.6477
vn -0.5457 0.5478 0.6341
vn -0.5400 0.5561 0.6317
vn -0.5117 0.5979 0.6170
vn -0.5008 0.6135 0.6105
vn -0.8373 0.3675 -0.4046
vn -0.8419 0.3547 -0.4065
vn -0.8058 0.4435 -0.3923
vn -0.8119 0.4301 -0.3946
vn -0.7719 0.5087 -0.3813
vn -0.7790 0.4961 -0.3834
vn -0.7407 0.5561 -0.3770
vn -0.7468 0.5478 -0.3770
vn -0.6963 0.6135 -0.3724
vn -0.7088 0.5979 -0.3742
vn 0.8419 0.3547 -0.4065
vn 0.8373 0.3675 -0.4046
vn 0.8119 0.4301 -0.3946
vn 0.8058 0.4435 -0.3923
vn 0.7790 0.4961 -0.3834
vn 0.7719 0.5087 -0.3813
vn 0.7468 0.5478 -0.3770
vn 0.7407 0.5561 -0.3770
vn 0.7088 0.5979 -0.3742
vn 0.6963 0.6135 -0.3724
vn 0.6188 0.3675 0.6943
vn 0.6223 0.3547 0.6978
vn 0.5943 0.4435 0.6709
vn 0.5991 0.4301 0.6753
vn 0.5672 0.5087 0.6477
vn 0.5730 0.4961 0.6523
vn 0.5400 0.5561 0.6317
vn 0.5457 0.5478 0.6341
vn 0.5008 0.6135 0.6105
vn 0.5117 0.5979 0.6170
vn -0.0534 0.3547 -0.9334
vn -0.0534 0.3675 -0.9285
vn -0.0539 0.4301 -0.9012
vn -0.0541 0.4435 -0.8946
vn -0.0561 0.4961 -0.8665
vn -0.0569 0.5087 -0.8590
vn -0.0625 0.5478 -0.8343
vn -0.0648 0.5561 -0.8285
vn -0.0744 0.5979 -0.7981
vn -0.0775 0.6135 -0.7859
vn -0.3059 0.3675 -0.8782
vn -0.3079 0.3547 -0.8828
vn -0.2924 0.4435 -0.8472
vn -0.2951 0.4301 -0.8532
vn -0.2762 0.5087 -0.8154
vn -0.2798 0.4961 -0.8220
vn -0.2571 0.5561 -0.7903
vn -0.2615 0.5478 -0.7947
vn -0.2290 0.6135 -0.7557
vn -0.2366 0.5979 -0.7658
vn -0.3079 0.3547 0.8828
vn -0.3059 0.3675 0.8782
vn -0.2951 0.4301 0.8532
vn -0.2924 0.4435 0.8472
vn -0.2798 0.4961 0.8220
vn -0.2762 0.5087 0.8154
vn -0.2615 0.5478 0.7947
vn -0.2571 0.5561 0.7903
vn -0.2366 0.5979 0.7658
vn -0.2290 0.6135 0.7557
vn -0.9285 0.3675 -0.0534
vn -0.9334 0.3547 -0.0534
vn -0.8946 0.4435 -0.0541
vn -0.9012 0.4301 -0.0539
vn -0.8590 0.5087 -0.0569
vn -0.8665 0.4961 -0.0561
vn -0.8285 0.5561 -0.0648
vn -0.8343 0.5478 -0.0625
vn -0.7859 0.6135 -0.0775
vn -0.7981 0.5979 -0.0745
vn 0.6223 0.3547 -0.6978
vn 0.6188 0.3675 -0.6943
vn 0.5991 0.4301 -0.6753
vn 0.5943 0.4435 -0.6709
vn 0.5730 0.4961 -0.6523
vn 0.5672 0.5087 -0.6477
vn 0.5457 0.5478 -0.6341
vn 0.5400 0.5561 -0.6317
vn 0.5117 0.5979 -0.6170
vn 0.5008 0.6135 -0.6105
vn 0.8373 0.3675 0.4046
vn 0.8419 0.3547 0.4065
vn 0.8058 0.4435 0.3923
vn 0.8119 0.4301 0.3946
vn 0.7719 0.5087 0.3813
vn 0.7790 0.4961 0.3834
vn 0.7407 0.5561 0.3770
vn 0.7468 0.5478 0.3770
vn 0.6963 0.6135 0.3724
vn 0.7088 0.5979 0.3742
vn -0.4065 0.3547 -0.8419
vn -0.4046 0.3675 -0.8373
vn -0.3946 0.4301 -0.8119
vn -0.3923 0.4435 -0.8058
vn -0.3834 0.4961 -0.7790
vn -0.3813 0.5087 -0.7719
vn -0.3770 0.5478 -0.7468
vn -0.3770 0.5561 -0.7407
vn -0.3742 0.5979 -0.7088
vn -0.3724 0.6135 -0.6963
vn 0.0534 0.3547 0.9334
vn 0.0534 0.3675 0.9285
vn 0.0539 0.4301 0.9012
vn 0.0541 0.4435 0.8946
vn 0.0561 0.4961 0.8665
vn 0.0569 0.5087 0.8590
vn 0.0625 0.5478 0.8343
vn 0.0648 0.5561 0.8285
vn 0.0744 0.5979 0.7981
vn 0.0775 0.6135 0.7859
vn -0.8782 0.3675 0.3059
vn -0.8828 0.3547 0.3079
vn -0.8472 0.4435 0.2924
vn -0.8532 0.4301 0.2951
vn -0.8154 0.5087 0.2762
vn -0.8220 0.4961 0.2798
vn -0.7903 0.5561 0.2571
vn -0.7947 0.5478 0.2615
vn -0.7557 0.6135 0.2290
vn -0.7658 0.5979 0.2366
vn 0.9285 0.3675 0.0534
vn 0.9334 0.3547 0.0534
vn 0.8946 0.4435 0.0541
vn 0.9012 0.4301 0.0539
vn 0.8590 0.5087 0.0569
vn 0.8665 0.4961 0.0561
vn 0.8285 0.5561 0.0648
vn 0.8343 0.5478 0.0625
vn 0.7859 0.6135 0.0775
vn 0.7981 0.5979 0.0744
vn -0.6978 0.3547 -0.6223
vn -0.6943 0.3675 -0.6188
vn -0.6753 0.4301 -0.5991
vn -0.6709 0.4435 -0.5943
vn -0.6523 0.4961 -0.5730
vn -0.6477 0.5087 -0.5672
vn -0.6341 0.5478 -0.5457
vn -0.6317 0.5561 -0.5400
vn -0.6170 0.5979 -0.5116
vn -0.6105 0.6135 -0.5008
vn 0.4065 0.3547 0.8419
vn 0.4046 0.3675 0.8373
vn 0.3946 0.4301 0.8119
vn 0.3923 0.4435 0.8058
vn 0.3834 0.4961 0.7790
vn 0.3813 0.5087 0.7719
vn 0.3770 0.5478 0.7468
vn 0.3770 0.5561 0.7407
vn 0.3742 0.5979 0.7088
vn 0.3724 0.6135 0.6963
vn -0.6943 0.3675 0.6188
vn -0.6978 0.3547 0.6223
vn -0.6709 0.4435 0.5943
vn -0.6753 0.4301 0.5991
vn -0.6477 0.5087 0.5672
vn -0.6523 0.4961 0.5730
vn -0.6317 0.5561 0.5400
vn -0.6341 0.5478 0.5457
vn -0.6105 0.6135 0.5008
vn -0.6170 0.5979 0.5117
vn 0.8782 0.3675 -0.3059
vn 0.8828 0.3547 -0.3079
vn 0.8472 0.4435 -0.2924
vn 0.8532 0.4301 -0.2951
vn 0.8154 0.5087 -0.2762
vn 0.8220 0.4961 -0.2798
vn 0.7903 0.5561 -0.2571
vn 0.7947 0.5478 -0.2615
vn 0.7557 0.6135 -0.2290
vn 0.7658 0.5979 -0.2366
vn -0.8828 0.3547 -0.3079
vn -0.8782 0.3675 -0.3059
vn -0.8532 0.4301 -0.2951
vn -0.8472 0.4435 -0.2924
vn -0.8220 0.4961 -0.2798
vn -0.8154 0.5087 -0.2762
vn -0.7947 0.5478 -0.2615
vn -0.7903 0.5561 -0.2571
vn -0.7658 0.5979 -0.2366
vn -0.7557 0.6135 -0.2290
vn 0.6978 0.3547 0.6223
vn 0.6943 0.3675 0.6188
vn 0.6753 0.4301 0.5991
vn 0.6709 0.4435 0.5943
vn 0.6523 0.4961 0.5730
vn 0.6477 0.5087 0.5672
vn 0.6341 0.5478 0.5457
vn 0.6317 0.5561 0.5400
vn 0.6170 0.5979 0.5116
vn 0.6105 0.6135 0.5008
vn -0.4046 0.3675 0.8373
vn -0.4065 0.3547 0.8419
vn -0.3923 0.4435 0.8058
vn -0.3946 0.4301 0.8119
vn -0.3813 0.5087 0.7719
vn -0.3834 0.4961 0.7790
vn -0.3770 0.5561 0.7407
vn -0.3770 0.5478 0.7468
vn -0.3724 0.6135 0.6963
vn -0.3742 0.5979 0.7088
vn -0.4291 0.1592 -0.8891
vn 0.0562 0.1592 0.9856
vn -0.9321 0.1592 0.3253
vn 0.9856 0.1592 0.0562
vn -0.7367 0.1592 -0.6572
vn 0.4291 0.1592 0.8891
vn -0.7367 0.1592 0.6572
vn 0.9321 0.1592 -0.3253
vn -0.9321 0.1592 -0.3253
vn 0.7367 0.1592 0.6572
vn -0.4291 0.1592 0.8891
vn 0.7367 0.1592 -0.6572
vn -0.9856 0.1592 0.0562
vn 0.9321 0.1592 0.3253
vn -0.0562 0.1592 0.9856
vn 0.4291 0.1592 -0.8891
vn -0.8891 0.1592 0.4291
vn -0.9558 0.1223 0.2674
vn -0.6572 0.1592 -0.7367
vn 0.9856 0.1592 -0.0562
vn -0.0014 1.0000 0.0023
vn -0.0060 1.0000 0.0020
vn -0.0013 1.0000 0.0023
vn 0.3253 0.1592 -0.9321
vn 0.0562 0.1592 -0.9856
vn 0.0000 1.0000 0.0027
vn -0.8891 0.1592 -0.4291
vn 0.8891 0.1592 -0.4291
vn -0.9874 0.0897 0.1303
vn -0.0562 0.1592 -0.9856
vn -0.3253 0.1592 -0.9321
vn 0.0014 1.0000 0.0023
vn 0.0013 1.0000 0.0023
vn -0.9856 0.1592 -0.0562
vn 0.6572 0.1592 -0.7367
vn 0.9558 0.1223 0.2674
vn 0.8891 0.1592 0.4291
vn -0.3086 0.0197 0.9510
vn -0.2048 0.0115 0.9787
vn -0.1974 0.0109 0.9803
vn 0.0000 0.0025 1.0000
vn 0.2048 0.0115 0.9787
vn 0.1974 0.0109 0.9803
vn 0.3086 0.0197 0.9510
vn -0.0017 -1.0000 -0.0030
vn 0.0000 -1.0000 -0.0035
vn 0.0017 -1.0000 -0.0030
vn 0.0073 -1.0000 -0.0025
vn 0.0060 1.0000 0.0020
vn 0.9874 0.0897 0.1303
vn -0.0073 -1.0000 -0.0025
usemtl Color
s 1
f 1904/1614/789 1908/1615/789 1910/1616/789 1912/1617/789 1914/1618/789 1916/1619/789 1918/1620/789 1920/1621/789 1922/1622/789 1924/1623/789 1926/1624/789 1928/1625/789 1930/1626/789 1932/1627/790 1588/1628/791 1589/1629/792 1590/1630/793 1935/1631/794 1933/1632/789 1936/1633/789 1938/1634/789 1940/1635/789 1942/1636/789 1944/1637/789 1946/1638/789 1948/1639/789 1950/1640/789 1952/1641/789 1954/1642/789 1956/1643/789 1958/1644/789 1906/1645/789
f 1832/1646/795 1992/1647/796 1658/1648/797 1659/1649/798
f 2213/1650/799 1960/1651/800 1618/1652/801 2015/1653/802
f 1865/1654/803 1962/1655/803 1963/1656/804 2018/1657/805
f 1867/1658/806 1965/1659/807 1632/1660/808 2020/1661/809
f 2216/1662/810 2214/1663/810 1619/1664/811 2022/1665/812
f 1869/1666/813 1964/1667/813 1605/1668/814 2024/1669/815
f 1870/1670/816 1967/1671/817 1633/1672/818 2026/1673/819
f 2218/1674/820 1868/1675/820 1620/1676/821 2028/1677/822
f 1872/1678/823 1970/1679/823 1607/1680/824 2030/1681/825
f 1873/1682/826 1971/1683/826 1634/1684/827 2032/1685/828
f 2219/1686/829 1871/1687/829 1621/1688/830 2034/1689/831
f 1875/1690/832 1972/1691/833 1608/1692/834 2036/1693/835
f 1876/1694/836 1973/1695/836 1635/1696/837 2038/1697/838
f 2222/1698/839 2220/1699/839 1622/1700/840 2040/1701/841
f 1878/1702/842 1974/1703/843 1609/1704/844 2042/1705/845
f 1864/1706/846 1975/1707/846 1636/1708/847 1606/1709/848
f 1879/1710/849 2221/1711/850 1623/1712/851 2044/1713/852
f 1880/1714/853 1976/1715/853 1610/1716/854 2046/1717/855
f 1881/1718/856 1977/1719/857 1624/1720/858 2048/1721/859
f 1882/1722/860 1978/1723/860 1611/1724/861 2050/1725/862
f 1883/1726/863 1979/1727/864 1625/1728/865 2051/1729/866
f 1884/1730/867 1980/1731/867 1612/1732/868 2062/1733/869
f 1885/1734/870 1981/1735/870 1626/1736/871 1994/1737/872
f 1886/1738/873 1982/1739/873 1613/1740/874 1997/1741/875
f 1887/1742/876 1983/1743/876 1627/1744/877 1999/1745/878
f 1888/1746/879 1984/1747/879 1614/1748/880 2001/1749/881
f 1889/1750/882 1985/1751/882 1628/1752/883 2003/1753/884
f 1890/1754/885 1986/1755/885 1615/1756/886 2005/1757/887
f 1891/1758/888 1987/1759/888 1629/1760/889 2007/1761/890
f 1892/1762/891 1988/1763/892 1616/1764/893 2009/1765/894
f 1893/1766/895 1989/1767/895 1630/1768/896 2011/1769/897
f 1862/1770/898 1990/1771/899 1617/1772/900 1961/1773/901
f 1866/1774/902 1991/1775/902 1631/1776/903 1966/1777/904
f 1662/1778/905 1661/1779/906 1861/1780/907
f 1833/1781/908 1995/1782/909 1645/1783/910 1646/1784/911
f 1834/1785/912 2057/1786/913 1659/1649/798 1660/1787/914
f 1835/1788/915 2068/1789/916 1646/1784/911 1647/1790/917
f 1836/1791/918 2073/1792/919 1660/1787/914 1661/1779/906
f 1837/1793/920 2078/1794/921 1647/1790/917 1648/1795/922
f 1838/1796/923 2083/1797/924 1661/1779/906 1662/1778/905
f 1839/1798/925 2088/1799/926 1648/1795/922 1649/1800/927
f 1840/1801/928 2093/1802/929 1662/1778/905 1663/1803/930
f 1841/1804/931 2098/1805/932 1649/1800/927 1650/1806/933
f 1842/1807/934 2103/1808/935 1663/1803/930 1664/1809/936
f 1843/1810/937 2108/1811/938 1650/1806/933 1651/1812/939
f 1844/1813/940 2016/1814/941 1638/1815/942 1637/1816/943
f 1845/1817/944 2113/1818/945 1664/1809/936 1665/1819/946
f 1846/1820/947 2118/1821/948 1651/1812/939 1652/1822/949
f 1847/1823/950 2128/1824/951 1637/1816/943 1639/1825/952
f 1848/1826/953 2133/1827/954 1665/1819/946 1666/1828/955
f 1849/1829/956 2138/1830/957 1652/1822/949 1653/1831/958
f 1850/1832/959 2143/1833/960 1639/1825/952 1640/1834/961
f 1851/1835/962 2148/1836/963 1666/1828/955 1667/1837/964
f 1852/1838/965 2153/1839/966 1653/1831/958 1654/1840/967
f 1853/1841/968 2158/1842/969 1640/1834/961 1641/1843/970
f 1854/1844/971 2163/1845/972 1667/1837/964 1668/1846/973
f 1855/1847/974 2168/1848/975 1654/1840/967 1655/1849/976
f 1856/1850/977 2173/1851/978 1641/1843/970 1642/1852/979
f 1831/1853/980 2178/1854/981 1668/1846/973 1638/1815/942
f 1857/1855/982 2183/1856/983 1655/1849/976 1656/1857/984
f 1858/1858/985 2188/1859/986 1642/1852/979 1643/1860/987
f 1859/1861/988 2193/1862/989 1656/1857/984 1657/1863/990
f 1860/1864/991 2198/1865/992 1643/1860/987 1644/1866/993
f 1829/1867/994 2203/1868/995 1657/1863/990 1658/1648/797
f 1830/1869/996 2208/1870/997 1644/1866/993 1645/1783/910
f 2062/1733/869 1612/1732/868 2049/1871/998 2063/1872/999
f 2063/1872/999 2049/1871/998 2212/1873/1000 2064/1874/1001
f 2064/1874/1001 2212/1873/1000 2211/1875/1002 2065/1876/1003
f 2065/1876/1003 2211/1875/1002 2210/1877/1004 2066/1878/1005
f 2066/1878/1005 2210/1877/1004 2209/1879/1006 2067/1880/1007
f 2051/1729/866 1625/1728/865 2047/1881/1008 2052/1882/1009
f 2052/1882/1009 2047/1881/1008 2207/1883/1010 2053/1884/1011
f 2053/1884/1011 2207/1883/1010 2206/1885/1012 2054/1886/1013
f 2054/1886/1013 2206/1885/1012 2205/1887/1014 2055/1888/1015
f 2055/1888/1015 2205/1887/1014 2204/1889/1016 2056/1890/1017
f 2050/1725/862 1611/1724/861 2045/1891/1018 1828/1892/1019
f 1828/1892/1019 2045/1891/1018 2202/1893/1020 1827/1894/1021
f 1827/1894/1021 2202/1893/1020 2201/1895/1022 1826/1896/1023
f 1826/1896/1023 2201/1895/1022 2200/1897/1024 1825/1898/1025
f 1825/1898/1025 2200/1897/1024 2199/1899/1026 1824/1900/1027
f 2048/1721/859 1624/1720/858 2043/1901/1028 1823/1902/1029
f 1823/1902/1029 2043/1901/1028 2197/1903/1030 1822/1904/1031
f 1822/1904/1031 2197/1903/1030 2196/1905/1032 1821/1906/1033
f 1821/1906/1033 2196/1905/1032 2195/1907/1034 1820/1908/1035
f 1820/1908/1035 2195/1907/1034 2194/1909/1036 1819/1910/1037
f 2046/1717/855 1610/1716/854 2041/1911/1038 1818/1912/1039
f 1818/1912/1039 2041/1911/1038 2192/1913/1040 1817/1914/1041
f 1817/1914/1041 2192/1913/1040 2191/1915/1042 1816/1916/1043
f 1816/1916/1043 2191/1915/1042 2190/1917/1044 1815/1918/1045
f 1815/1918/1045 2190/1917/1044 2189/1919/1046 1814/1920/1047
f 2044/1713/852 1623/1712/851 2039/1921/1048 1813/1922/1049
f 1813/1922/1049 2039/1921/1048 2187/1923/1050 1812/1924/1051
f 1812/1924/1051 2187/1923/1050 2186/1925/1052 1811/1926/1053
f 1811/1926/1053 2186/1925/1052 2185/1927/1054 1810/1928/1055
f 1810/1928/1055 2185/1927/1054 2184/1929/1056 1809/1930/1057
f 1606/1709/848 1636/1708/847 2037/1931/1058 2123/1932/1059
f 2123/1932/1059 2037/1931/1058 2182/1933/1060 2124/1934/1061
f 2124/1934/1061 2182/1933/1060 2181/1935/1062 2125/1936/1063
f 2125/1936/1063 2181/1935/1062 2180/1937/1064 2126/1938/1065
f 2126/1938/1065 2180/1937/1064 2179/1939/1066 2127/1940/1067
f 2042/1705/845 1609/1704/844 2035/1941/1068 1808/1942/1069
f 1808/1942/1069 2035/1941/1068 2177/1943/1070 1807/1944/1071
f 1807/1944/1071 2177/1943/1070 2176/1945/1072 1806/1946/1073
f 1806/1946/1073 2176/1945/1072 2175/1947/1074 1805/1948/1075
f 1805/1948/1075 2175/1947/1074 2174/1949/1076 1804/1950/1077
f 2040/1701/841 1622/1700/840 2033/1951/1078 1803/1952/1079
f 1803/1952/1079 2033/1951/1078 2172/1953/1080 1802/1954/1081
f 1802/1954/1081 2172/1953/1080 2171/1955/1082 1801/1956/1083
f 1801/1956/1083 2171/1955/1082 2170/1957/1084 1800/1958/1085
f 1800/1958/1085 2170/1957/1084 2169/1959/1086 1799/1960/1087
f 2038/1697/838 1635/1696/837 2031/1961/1088 1798/1962/1089
f 1798/1962/1089 2031/1961/1088 2167/1963/1090 1797/1964/1091
f 1797/1964/1091 2167/1963/1090 2166/1965/1092 1796/1966/1093
f 1796/1966/1093 2166/1965/1092 2165/1967/1094 1795/1968/1095
f 1795/1968/1095 2165/1967/1094 2164/1969/1096 1794/1970/1097
f 2036/1693/835 1608/1692/834 2029/1971/1098 1793/1972/1099
f 1793/1972/1099 2029/1971/1098 2162/1973/1100 1792/1974/1101
f 1792/1974/1101 2162/1973/1100 2161/1975/1102 1791/1976/1103
f 1791/1976/1103 2161/1975/1102 2160/1977/1104 1790/1978/1105
f 1790/1978/1105 2160/1977/1104 2159/1979/1106 1789/1980/1107
f 2034/1689/831 1621/1688/830 2027/1981/1108 1788/1982/1109
f 1788/1982/1109 2027/1981/1108 2157/1983/1110 1787/1984/1111
f 1787/1984/1111 2157/1983/1110 2156/1985/1112 1786/1986/1113
f 1786/1986/1113 2156/1985/1112 2155/1987/1114 1785/1988/1115
f 1785/1988/1115 2155/1987/1114 2154/1989/1116 1784/1990/1117
f 2032/1685/828 1634/1684/827 2025/1991/1118 1783/1992/1119
f 1783/1992/1119 2025/1991/1118 2152/1993/1120 1782/1994/1121
f 1782/1994/1121 2152/1993/1120 2151/1995/1122 1781/1996/1123
f 1781/1996/1123 2151/1995/1122 2150/1997/1124 1780/1998/1125
f 1780/1998/1125 2150/1997/1124 2149/1999/1126 1779/2000/1127
f 2030/1681/825 1607/1680/824 2023/2001/1128 1778/2002/1129
f 1778/2002/1129 2023/2001/1128 2147/2003/1130 1777/2004/1131
f 1777/2004/1131 2147/2003/1130 2146/2005/1132 1776/2006/1133
f 1776/2006/1133 2146/2005/1132 2145/2007/1134 1775/2008/1135
f 1775/2008/1135 2145/2007/1134 2144/2009/1136 1774/2010/1137
f 2028/1677/822 1620/1676/821 2021/2011/1138 1773/2012/1139
f 1773/2012/1139 2021/2011/1138 2142/2013/1140 1772/2014/1141
f 1772/2014/1141 2142/2013/1140 2141/2015/1142 1771/2016/1143
f 1771/2016/1143 2141/2015/1142 2140/2017/1144 1770/2018/1145
f 1770/2018/1145 2140/2017/1144 2139/2019/1146 1769/2020/1147
f 2026/1673/819 1633/1672/818 2019/2021/1148 1768/2022/1149
f 1768/2022/1149 2019/2021/1148 2137/2023/1150 1767/2024/1151
f 1767/2024/1151 2137/2023/1150 2136/2025/1152 1766/2026/1153
f 1766/2026/1153 2136/2025/1152 2135/2027/1154 1765/2028/1155
f 1765/2028/1155 2135/2027/1154 2134/2029/1156 1764/2030/1157
f 2024/1669/815 1605/1668/814 2017/2031/1158 1763/2032/1159
f 1763/2032/1159 2017/2031/1158 2132/2033/1160 1762/2034/1161
f 1762/2034/1161 2132/2033/1160 2131/2035/1162 1761/2036/1163
f 1761/2036/1163 2131/2035/1162 2130/2037/1164 1760/2038/1165
f 1760/2038/1165 2130/2037/1164 2129/2039/1166 1759/2040/1167
f 2022/1665/812 1619/1664/811 2014/2041/1168 1758/2042/1169
f 1758/2042/1169 2014/2041/1168 2122/2043/1170 1757/2044/1171
f 1757/2044/1171 2122/2043/1170 2121/2045/1172 1756/2046/1173
f 1756/2046/1173 2121/2045/1172 2120/2047/1174 1755/2048/1175
f 1755/2048/1175 2120/2047/1174 2119/2049/1176 1754/2050/1177
f 2020/1661/809 1632/1660/808 2013/2051/1178 1753/2052/1179
f 1753/2052/1179 2013/2051/1178 2117/2053/1180 1752/2054/1181
f 1752/2054/1181 2117/2053/1180 2116/2055/1182 1751/2056/1183
f 1751/2056/1183 2116/2055/1182 2115/2057/1184 1750/2058/1185
f 1750/2058/1185 2115/2057/1184 2114/2059/1186 1749/2060/1187
f 2018/1657/805 1963/1656/804 1739/2061/1188 1748/2062/1189
f 1748/2062/1189 1739/2061/1188 1740/2063/1190 1747/2064/1191
f 1747/2064/1191 1740/2063/1190 1741/2065/1192 1746/2066/1193
f 1746/2066/1193 1741/2065/1192 1742/2067/1194 1745/2068/1195
f 1745/2068/1195 1742/2067/1194 1743/2069/1196 1744/2070/1197
f 2015/1653/802 1618/1652/801 2012/2071/1198 1738/2072/1199
f 1738/2072/1199 2012/2071/1198 2112/2073/1200 1737/2074/1201
f 1737/2074/1201 2112/2073/1200 2111/2075/1202 1736/2076/1203
f 1736/2076/1203 2111/2075/1202 2110/2077/1204 1735/2078/1205
f 1735/2078/1205 2110/2077/1204 2109/2079/1206 1734/2080/1207
f 1966/1777/904 1631/1776/903 2010/2081/1208 1733/2082/1209
f 1733/2082/1209 2010/2081/1208 2107/2083/1210 1732/2084/1211
f 1732/2084/1211 2107/2083/1210 2106/2085/1212 1731/2086/1213
f 1731/2086/1213 2106/2085/1212 2105/2087/1214 1730/2088/1215
f 1730/2088/1215 2105/2087/1214 2104/2089/1216 1729/2090/1217
f 1961/1773/901 1617/1772/900 2008/2091/1218 1728/2092/1219
f 1728/2092/1219 2008/2091/1218 2102/2093/1220 1727/2094/1221
f 1727/2094/1221 2102/2093/1220 2101/2095/1222 1726/2096/1223
f 1726/2096/1223 2101/2095/1222 2100/2097/1224 1725/2098/1225
f 1725/2098/1225 2100/2097/1224 2099/2099/1226 1724/2100/1227
f 2011/1769/897 1630/1768/896 2006/2101/1228 1723/2102/1229
f 1723/2102/1229 2006/2101/1228 2097/2103/1230 1722/2104/1231
f 1722/2104/1231 2097/2103/1230 2096/2105/1232 1721/2106/1233
f 1721/2106/1233 2096/2105/1232 2095/2107/1234 1720/2108/1235
f 1720/2108/1235 2095/2107/1234 2094/2109/1236 1719/2110/1237
f 2009/1765/894 1616/1764/893 2004/2111/1238 1718/2112/1239
f 1718/2112/1239 2004/2111/1238 2092/2113/1240 1717/2114/1241
f 1717/2114/1241 2092/2113/1240 2091/2115/1242 1716/2116/1243
f 1716/2116/1243 2091/2115/1242 2090/2117/1244 1715/2118/1245
f 1715/2118/1245 2090/2117/1244 2089/2119/1246 1714/2120/1247
f 2007/1761/890 1629/1760/889 2002/2121/1248 1713/2122/1249
f 1713/2122/1249 2002/2121/1248 2087/2123/1250 1712/2124/1251
f 1712/2124/1251 2087/2123/1250 2086/2125/1252 1711/2126/1253
f 1711/2126/1253 2086/2125/1252 2085/2127/1254 1710/2128/1255
f 1710/2128/1255 2085/2127/1254 2084/2129/1256 1709/2130/1257
f 2005/1757/887 1615/1756/886 2000/2131/1258 1708/2132/1259
f 1708/2132/1259 2000/2131/1258 2082/2133/1260 1707/2134/1261
f 1707/2134/1261 2082/2133/1260 2081/2135/1262 1706/2136/1263
f 1706/2136/1263 2081/2135/1262 2080/2137/1264 1705/2138/1265
f 1705/2138/1265 2080/2137/1264 2079/2139/1266 1704/2140/1267
f 2003/1753/884 1628/1752/883 1998/2141/1268 1703/2142/1269
f 1703/2142/1269 1998/2141/1268 2077/2143/1270 1702/2144/1271
f 1702/2144/1271 2077/2143/1270 2076/2145/1272 1701/2146/1273
f 1701/2146/1273 2076/2145/1272 2075/2147/1274 1700/2148/1275
f 1700/2148/1275 2075/2147/1274 2074/2149/1276 1699/2150/1277
f 2001/1749/881 1614/1748/880 1996/2151/1278 1698/2152/1279
f 1698/2152/1279 1996/2151/1278 2072/2153/1280 1697/2154/1281
f 1697/2154/1281 2072/2153/1280 2071/2155/1282 1696/2156/1283
f 1696/2156/1283 2071/2155/1282 2070/2157/1284 1695/2158/1285
f 1695/2158/1285 2070/2157/1284 2069/2159/1286 1694/2160/1287
f 1999/1745/878 1627/1744/877 1993/2161/1288 1693/2162/1289
f 1693/2162/1289 1993/2161/1288 2061/2163/1290 1692/2164/1291
f 1692/2164/1291 2061/2163/1290 2060/2165/1292 1691/2166/1293
f 1691/2166/1293 2060/2165/1292 2059/2167/1294 1690/2168/1295
f 1690/2168/1295 2059/2167/1294 2058/2169/1296 1689/2170/1297
f 1997/1741/875 1613/1740/874 1679/2171/1298 1688/2172/1299
f 1688/2172/1299 1679/2171/1298 1680/2173/1300 1687/2174/1301
f 1687/2174/1301 1680/2173/1300 1681/2175/1302 1686/2176/1303
f 1686/2176/1303 1681/2175/1302 1682/2177/1304 1685/2178/1305
f 1685/2178/1305 1682/2177/1304 1683/2179/1306 1684/2180/1307
f 1994/1737/872 1626/1736/871 1669/2181/1308 1678/2182/1309
f 1678/2182/1309 1669/2181/1308 1670/2183/1310 1677/2184/1311
f 1677/2184/1311 1670/2183/1310 1671/2185/1312 1676/2186/1313
f 1676/2186/1313 1671/2185/1312 1672/2187/1314 1675/2188/1315
f 1675/2188/1315 1672/2187/1314 1673/2189/1316 1674/2190/1317
f 2067/1880/1007 2209/1879/1006 2208/1870/997 1830/1869/996
f 2056/1890/1017 2204/1889/1016 2203/1868/995 1829/1867/994
f 1824/1900/1027 2199/1899/1026 2198/1865/992 1860/1864/991
f 1819/1910/1037 2194/1909/1036 2193/1862/989 1859/1861/988
f 1814/1920/1047 2189/1919/1046 2188/1859/986 1858/1858/985
f 1809/1930/1057 2184/1929/1056 2183/1856/983 1857/1855/982
f 2127/1940/1067 2179/1939/1066 2178/1854/981 1831/1853/980
f 1804/1950/1077 2174/1949/1076 2173/1851/978 1856/1850/977
f 1799/1960/1087 2169/1959/1086 2168/1848/975 1855/1847/974
f 1794/1970/1097 2164/1969/1096 2163/1845/972 1854/1844/971
f 1789/1980/1107 2159/1979/1106 2158/1842/969 1853/1841/968
f 1784/1990/1117 2154/1989/1116 2153/1839/966 1852/1838/965
f 1779/2000/1127 2149/1999/1126 2148/1836/963 1851/1835/962
f 1774/2010/1137 2144/2009/1136 2143/1833/960 1850/1832/959
f 1769/2020/1147 2139/2019/1146 2138/1830/957 1849/1829/956
f 1764/2030/1157 2134/2029/1156 2133/1827/954 1848/1826/953
f 1759/2040/1167 2129/2039/1166 2128/1824/951 1847/1823/950
f 1754/2050/1177 2119/2049/1176 2118/1821/948 1846/1820/947
f 1749/2060/1187 2114/2059/1186 2113/1818/945 1845/1817/944
f 1744/2070/1197 1743/2069/1196 2016/1814/941 1844/1813/940
f 1734/2080/1207 2109/2079/1206 2108/1811/938 1843/1810/937
f 1729/2090/1217 2104/2089/1216 2103/1808/935 1842/1807/934
f 1724/2100/1227 2099/2099/1226 2098/1805/932 1841/1804/931
f 1719/2110/1237 2094/2109/1236 2093/1802/929 1840/1801/928
f 1714/2120/1247 2089/2119/1246 2088/1799/926 1839/1798/925
f 1709/2130/1257 2084/2129/1256 2083/1797/924 1838/1796/923
f 1704/2140/1267 2079/2139/1266 2078/1794/921 1837/1793/920
f 1699/2150/1277 2074/2149/1276 2073/1792/919 1836/1791/918
f 1694/2160/1287 2069/2159/1286 2068/1789/916 1835/1788/915
f 1689/2170/1297 2058/2169/1296 2057/1786/913 1834/1785/912
f 1684/2180/1307 1683/2179/1306 1995/1782/909 1833/1781/908
f 1674/2190/1317 1673/2189/1316 1992/1647/796 1832/1646/795
f 1649/1800/927 1648/1795/922 1861/2191/907
f 1663/1803/930 1662/1778/905 1861/2192/907
f 1650/1806/933 1649/1800/927 1861/2193/907
f 1664/1809/936 1663/1803/930 1861/2194/907
f 1651/1812/939 1650/1806/933 1861/2195/907
f 1637/1816/943 1638/1815/942 1861/2196/907
f 1665/1819/946 1664/1809/936 1861/2197/907
f 1652/1822/949 1651/1812/939 1861/2198/907
f 1639/1825/952 1637/1816/943 1861/2199/907
f 1666/1828/955 1665/1819/946 1861/2200/907
f 1653/1831/958 1652/1822/949 1861/2201/907
f 1640/1834/961 1639/1825/952 1861/2202/907
f 1667/1837/964 1666/1828/955 1861/2203/907
f 1654/1840/967 1653/1831/958 1861/2204/907
f 1641/1843/970 1640/1834/961 1861/2205/907
f 1668/1846/973 1667/1837/964 1861/2206/907
f 1655/1849/976 1654/1840/967 1861/2207/907
f 1642/1852/979 1641/1843/970 1861/2208/907
f 1638/1815/942 1668/1846/973 1861/2209/907
f 1656/1857/984 1655/1849/976 1861/2210/907
f 1643/1860/987 1642/1852/979 1861/2211/907
f 1657/1863/990 1656/1857/984 1861/2212/907
f 1644/1866/993 1643/1860/987 1861/2213/907
f 1658/1648/797 1657/1863/990 1861/2214/907
f 1645/1783/910 1644/1866/993 1861/2215/907
f 1659/1649/798 1658/1648/797 1861/2216/907
f 1646/1784/911 1645/1783/910 1861/2217/907
f 1660/1787/914 1659/1649/798 1861/2218/907
f 1647/1790/917 1646/1784/911 1861/2219/907
f 1661/1779/906 1660/1787/914 1861/2220/907
f 1648/1795/922 1647/1790/917 1861/2221/907
f 1951/2222/1318 1949/2223/1318 1991/1775/902 1866/1774/902
f 1931/2224/1319 1929/2225/1319 1990/1771/899 1862/1770/898
f 1599/2226/1320 1947/2227/1320 1989/1767/895 1893/1766/895
f 1585/2228/1321 1927/2229/1321 1988/1763/892 1892/1762/891
f 1598/2230/1322 1945/2231/1322 1987/1759/888 1891/1758/888
f 1584/2232/1323 1925/2233/1323 1986/1755/885 1890/1754/885
f 1597/2234/1324 1943/2235/1324 1985/1751/882 1889/1750/882
f 1583/2236/1325 1923/2237/1325 1984/1747/879 1888/1746/879
f 1596/2238/1326 1941/2239/1326 1983/1743/876 1887/1742/876
f 1582/2240/1327 1921/2241/1327 1982/1739/873 1886/1738/873
f 1595/2242/1328 1939/2243/1328 1981/1735/870 1885/1734/870
f 1581/2244/1329 1919/2245/1329 1980/1731/867 1884/1730/867
f 1594/2246/1330 1937/2247/1330 1979/1727/864 1883/1726/863
f 1580/2248/1331 1917/2249/1331 1978/1723/860 1882/1722/860
f 1593/2250/1332 1934/2251/1332 1977/1719/857 1881/1718/856
f 1579/2252/1333 1915/2253/1333 1976/1715/853 1880/1714/853
f 1592/2254/1334 1591/2255/1335 2221/1711/850 1879/1710/849
f 1907/2256/1336 1959/2257/1336 1975/1707/846 1864/1706/846
f 1578/2258/1337 1913/2259/1337 1974/1703/843 1878/1702/842
f 1874/2260/1338 1877/2261/1339 2231/2262/1339 1902/2263/1340
f 1604/2264/1341 1957/2265/1341 1973/1695/836 1876/1694/836
f 1577/2266/1342 1911/2267/1342 1972/1691/833 1875/1690/832
f 2217/2268/1343 1874/2260/1338 1902/2263/1340 2233/2269/1343
f 1603/2270/1344 1955/2271/1344 1971/1683/826 1873/1682/826
f 1576/2272/1345 1909/2273/1345 1970/1679/823 1872/1678/823
f 2221/1711/850 1591/2255/1335 1968/2274/1346 2230/2275/1346
f 1602/2276/1347 1953/2277/1347 1967/1671/817 1870/1670/816
f 1575/2278/1348 1905/2279/1348 1964/1667/813 1869/1666/813
f 2215/2280/1349 2217/2268/1343 2233/2269/1343 2234/2281/1350
f 1601/2282/1351 1600/2283/1351 1965/1659/807 1867/1658/806
f 1573/2284/1352 1574/2285/1352 1962/1655/803 1865/1654/803
f 1587/2286/1353 1586/2287/1354 1960/1651/800 2213/1650/799
f 1969/2288/1355 2227/2289/1356 2232/2290/1357 1903/2291/1355
f 2227/2289/1356 2226/2292/1358 1901/2293/1358 2232/2290/1357
f 2226/2292/1358 2223/2294/1359 1900/2295/1360 1901/2293/1358
f 2223/2294/1359 2224/2296/1361 2228/2297/1361 1900/2295/1360
f 1589/1629/792 1588/1628/791 1894/2298/1362 1896/2299/1363
f 1590/1630/793 1589/1629/792 1896/2299/1363 1897/2300/1364
f 1935/1631/794 1590/1630/793 1897/2300/1364 1898/2301/1365
f 1863/2302/1366 2215/2280/1349 2234/2281/1350 2229/2303/1366
f 1587/2286/1353 2213/1650/799 1899/2304/1367 2225/2305/1367
f 1588/1628/791 1932/1627/790 1895/2306/1368 1894/2298/1362
o Cylinder.003_Cylinder.004
v 0.000000 1.767500 -0.336416
v 0.000000 2.080879 -0.336416
v 0.087071 1.767500 -0.324953
v 0.087071 2.080879 -0.324953
v 0.168208 1.767500 -0.291345
v 0.168208 2.080879 -0.291345
v 0.237882 1.767500 -0.237882
v 0.237882 2.080879 -0.237882
v 0.291345 1.767500 -0.168208
v 0.291345 2.080879 -0.168208
v 0.324953 1.767500 -0.087071
v 0.324953 2.080879 -0.087071
v 0.336416 1.767500 0.000000
v 0.336416 2.080879 0.000000
v 0.324953 1.767500 0.087071
v 0.324953 2.080879 0.087071
v 0.291345 1.767500 0.168208
v 0.291345 2.080879 0.168208
v 0.237882 1.767500 0.237882
v 0.237882 2.080879 0.237882
v 0.168208 1.767500 0.291345
v 0.168208 2.080879 0.291345
v 0.087071 1.767500 0.324953
v 0.087071 2.080879 0.324953
v -0.000000 1.767500 0.336416
v -0.000000 2.080879 0.336416
v -0.087071 1.767500 0.324953
v -0.087071 2.080879 0.324953
v -0.168208 1.767500 0.291345
v -0.168208 2.080879 0.291345
v -0.237882 1.767500 0.237882
v -0.237882 2.080879 0.237882
v -0.291345 1.767500 0.168208
v -0.291345 2.080879 0.168208
v -0.324953 1.767500 0.087071
v -0.324953 2.080879 0.087071
v -0.336416 1.767500 -0.000000
v -0.336416 2.080879 -0.000000
v -0.324953 1.767500 -0.087071
v -0.324953 2.080879 -0.087071
v -0.291345 1.767500 -0.168208
v -0.291345 2.080879 -0.168208
v -0.237882 1.767500 -0.237882
v -0.237882 2.080879 -0.237882
v -0.168208 1.767500 -0.291345
v -0.168208 2.080879 -0.291345
v -0.087071 1.767500 -0.324953
v -0.087071 2.080879 -0.324953
vt 1.000000 0.500000
vt 1.000000 1.000000
vt 0.958333 1.000000
vt 0.958333 0.500000
vt 0.916667 1.000000
vt 0.916667 0.500000
vt 0.875000 1.000000
vt 0.875000 0.500000
vt 0.833333 1.000000
vt 0.833333 0.500000
vt 0.791667 1.000000
vt 0.791667 0.500000
vt 0.750000 1.000000
vt 0.750000 0.500000
vt 0.708333 1.000000
vt 0.708333 0.500000
vt 0.666667 1.000000
vt 0.666667 0.500000
vt 0.625000 1.000000
vt 0.625000 0.500000
vt 0.583333 1.000000
vt 0.583333 0.500000
vt 0.541666 1.000000
vt 0.541666 0.500000
vt 0.500000 1.000000
vt 0.500000 0.500000
vt 0.458333 1.000000
vt 0.458333 0.500000
vt 0.416666 1.000000
vt 0.416666 0.500000
vt 0.375000 1.000000
vt 0.375000 0.500000
vt 0.333333 1.000000
vt 0.333333 0.500000
vt 0.291667 1.000000
vt 0.291667 0.500000
vt 0.250000 1.000000
vt 0.250000 0.500000
vt 0.208333 1.000000
vt 0.208333 0.500000
vt 0.166666 1.000000
vt 0.166666 0.500000
vt 0.125000 1.000000
vt 0.125000 0.500000
vt 0.083333 1.000000
vt 0.083333 0.500000
vt 0.041666 1.000000
vt 0.041666 0.500000
vt -0.000000 1.000000
vt -0.000000 0.500000
vn 0.0000 0.0000 -1.0000
vn 0.2588 0.0000 -0.9659
vn 0.5000 0.0000 -0.8660
vn 0.7071 0.0000 -0.7071
vn 0.8660 0.0000 -0.5000
vn 0.9659 0.0000 -0.2588
vn 1.0000 0.0000 0.0000
vn 0.9659 0.0000 0.2588
vn 0.8660 0.0000 0.5000
vn 0.7071 0.0000 0.7071
vn 0.5000 0.0000 0.8660
vn 0.2588 0.0000 0.9659
vn 0.0000 0.0000 1.0000
vn -0.2588 0.0000 0.9659
vn -0.5000 0.0000 0.8660
vn -0.7071 0.0000 0.7071
vn -0.8660 0.0000 0.5000
vn -0.9659 0.0000 0.2588
vn -1.0000 0.0000 0.0000
vn -0.9659 0.0000 -0.2588
vn -0.8660 0.0000 -0.5000
vn -0.7071 0.0000 -0.7071
vn -0.5000 0.0000 -0.8660
vn -0.2588 0.0000 -0.9659
usemtl Color
s 1
f 2235/2307/1369 2236/2308/1369 2238/2309/1370 2237/2310/1370
f 2237/2310/1370 2238/2309/1370 2240/2311/1371 2239/2312/1371
f 2239/2312/1371 2240/2311/1371 2242/2313/1372 2241/2314/1372
f 2241/2314/1372 2242/2313/1372 2244/2315/1373 2243/2316/1373
f 2243/2316/1373 2244/2315/1373 2246/2317/1374 2245/2318/1374
f 2245/2318/1374 2246/2317/1374 2248/2319/1375 2247/2320/1375
f 2247/2320/1375 2248/2319/1375 2250/2321/1376 2249/2322/1376
f 2249/2322/1376 2250/2321/1376 2252/2323/1377 2251/2324/1377
f 2251/2324/1377 2252/2323/1377 2254/2325/1378 2253/2326/1378
f 2253/2326/1378 2254/2325/1378 2256/2327/1379 2255/2328/1379
f 2255/2328/1379 2256/2327/1379 2258/2329/1380 2257/2330/1380
f 2257/2330/1380 2258/2329/1380 2260/2331/1381 2259/2332/1381
f 2259/2332/1381 2260/2331/1381 2262/2333/1382 2261/2334/1382
f 2261/2334/1382 2262/2333/1382 2264/2335/1383 2263/2336/1383
f 2263/2336/1383 2264/2335/1383 2266/2337/1384 2265/2338/1384
f 2265/2338/1384 2266/2337/1384 2268/2339/1385 2267/2340/1385
f 2267/2340/1385 2268/2339/1385 2270/2341/1386 2269/2342/1386
f 2269/2342/1386 2270/2341/1386 2272/2343/1387 2271/2344/1387
f 2271/2344/1387 2272/2343/1387 2274/2345/1388 2273/2346/1388
f 2273/2346/1388 2274/2345/1388 2276/2347/1389 2275/2348/1389
f 2275/2348/1389 2276/2347/1389 2278/2349/1390 2277/2350/1390
f 2277/2350/1390 2278/2349/1390 2280/2351/1391 2279/2352/1391
f 2279/2352/1391 2280/2351/1391 2282/2353/1392 2281/2354/1392
f 2281/2354/1392 2282/2353/1392 2236/2355/1369 2235/2356/1369
o Cube
v 0.228620 1.720059 1.350816
v 0.286391 1.949153 1.180025
v 0.263914 1.825062 0.703274
v 0.273663 2.049544 0.806428
v 0.000000 1.774619 0.833172
v 0.000000 1.691873 1.383200
v 0.270555 1.967491 0.717024
v 0.286342 1.835064 1.306858
v 0.199399 1.806087 0.645851
v 0.000000 1.811864 0.625550
v -0.228620 1.720059 1.350816
v -0.286391 1.949153 1.180025
v -0.263914 1.825062 0.703274
v -0.273663 2.049544 0.806428
v -0.270555 1.967491 0.717024
v -0.286342 1.835064 1.306858
v -0.199399 1.806087 0.645851
v 0.270451 1.927988 0.716809
v 0.269725 1.888123 0.715305
v 0.267753 1.852335 0.711223
v 0.228222 1.745310 1.194281
v 0.230176 1.770631 1.037771
v 0.237603 1.796207 0.880248
v 0.276574 2.036302 0.890274
v 0.280027 2.012158 0.990442
v 0.283481 1.981472 1.092031
v 0.282776 1.803627 1.317697
v 0.274391 1.772010 1.328505
v 0.257550 1.743168 1.339479
v 0.066983 1.692667 1.380312
v 0.130035 1.696337 1.372800
v 0.185225 1.704822 1.362392
v 0.195221 1.792509 0.786275
v 0.131051 1.780117 0.816824
v 0.065865 1.775457 0.829979
v 0.000000 1.757665 0.942591
v 0.000000 1.737512 1.076085
v 0.000000 1.715226 1.225630
v 0.271887 2.046082 0.755340
v 0.270949 2.029624 0.728377
v 0.270604 2.002439 0.718443
v 0.288118 1.919579 1.238213
v 0.288710 1.891749 1.274234
v 0.288118 1.864137 1.294533
v 0.274501 1.934385 0.864483
v 0.278448 1.901278 1.011941
v 0.282395 1.868171 1.159400
v 0.159615 1.808601 0.636083
v 0.111381 1.810415 0.629792
v 0.057181 1.811502 0.626501
v 0.227150 1.803352 0.659789
v 0.245828 1.803337 0.675494
v 0.257296 1.809433 0.690778
v 0.000000 1.787663 0.753178
v 0.000000 1.797507 0.697260
v -0.000000 1.805219 0.657392
v -0.270451 1.927988 0.716809
v -0.269725 1.888123 0.715305
v -0.267753 1.852335 0.711223
v -0.228222 1.745310 1.194281
v -0.230176 1.770631 1.037771
v -0.237603 1.796207 0.880248
v -0.276574 2.036302 0.890274
v -0.280027 2.012158 0.990442
v -0.283481 1.981472 1.092031
v -0.282776 1.803627 1.317697
v -0.274391 1.772010 1.328505
v -0.257550 1.743168 1.339479
v -0.066983 1.692667 1.380312
v -0.130035 1.696337 1.372800
v -0.185225 1.704822 1.362392
v -0.195221 1.792509 0.786275
v -0.131051 1.780117 0.816824
v -0.065865 1.775457 0.829979
v -0.271887 2.046082 0.755340
v -0.270949 2.029624 0.728377
v -0.270604 2.002439 0.718443
v -0.288118 1.919579 1.238213
v -0.288710 1.891749 1.274234
v -0.288118 1.864137 1.294533
v -0.274501 1.934385 0.864483
v -0.278448 1.901278 1.011941
v -0.282395 1.868171 1.159400
v -0.159615 1.808601 0.636083
v -0.111381 1.810415 0.629792
v -0.057181 1.811502 0.626501
v -0.227150 1.803352 0.659789
v -0.245828 1.803337 0.675494
v -0.257296 1.809433 0.690778
v 0.274982 1.967989 0.862438
v 0.275389 1.996154 0.864624
v 0.275912 2.018314 0.874374
v 0.279361 1.933470 1.006449
v 0.279830 1.962140 1.000989
v 0.280002 1.987918 0.995671
v 0.283740 1.898837 1.150484
v 0.284270 1.927217 1.137552
v 0.284093 1.954501 1.117624
v 0.066599 1.758579 0.939358
v 0.131161 1.763440 0.927545
v 0.190849 1.775356 0.905245
v 0.066869 1.738370 1.073159
v 0.130362 1.742654 1.064471
v 0.186663 1.752785 1.051084
v 0.066960 1.716041 1.222809
v 0.130002 1.719917 1.215417
v 0.185155 1.728987 1.205179
v 0.260615 1.824498 0.871310
v 0.269790 1.858979 0.869218
v 0.273394 1.896884 0.867108
v 0.256835 1.797110 1.028808
v 0.270455 1.829898 1.022796
v 0.276413 1.865787 1.017365
v 0.256332 1.770060 1.184539
v 0.272123 1.800922 1.175818
v 0.279557 1.834703 1.167552
v 0.192845 1.798314 0.721007
v 0.128700 1.791142 0.741245
v 0.064424 1.788185 0.750837
v 0.185282 1.800562 0.684800
v 0.124239 1.798503 0.692169
v 0.062368 1.797640 0.696153
v 0.173790 1.804069 0.658422
v 0.118214 1.804658 0.657613
v 0.059884 1.805065 0.657382
v -0.274982 1.967989 0.862438
v -0.279361 1.933470 1.006449
v -0.283740 1.898837 1.150484
v -0.275389 1.996154 0.864624
v -0.279830 1.962140 1.000989
v -0.284270 1.927217 1.137552
v -0.275912 2.018314 0.874374
v -0.280002 1.987918 0.995671
v -0.284093 1.954501 1.117624
v -0.066599 1.758579 0.939358
v -0.066869 1.738370 1.073159
v -0.066960 1.716041 1.222809
v -0.131161 1.763440 0.927545
v -0.130362 1.742654 1.064471
v -0.130002 1.719917 1.215417
v -0.190849 1.775356 0.905245
v -0.186663 1.752785 1.051084
v -0.185155 1.728987 1.205179
v -0.260615 1.824498 0.871310
v -0.256835 1.797110 1.028808
v -0.256332 1.770060 1.184539
v -0.269790 1.858979 0.869218
v -0.270455 1.829898 1.022796
v -0.272123 1.800922 1.175818
v -0.273394 1.896884 0.867108
v -0.276413 1.865787 1.017365
v -0.279557 1.834703 1.167552
v -0.192845 1.798314 0.721007
v -0.185282 1.800562 0.684800
v -0.173790 1.804069 0.658422
v -0.128700 1.791142 0.741245
v -0.124239 1.798503 0.692169
v -0.118214 1.804658 0.657613
v -0.064424 1.788185 0.750837
v -0.062368 1.797640 0.696154
v -0.059884 1.805065 0.657382
v 0.220917 1.736116 1.353427
v 0.268407 1.949425 1.180710
v 0.252727 1.839155 0.702833
v 0.255674 2.049619 0.807058
v 0.000000 1.792397 0.835984
v 0.000000 1.709678 1.385840
v 0.252563 1.967702 0.717542
v 0.268449 1.836834 1.307702
v 0.199619 1.823783 0.649141
v 0.000000 1.829485 0.629222
v -0.220917 1.736116 1.353427
v -0.268407 1.949425 1.180710
v -0.252727 1.839155 0.702833
v -0.255674 2.049619 0.807058
v -0.252563 1.967702 0.717542
v -0.268449 1.836834 1.307702
v -0.199619 1.823783 0.649141
v 0.252467 1.928599 0.717244
v 0.251822 1.889973 0.715558
v 0.250587 1.857747 0.711129
v 0.219595 1.760906 1.196792
v 0.220843 1.785854 1.040039
v 0.227119 1.810747 0.881871
v 0.258586 2.036413 0.890914
v 0.262040 2.012309 0.991092
v 0.265494 1.981676 1.092696
v 0.265199 1.807346 1.318800
v 0.258136 1.779570 1.330128
v 0.244773 1.755647 1.341715
v 0.066575 1.710466 1.382958
v 0.128590 1.714079 1.375466
v 0.181574 1.722242 1.365080
v 0.191073 1.809934 0.788053
v 0.129620 1.797873 0.819402
v 0.065480 1.793237 0.832750
v 0.000000 1.775458 0.945309
v 0.000000 1.755312 1.078756
v 0.000000 1.733030 1.228277
v 0.253898 2.046171 0.755960
v 0.252960 2.029731 0.728978
v 0.252614 2.002568 0.719014
v 0.270139 1.920049 1.238934
v 0.270743 1.892518 1.274996
v 0.270171 1.865259 1.295323
v 0.256515 1.934806 0.865042
v 0.260481 1.902143 1.012601
v 0.264463 1.869524 1.160171
v 0.159794 1.826259 0.639567
v 0.111518 1.828049 0.633398
v 0.057262 1.829126 0.630159
v 0.227007 1.821250 0.661690
v 0.244240 1.821266 0.675597
v 0.252588 1.826777 0.689778
v 0.000000 1.805413 0.756162
v 0.000000 1.815212 0.700506
v -0.000000 1.822868 0.660929
v -0.252467 1.928599 0.717244
v -0.251822 1.889973 0.715558
v -0.250587 1.857747 0.711129
v -0.219595 1.760906 1.196792
v -0.220843 1.785854 1.040039
v -0.227119 1.810747 0.881871
v -0.258586 2.036413 0.890914
v -0.262040 2.012309 0.991092
v -0.265494 1.981676 1.092696
v -0.265199 1.807346 1.318799
v -0.258136 1.779570 1.330128
v -0.244773 1.755647 1.341715
v -0.066575 1.710466 1.382958
v -0.128590 1.714079 1.375466
v -0.181574 1.722242 1.365080
v -0.191073 1.809934 0.788053
v -0.129620 1.797873 0.819402
v -0.065480 1.793237 0.832751
v -0.253898 2.046171 0.755960
v -0.252960 2.029731 0.728978
v -0.252614 2.002568 0.719014
v -0.270139 1.920049 1.238934
v -0.270743 1.892518 1.274996
v -0.270171 1.865259 1.295323
v -0.256515 1.934806 0.865042
v -0.260481 1.902143 1.012601
v -0.264463 1.869524 1.160171
v -0.159794 1.826259 0.639567
v -0.111518 1.828049 0.633398
v -0.057262 1.829126 0.630159
v -0.227007 1.821250 0.661690
v -0.244240 1.821266 0.675597
v -0.252588 1.826777 0.689778
v 0.256995 1.968235 0.863037
v 0.257402 1.996326 0.865247
v 0.257924 2.018437 0.875008
v 0.261381 1.933990 1.007112
v 0.261846 1.962477 1.001654
v 0.262016 1.988124 0.996327
v 0.265775 1.899678 1.151224
v 0.266293 1.927751 1.138269
v 0.266109 1.954807 1.118308
v 0.066138 1.776367 0.942069
v 0.129518 1.781166 0.930209
v 0.186574 1.792668 0.907699
v 0.066402 1.756164 1.075834
v 0.128701 1.760376 1.067147
v 0.182398 1.770076 1.053693
v 0.066519 1.733838 1.225462
v 0.128422 1.737648 1.218088
v 0.181114 1.746322 1.207849
v 0.244123 1.831689 0.871811
v 0.252043 1.861946 0.869719
v 0.255436 1.897982 0.867637
v 0.242025 1.807219 1.030375
v 0.253165 1.834798 1.023799
v 0.258543 1.867808 1.018108
v 0.242496 1.781396 1.186548
v 0.255311 1.807205 1.177197
v 0.261813 1.837576 1.168498
v 0.189654 1.816022 0.721495
v 0.127785 1.808945 0.743734
v 0.064201 1.805949 0.753736
v 0.184461 1.818481 0.686295
v 0.123958 1.816286 0.694943
v 0.062326 1.815359 0.699316
v 0.173833 1.821834 0.661315
v 0.118283 1.822346 0.660949
v 0.059944 1.822721 0.660881
v -0.256995 1.968235 0.863037
v -0.261381 1.933990 1.007112
v -0.265775 1.899678 1.151224
v -0.257402 1.996326 0.865247
v -0.261846 1.962477 1.001654
v -0.266293 1.927751 1.138269
v -0.257924 2.018437 0.875008
v -0.262016 1.988124 0.996327
v -0.266109 1.954807 1.118308
v -0.066138 1.776367 0.942069
v -0.066402 1.756164 1.075834
v -0.066519 1.733838 1.225462
v -0.129518 1.781166 0.930209
v -0.128701 1.760376 1.067147
v -0.128422 1.737648 1.218088
v -0.186574 1.792668 0.907699
v -0.182398 1.770076 1.053693
v -0.181114 1.746322 1.207849
v -0.244123 1.831689 0.871811
v -0.242025 1.807219 1.030375
v -0.242496 1.781396 1.186548
v -0.252043 1.861946 0.869719
v -0.253165 1.834798 1.023799
v -0.255311 1.807205 1.177196
v -0.255436 1.897982 0.867637
v -0.258543 1.867808 1.018108
v -0.261813 1.837576 1.168498
v -0.189654 1.816022 0.721495
v -0.184461 1.818481 0.686295
v -0.173833 1.821834 0.661315
v -0.127785 1.808946 0.743734
v -0.123958 1.816286 0.694943
v -0.118283 1.822346 0.660950
v -0.064201 1.805949 0.753736
v -0.062326 1.815359 0.699316
v -0.059944 1.822721 0.660881
v 0.270555 1.967491 0.717024
v 0.270451 1.927988 0.716809
v 0.269725 1.888123 0.715305
v 0.267753 1.852335 0.711223
v 0.263914 1.825062 0.703274
v 0.263914 1.825062 0.703274
v 0.263914 1.825062 0.703274
v 0.273663 2.049544 0.806428
v 0.276574 2.036302 0.890274
v 0.280027 2.012158 0.990442
v 0.283481 1.981472 1.092031
v 0.286391 1.949153 1.180025
v 0.286342 1.835064 1.306858
v 0.282776 1.803627 1.317697
v 0.274391 1.772010 1.328505
v 0.257550 1.743168 1.339479
v 0.228620 1.720059 1.350816
v 0.000000 1.691873 1.383200
v 0.066983 1.692667 1.380312
v 0.130035 1.696337 1.372800
v 0.185225 1.704822 1.362392
v 0.271887 2.046082 0.755340
v 0.270949 2.029624 0.728377
v 0.270949 2.029624 0.728377
v 0.270604 2.002439 0.718443
v 0.288118 1.919579 1.238213
v 0.288710 1.891749 1.274234
v 0.288118 1.864137 1.294533
v 0.199399 1.806087 0.645851
v 0.159615 1.808601 0.636083
v 0.111381 1.810415 0.629792
v 0.057181 1.811502 0.626501
v 0.000000 1.811864 0.625550
v 0.227150 1.803352 0.659789
v 0.245828 1.803337 0.675494
v 0.257296 1.809433 0.690778
v -0.270555 1.967491 0.717024
v -0.270451 1.927988 0.716809
v -0.269725 1.888123 0.715305
v -0.267753 1.852335 0.711223
v -0.263914 1.825062 0.703274
v -0.263914 1.825062 0.703274
v -0.263914 1.825062 0.703274
v -0.273663 2.049544 0.806428
v -0.276574 2.036302 0.890274
v -0.280027 2.012158 0.990442
v -0.283481 1.981472 1.092031
v -0.286391 1.949153 1.180025
v -0.286342 1.835064 1.306858
v -0.282776 1.803627 1.317697
v -0.274391 1.772010 1.328505
v -0.257550 1.743168 1.339479
v -0.228620 1.720059 1.350816
v -0.066983 1.692667 1.380312
v -0.130035 1.696337 1.372800
v -0.185225 1.704822 1.362392
v -0.271887 2.046082 0.755340
v -0.270949 2.029624 0.728377
v -0.270949 2.029624 0.728377
v -0.270604 2.002439 0.718443
v -0.288118 1.919579 1.238213
v -0.288710 1.891749 1.274234
v -0.288118 1.864137 1.294533
v -0.199399 1.806087 0.645851
v -0.159615 1.808601 0.636083
v -0.111381 1.810415 0.629792
v -0.057181 1.811502 0.626501
v -0.227150 1.803352 0.659789
v -0.245828 1.803337 0.675494
v -0.257296 1.809433 0.690778
v 0.252563 1.967702 0.717542
v 0.252467 1.928599 0.717244
v 0.251822 1.889973 0.715558
v 0.250587 1.857747 0.711129
v 0.252727 1.839155 0.702833
v 0.252727 1.839155 0.702833
v 0.252727 1.839155 0.702833
v 0.255674 2.049619 0.807058
v 0.258586 2.036413 0.890914
v 0.262040 2.012309 0.991092
v 0.265494 1.981676 1.092696
v 0.268407 1.949425 1.180710
v 0.268449 1.836834 1.307702
v 0.265199 1.807346 1.318800
v 0.258136 1.779570 1.330128
v 0.244773 1.755647 1.341715
v 0.220917 1.736116 1.353427
v 0.000000 1.709678 1.385840
v 0.066575 1.710466 1.382958
v 0.128590 1.714079 1.375466
v 0.181574 1.722242 1.365080
v 0.253898 2.046171 0.755960
v 0.252960 2.029731 0.728978
v 0.252960 2.029731 0.728978
v 0.252614 2.002568 0.719014
v 0.270139 1.920049 1.238934
v 0.270743 1.892518 1.274996
v 0.270171 1.865259 1.295323
v 0.199619 1.823783 0.649141
v 0.159794 1.826259 0.639567
v 0.111518 1.828049 0.633398
v 0.057262 1.829126 0.630159
v 0.000000 1.829485 0.629222
v 0.227007 1.821250 0.661690
v 0.244240 1.821266 0.675597
v 0.252588 1.826777 0.689778
v -0.252563 1.967702 0.717542
v -0.252467 1.928599 0.717244
v -0.251822 1.889973 0.715558
v -0.250587 1.857747 0.711129
v -0.252727 1.839155 0.702833
v -0.252727 1.839155 0.702833
v -0.252727 1.839155 0.702833
v -0.255674 2.049619 0.807058
v -0.258586 2.036413 0.890914
v -0.262040 2.012309 0.991092
v -0.265494 1.981676 1.092696
v -0.268407 1.949425 1.180710
v -0.268449 1.836834 1.307702
v -0.265199 1.807346 1.318799
v -0.258136 1.779570 1.330128
v -0.244773 1.755647 1.341715
v -0.220917 1.736116 1.353427
v -0.066575 1.710466 1.382958
v -0.128590 1.714079 1.375466
v -0.181574 1.722242 1.365080
v -0.253898 2.046171 0.755960
v -0.252960 2.029731 0.728978
v -0.252960 2.029731 0.728978
v -0.252614 2.002568 0.719014
v -0.270139 1.920049 1.238934
v -0.270743 1.892518 1.274996
v -0.270171 1.865259 1.295323
v -0.199619 1.823783 0.649141
v -0.159794 1.826259 0.639567
v -0.111518 1.828049 0.633398
v -0.057262 1.829126 0.630159
v -0.227007 1.821250 0.661690
v -0.244240 1.821266 0.675597
v -0.252588 1.826777 0.689778
vt 0.552745 0.552959
vt 0.577753 0.551933
vt 0.577477 0.603870
vt 0.551844 0.605927
vt 0.601603 0.550898
vt 0.601569 0.601796
vt 0.577753 0.655812
vt 0.552745 0.658915
vt 0.601603 0.652696
vt 0.531716 0.500000
vt 0.555037 0.500000
vt 0.524448 0.553968
vt 0.578358 0.500000
vt 0.601679 0.500000
vt 0.625000 0.500000
vt 0.625000 0.549858
vt 0.625000 0.599716
vt 0.625000 0.649574
vt 0.625000 0.699432
vt 0.601679 0.703595
vt 0.578358 0.707758
vt 0.555037 0.711921
vt 0.524448 0.661964
vt 0.531716 0.716084
vt 0.522906 0.607950
vt 0.281520 0.579149
vt 0.312925 0.578246
vt 0.312941 0.627909
vt 0.281305 0.631199
vt 0.344939 0.571156
vt 0.345347 0.622946
vt 0.312803 0.683121
vt 0.281288 0.687446
vt 0.344896 0.678716
vt 0.250000 0.516769
vt 0.283868 0.538933
vt 0.250000 0.575077
vt 0.313478 0.540569
vt 0.344189 0.530926
vt 0.375000 0.500000
vt 0.378641 0.561655
vt 0.379405 0.617900
vt 0.378634 0.674567
vt 0.375000 0.731403
vt 0.343750 0.736052
vt 0.312500 0.740701
vt 0.281250 0.745351
vt 0.250000 0.691692
vt 0.250000 0.750000
vt 0.250000 0.633384
vt 0.415249 0.557492
vt 0.453055 0.556025
vt 0.452918 0.612002
vt 0.415666 0.614391
vt 0.490283 0.554969
vt 0.489399 0.609941
vt 0.453055 0.667897
vt 0.415249 0.671030
vt 0.490283 0.664921
vt 0.375000 0.500000
vt 0.414179 0.500000
vt 0.453358 0.500000
vt 0.492537 0.500000
vt 0.492537 0.719914
vt 0.453358 0.723744
vt 0.414179 0.727573
vt 0.344091 0.512551
vt 0.315009 0.519750
vt 0.315972 0.511145
vt 0.344184 0.506352
vt 0.290516 0.519946
vt 0.293837 0.513207
vt 0.314887 0.508467
vt 0.344048 0.504429
vt 0.290283 0.511655
vt 0.375000 0.500000
vt 0.278700 0.515339
vt 0.284722 0.512917
vt 0.278646 0.513027
vt 0.250000 0.516769
vt 0.281250 0.512577
vt 0.312500 0.508384
vt 0.343750 0.504192
vt 0.375000 0.500000
vt 0.375000 0.500000
vt 0.375000 0.500000
vt 0.552745 0.552959
vt 0.551844 0.605927
vt 0.577477 0.603870
vt 0.577753 0.551933
vt 0.552745 0.658915
vt 0.577753 0.655812
vt 0.601569 0.601796
vt 0.601603 0.550898
vt 0.601603 0.652696
vt 0.531716 0.500000
vt 0.524448 0.553968
vt 0.555037 0.500000
vt 0.522906 0.607950
vt 0.524448 0.661964
vt 0.531716 0.716084
vt 0.555037 0.711921
vt 0.578358 0.707758
vt 0.601679 0.703595
vt 0.625000 0.699432
vt 0.625000 0.649574
vt 0.625000 0.599716
vt 0.625000 0.549858
vt 0.601679 0.500000
vt 0.625000 0.500000
vt 0.578358 0.500000
vt 0.281288 0.570782
vt 0.281305 0.628981
vt 0.312941 0.624682
vt 0.312803 0.566559
vt 0.281288 0.687169
vt 0.312803 0.682718
vt 0.345347 0.620627
vt 0.344896 0.562543
vt 0.344896 0.678426
vt 0.281250 0.512577
vt 0.281250 0.745351
vt 0.312500 0.740701
vt 0.343750 0.736052
vt 0.375000 0.731403
vt 0.378634 0.674466
vt 0.379405 0.617094
vt 0.378634 0.559233
vt 0.343750 0.504192
vt 0.375000 0.500000
vt 0.312500 0.508384
vt 0.415249 0.557278
vt 0.415666 0.614290
vt 0.452918 0.612002
vt 0.453055 0.556025
vt 0.415249 0.671018
vt 0.453055 0.667897
vt 0.489399 0.609941
vt 0.490283 0.554969
vt 0.490283 0.664921
vt 0.375000 0.500000
vt 0.414179 0.500000
vt 0.414179 0.727573
vt 0.453358 0.723744
vt 0.492537 0.719914
vt 0.492537 0.500000
vt 0.453358 0.500000
vt 0.344048 0.504152
vt 0.344184 0.504134
vt 0.315972 0.507919
vt 0.314887 0.508064
vt 0.344048 0.504152
vt 0.314887 0.508064
vt 0.293837 0.510989
vt 0.290283 0.511579
vt 0.290283 0.511377
vt 0.375000 0.500000
vt 0.375000 0.500000
vt 0.375000 0.500000
vt 0.375000 0.500000
vt 0.343750 0.504192
vt 0.312500 0.508384
vt 0.281250 0.512577
vt 0.552745 0.552959
vt 0.551844 0.605927
vt 0.577477 0.603870
vt 0.577753 0.551933
vt 0.601569 0.601796
vt 0.601603 0.550898
vt 0.552745 0.658915
vt 0.577753 0.655812
vt 0.601603 0.652696
vt 0.531716 0.500000
vt 0.524448 0.553968
vt 0.555037 0.500000
vt 0.578358 0.500000
vt 0.601679 0.500000
vt 0.625000 0.549858
vt 0.625000 0.500000
vt 0.625000 0.599716
vt 0.625000 0.649574
vt 0.601679 0.703595
vt 0.625000 0.699432
vt 0.578358 0.707758
vt 0.555037 0.711921
vt 0.524448 0.661964
vt 0.531716 0.716084
vt 0.522906 0.607950
vt 0.281520 0.579149
vt 0.281305 0.631199
vt 0.312941 0.627909
vt 0.312925 0.578246
vt 0.345347 0.622946
vt 0.344939 0.571156
vt 0.281288 0.687446
vt 0.312803 0.683121
vt 0.344896 0.678716
vt 0.250000 0.516769
vt 0.250000 0.575077
vt 0.283868 0.538933
vt 0.313478 0.540569
vt 0.344189 0.530926
vt 0.378641 0.561655
vt 0.375000 0.500000
vt 0.379405 0.617900
vt 0.378634 0.674567
vt 0.343750 0.736052
vt 0.375000 0.731403
vt 0.312500 0.740701
vt 0.281250 0.745351
vt 0.250000 0.691692
vt 0.250000 0.750000
vt 0.250000 0.633384
vt 0.415249 0.557492
vt 0.415666 0.614391
vt 0.452918 0.612002
vt 0.453055 0.556025
vt 0.489399 0.609941
vt 0.490283 0.554969
vt 0.415249 0.671030
vt 0.453055 0.667897
vt 0.490283 0.664921
vt 0.375000 0.500000
vt 0.414179 0.500000
vt 0.453358 0.500000
vt 0.492537 0.500000
vt 0.492537 0.719914
vt 0.453358 0.723744
vt 0.414179 0.727573
vt 0.344091 0.512551
vt 0.344184 0.506352
vt 0.315972 0.511145
vt 0.315009 0.519750
vt 0.293837 0.513207
vt 0.290516 0.519946
vt 0.344048 0.504429
vt 0.314887 0.508467
vt 0.290283 0.511655
vt 0.375000 0.500000
vt 0.278700 0.515339
vt 0.284722 0.512917
vt 0.278646 0.513027
vt 0.281250 0.512577
vt 0.250000 0.516769
vt 0.312500 0.508384
vt 0.343750 0.504192
vt 0.375000 0.500000
vt 0.375000 0.500000
vt 0.375000 0.500000
vt 0.552745 0.552959
vt 0.577753 0.551933
vt 0.577477 0.603870
vt 0.551844 0.605927
vt 0.577753 0.655812
vt 0.552745 0.658915
vt 0.601603 0.550898
vt 0.601569 0.601796
vt 0.601603 0.652696
vt 0.531716 0.500000
vt 0.555037 0.500000
vt 0.524448 0.553968
vt 0.522906 0.607950
vt 0.524448 0.661964
vt 0.555037 0.711921
vt 0.531716 0.716084
vt 0.578358 0.707758
vt 0.601679 0.703595
vt 0.625000 0.649574
vt 0.625000 0.699432
vt 0.625000 0.599716
vt 0.625000 0.549858
vt 0.601679 0.500000
vt 0.625000 0.500000
vt 0.578358 0.500000
vt 0.281288 0.570782
vt 0.312803 0.566559
vt 0.312941 0.624682
vt 0.281305 0.628981
vt 0.312803 0.682718
vt 0.281288 0.687169
vt 0.344896 0.562543
vt 0.345347 0.620627
vt 0.344896 0.678426
vt 0.281250 0.512577
vt 0.281250 0.745351
vt 0.312500 0.740701
vt 0.343750 0.736052
vt 0.378634 0.674466
vt 0.375000 0.731403
vt 0.379405 0.617094
vt 0.378634 0.559233
vt 0.343750 0.504192
vt 0.375000 0.500000
vt 0.312500 0.508384
vt 0.415249 0.557278
vt 0.453055 0.556025
vt 0.452918 0.612002
vt 0.415666 0.614290
vt 0.453055 0.667897
vt 0.415249 0.671018
vt 0.490283 0.554969
vt 0.489399 0.609941
vt 0.490283 0.664921
vt 0.375000 0.500000
vt 0.414179 0.500000
vt 0.414179 0.727573
vt 0.453358 0.723744
vt 0.492537 0.719914
vt 0.492537 0.500000
vt 0.453358 0.500000
vt 0.344048 0.504152
vt 0.314887 0.508064
vt 0.315972 0.507919
vt 0.344184 0.504134
vt 0.314887 0.508064
vt 0.344048 0.504152
vt 0.290283 0.511579
vt 0.293837 0.510989
vt 0.290283 0.511377
vt 0.375000 0.500000
vt 0.375000 0.500000
vt 0.375000 0.500000
vt 0.343750 0.504192
vt 0.375000 0.500000
vt 0.312500 0.508384
vt 0.281250 0.512577
vt 0.531716 0.500000
vt 0.492537 0.500000
vt 0.492537 0.500000
vt 0.531716 0.500000
vt 0.453358 0.500000
vt 0.453358 0.500000
vt 0.414179 0.500000
vt 0.414179 0.500000
vt 0.375000 0.500000
vt 0.375000 0.500000
vt 0.625000 0.549858
vt 0.625000 0.500000
vt 0.625000 0.500000
vt 0.625000 0.549858
vt 0.625000 0.599716
vt 0.625000 0.599716
vt 0.625000 0.649574
vt 0.625000 0.649574
vt 0.625000 0.699432
vt 0.625000 0.699432
vt 0.492537 0.719914
vt 0.531716 0.716084
vt 0.531716 0.716084
vt 0.492537 0.719914
vt 0.453358 0.723744
vt 0.453358 0.723744
vt 0.414179 0.727573
vt 0.414179 0.727573
vt 0.375000 0.731403
vt 0.375000 0.731403
vt 0.250000 0.750000
vt 0.281250 0.745351
vt 0.281250 0.745351
vt 0.250000 0.750000
vt 0.312500 0.740701
vt 0.312500 0.740701
vt 0.343750 0.736052
vt 0.343750 0.736052
vt 0.601679 0.500000
vt 0.601679 0.500000
vt 0.578358 0.500000
vt 0.578358 0.500000
vt 0.578358 0.500000
vt 0.555037 0.500000
vt 0.555037 0.500000
vt 0.578358 0.500000
vt 0.601679 0.703595
vt 0.601679 0.703595
vt 0.578358 0.707758
vt 0.578358 0.707758
vt 0.555037 0.711921
vt 0.555037 0.711921
vt 0.375000 0.500000
vt 0.343750 0.504192
vt 0.343750 0.504192
vt 0.375000 0.500000
vt 0.312500 0.508384
vt 0.312500 0.508384
vt 0.281250 0.512577
vt 0.281250 0.512577
vt 0.250000 0.516769
vt 0.250000 0.516769
vt 0.375000 0.500000
vt 0.375000 0.500000
vt 0.375000 0.500000
vt 0.375000 0.500000
vt 0.375000 0.500000
vt 0.375000 0.500000
vt 0.375000 0.500000
vt 0.375000 0.500000
vt 0.492537 0.500000
vt 0.531716 0.500000
vt 0.531716 0.500000
vt 0.492537 0.500000
vt 0.453358 0.500000
vt 0.453358 0.500000
vt 0.414179 0.500000
vt 0.414179 0.500000
vt 0.375000 0.500000
vt 0.375000 0.500000
vt 0.625000 0.500000
vt 0.625000 0.549858
vt 0.625000 0.549858
vt 0.625000 0.500000
vt 0.625000 0.599716
vt 0.625000 0.599716
vt 0.625000 0.649574
vt 0.625000 0.649574
vt 0.625000 0.699432
vt 0.625000 0.699432
vt 0.531716 0.716084
vt 0.492537 0.719914
vt 0.492537 0.719914
vt 0.531716 0.716084
vt 0.453358 0.723744
vt 0.453358 0.723744
vt 0.414179 0.727573
vt 0.414179 0.727573
vt 0.375000 0.731403
vt 0.375000 0.731403
vt 0.281250 0.745351
vt 0.281250 0.745351
vt 0.312500 0.740701
vt 0.312500 0.740701
vt 0.343750 0.736052
vt 0.343750 0.736052
vt 0.601679 0.500000
vt 0.601679 0.500000
vt 0.578358 0.500000
vt 0.578358 0.500000
vt 0.555037 0.500000
vt 0.578358 0.500000
vt 0.578358 0.500000
vt 0.555037 0.500000
vt 0.601679 0.703595
vt 0.601679 0.703595
vt 0.578358 0.707758
vt 0.578358 0.707758
vt 0.555037 0.711921
vt 0.555037 0.711921
vt 0.343750 0.504192
vt 0.375000 0.500000
vt 0.375000 0.500000
vt 0.343750 0.504192
vt 0.312500 0.508384
vt 0.312500 0.508384
vt 0.281250 0.512577
vt 0.281250 0.512577
vt 0.375000 0.500000
vt 0.375000 0.500000
vt 0.375000 0.500000
vt 0.375000 0.500000
vt 0.375000 0.500000
vt 0.375000 0.500000
vt 0.375000 0.500000
vt 0.375000 0.500000
vn 0.9993 -0.0137 -0.0332
vn 0.9993 -0.0096 -0.0346
vn 0.9991 -0.0187 -0.0369
vn 0.9989 -0.0289 -0.0369
vn 0.9993 -0.0068 -0.0352
vn 0.9993 -0.0114 -0.0365
vn 0.9987 -0.0296 -0.0398
vn 0.9980 -0.0467 -0.0411
vn 0.9991 -0.0170 -0.0380
vn 0.9995 -0.0117 -0.0288
vn 0.9995 -0.0071 -0.0317
vn 0.9992 -0.0234 -0.0311
vn 0.9994 -0.0060 -0.0334
vn 0.9994 -0.0050 -0.0344
vn 0.9994 -0.0042 -0.0350
vn 0.9993 -0.0062 -0.0356
vn 0.9993 -0.0084 -0.0361
vn 0.9992 -0.0113 -0.0370
vn 0.9991 -0.0151 -0.0381
vn 0.9988 -0.0261 -0.0401
vn 0.9982 -0.0427 -0.0423
vn 0.9971 -0.0623 -0.0439
vn 0.9962 -0.0751 -0.0428
vn 0.9940 -0.0983 -0.0469
vn 0.9982 -0.0481 -0.0367
vn 0.0256 -0.9883 -0.1506
vn 0.0913 -0.9847 -0.1480
vn 0.0923 -0.9846 -0.1487
vn 0.0259 -0.9886 -0.1486
vn 0.2375 -0.9618 -0.1363
vn 0.2369 -0.9606 -0.1449
vn 0.0878 -0.9850 -0.1484
vn 0.0245 -0.9888 -0.1474
vn 0.2245 -0.9631 -0.1484
vn 0.0000 -0.9877 -0.1562
vn 0.0214 -0.9878 -0.1540
vn 0.0000 -0.9885 -0.1510
vn 0.0795 -0.9865 -0.1432
vn 0.2304 -0.9680 -0.0988
vn 0.3590 -0.9329 0.0274
vn 0.5825 -0.8078 -0.0902
vn 0.5185 -0.8457 -0.1260
vn 0.4793 -0.8665 -0.1395
vn 0.4279 -0.8921 -0.1451
vn 0.2028 -0.9677 -0.1493
vn 0.0803 -0.9857 -0.1481
vn 0.0227 -0.9889 -0.1470
vn 0.0000 -0.9891 -0.1471
vn 0.0000 -0.9892 -0.1467
vn 0.0000 -0.9889 -0.1484
vn 0.9163 -0.3995 -0.0278
vn 0.9859 -0.1649 -0.0279
vn 0.9606 -0.2722 -0.0557
vn 0.8228 -0.5616 -0.0870
vn 0.9977 -0.0610 -0.0294
vn 0.9928 -0.1123 -0.0413
vn 0.9340 -0.3490 -0.0766
vn 0.7687 -0.6298 -0.1116
vn 0.9858 -0.1596 -0.0526
vn 0.9004 -0.4348 0.0162
vn 0.9537 -0.3007 0.0052
vn 0.9946 -0.1028 -0.0140
vn 0.9991 -0.0339 -0.0241
vn 0.9765 -0.2066 -0.0613
vn 0.9030 -0.4200 -0.0902
vn 0.7099 -0.6933 -0.1242
vn 0.1773 -0.9838 -0.0271
vn 0.0509 -0.9891 -0.1382
vn 0.0157 -0.9879 -0.1541
vn 0.0456 -0.9955 -0.0830
vn 0.0124 -0.9868 -0.1611
vn 0.0023 -0.9844 -0.1757
vn -0.0038 -0.9827 -0.1853
vn -0.0024 -0.9870 -0.1607
vn -0.0033 -0.9809 -0.1944
vn 0.2616 -0.9636 0.0555
vn 0.0000 -0.9861 -0.1657
vn 0.0000 -0.9836 -0.1803
vn 0.0000 -0.9805 -0.1965
vn 0.0000 -0.9789 -0.2040
vn -0.0045 -0.9791 -0.2033
vn -0.0077 -0.9797 -0.2003
vn -0.0099 -0.9810 -0.1936
vn 0.0079 -0.9944 -0.1056
vn -0.0122 -0.9831 -0.1828
vn 0.0882 -0.9961 -0.0058
vn -0.9993 -0.0137 -0.0332
vn -0.9989 -0.0289 -0.0369
vn -0.9991 -0.0187 -0.0369
vn -0.9993 -0.0096 -0.0346
vn -0.9980 -0.0467 -0.0411
vn -0.9987 -0.0296 -0.0398
vn -0.9993 -0.0114 -0.0365
vn -0.9993 -0.0068 -0.0352
vn -0.9991 -0.0170 -0.0380
vn -0.9995 -0.0117 -0.0288
vn -0.9992 -0.0234 -0.0311
vn -0.9995 -0.0071 -0.0317
vn -0.9982 -0.0481 -0.0367
vn -0.9962 -0.0751 -0.0428
vn -0.9940 -0.0983 -0.0469
vn -0.9971 -0.0623 -0.0439
vn -0.9982 -0.0427 -0.0423
vn -0.9988 -0.0261 -0.0401
vn -0.9991 -0.0151 -0.0381
vn -0.9992 -0.0113 -0.0370
vn -0.9993 -0.0084 -0.0361
vn -0.9993 -0.0062 -0.0356
vn -0.9994 -0.0050 -0.0344
vn -0.9994 -0.0042 -0.0350
vn -0.9994 -0.0060 -0.0334
vn -0.0256 -0.9883 -0.1506
vn -0.0259 -0.9886 -0.1486
vn -0.0923 -0.9846 -0.1487
vn -0.0913 -0.9847 -0.1480
vn -0.0245 -0.9888 -0.1474
vn -0.0878 -0.9850 -0.1484
vn -0.2369 -0.9606 -0.1449
vn -0.2375 -0.9618 -0.1363
vn -0.2245 -0.9631 -0.1484
vn -0.0214 -0.9878 -0.1540
vn -0.0227 -0.9889 -0.1470
vn -0.0803 -0.9857 -0.1481
vn -0.2028 -0.9677 -0.1493
vn -0.4279 -0.8921 -0.1451
vn -0.4793 -0.8665 -0.1395
vn -0.5185 -0.8457 -0.1260
vn -0.5825 -0.8078 -0.0902
vn -0.2304 -0.9680 -0.0988
vn -0.3590 -0.9329 0.0274
vn -0.0795 -0.9865 -0.1432
vn -0.9163 -0.3995 -0.0278
vn -0.8228 -0.5616 -0.0870
vn -0.9606 -0.2722 -0.0557
vn -0.9859 -0.1649 -0.0279
vn -0.7687 -0.6298 -0.1116
vn -0.9340 -0.3490 -0.0766
vn -0.9928 -0.1123 -0.0413
vn -0.9977 -0.0610 -0.0294
vn -0.9858 -0.1596 -0.0526
vn -0.9004 -0.4348 0.0162
vn -0.9537 -0.3007 0.0052
vn -0.7099 -0.6933 -0.1242
vn -0.9030 -0.4200 -0.0902
vn -0.9765 -0.2066 -0.0613
vn -0.9991 -0.0339 -0.0241
vn -0.9946 -0.1028 -0.0140
vn -0.1773 -0.9838 -0.0271
vn -0.0456 -0.9955 -0.0830
vn -0.0157 -0.9879 -0.1541
vn -0.0509 -0.9891 -0.1382
vn 0.0024 -0.9870 -0.1607
vn 0.0038 -0.9827 -0.1853
vn -0.0023 -0.9844 -0.1757
vn -0.0124 -0.9868 -0.1611
vn 0.0033 -0.9809 -0.1944
vn -0.2616 -0.9636 0.0555
vn -0.0882 -0.9961 -0.0058
vn -0.0079 -0.9944 -0.1056
vn 0.0122 -0.9831 -0.1828
vn 0.0099 -0.9810 -0.1936
vn 0.0077 -0.9797 -0.2003
vn 0.0045 -0.9791 -0.2033
vn -0.9993 0.0137 0.0332
vn -0.9989 0.0289 0.0369
vn -0.9991 0.0187 0.0369
vn -0.9993 0.0096 0.0346
vn -0.9993 0.0114 0.0365
vn -0.9993 0.0068 0.0352
vn -0.9980 0.0466 0.0411
vn -0.9987 0.0296 0.0398
vn -0.9991 0.0170 0.0380
vn -0.9995 0.0116 0.0288
vn -0.9992 0.0233 0.0311
vn -0.9995 0.0071 0.0317
vn -0.9994 0.0059 0.0334
vn -0.9994 0.0050 0.0344
vn -0.9993 0.0062 0.0356
vn -0.9994 0.0042 0.0350
vn -0.9993 0.0084 0.0361
vn -0.9992 0.0113 0.0370
vn -0.9988 0.0261 0.0401
vn -0.9991 0.0151 0.0381
vn -0.9982 0.0428 0.0423
vn -0.9971 0.0623 0.0439
vn -0.9963 0.0745 0.0428
vn -0.9941 0.0974 0.0468
vn -0.9982 0.0477 0.0367
vn -0.0255 0.9883 0.1506
vn -0.0258 0.9886 0.1486
vn -0.0916 0.9846 0.1487
vn -0.0905 0.9848 0.1480
vn -0.2329 0.9616 0.1448
vn -0.2315 0.9632 0.1365
vn -0.0244 0.9888 0.1474
vn -0.0872 0.9851 0.1483
vn -0.2217 0.9638 0.1482
vn 0.0000 0.9877 0.1563
vn 0.0000 0.9885 0.1510
vn -0.0213 0.9878 0.1540
vn -0.0786 0.9865 0.1433
vn -0.2212 0.9698 0.1023
vn -0.5808 0.8090 0.0899
vn -0.3525 0.9353 -0.0309
vn -0.5130 0.8491 0.1259
vn -0.4763 0.8681 0.1394
vn -0.1998 0.9684 0.1492
vn -0.4211 0.8953 0.1450
vn -0.0797 0.9857 0.1481
vn -0.0225 0.9889 0.1470
vn 0.0000 0.9891 0.1471
vn 0.0000 0.9892 0.1467
vn 0.0000 0.9889 0.1484
vn -0.9312 0.3638 0.0204
vn -0.8238 0.5602 0.0864
vn -0.9621 0.2670 0.0554
vn -0.9868 0.1592 0.0276
vn -0.9930 0.1105 0.0413
vn -0.9977 0.0599 0.0294
vn -0.7704 0.6277 0.1112
vn -0.9360 0.3436 0.0760
vn -0.9862 0.1569 0.0523
vn -0.9360 0.3505 -0.0322
vn -0.9665 0.2562 -0.0148
vn -0.9952 0.0970 0.0135
vn -0.9991 0.0331 0.0241
vn -0.9770 0.2044 0.0611
vn -0.9037 0.4187 0.0902
vn -0.7056 0.6976 0.1246
vn -0.1746 0.9841 0.0313
vn -0.0456 0.9955 0.0829
vn -0.0151 0.9878 0.1548
vn -0.0500 0.9890 0.1388
vn -0.0023 0.9844 0.1757
vn -0.0123 0.9868 0.1611
vn 0.0028 0.9869 0.1614
vn 0.0040 0.9826 0.1856
vn 0.0034 0.9809 0.1944
vn -0.2375 0.9702 -0.0472
vn 0.0000 0.9861 0.1657
vn 0.0000 0.9836 0.1803
vn 0.0000 0.9805 0.1965
vn 0.0045 0.9791 0.2033
vn 0.0000 0.9789 0.2041
vn 0.0077 0.9796 0.2004
vn 0.0101 0.9809 0.1941
vn -0.0074 0.9942 0.1067
vn 0.0126 0.9828 0.1841
vn -0.0862 0.9962 0.0090
vn 0.9993 0.0137 0.0332
vn 0.9993 0.0096 0.0346
vn 0.9991 0.0187 0.0369
vn 0.9989 0.0289 0.0369
vn 0.9987 0.0296 0.0398
vn 0.9980 0.0466 0.0411
vn 0.9993 0.0068 0.0352
vn 0.9993 0.0114 0.0365
vn 0.9991 0.0170 0.0380
vn 0.9995 0.0116 0.0288
vn 0.9995 0.0071 0.0317
vn 0.9992 0.0233 0.0311
vn 0.9982 0.0477 0.0367
vn 0.9963 0.0745 0.0428
vn 0.9971 0.0623 0.0439
vn 0.9941 0.0974 0.0468
vn 0.9982 0.0428 0.0423
vn 0.9988 0.0261 0.0401
vn 0.9992 0.0113 0.0370
vn 0.9991 0.0151 0.0381
vn 0.9993 0.0084 0.0361
vn 0.9993 0.0062 0.0356
vn 0.9994 0.0050 0.0344
vn 0.9994 0.0042 0.0350
vn 0.9994 0.0059 0.0334
vn 0.0255 0.9883 0.1506
vn 0.0905 0.9848 0.1480
vn 0.0916 0.9846 0.1487
vn 0.0258 0.9886 0.1486
vn 0.0872 0.9851 0.1483
vn 0.0244 0.9888 0.1474
vn 0.2315 0.9632 0.1365
vn 0.2329 0.9616 0.1448
vn 0.2217 0.9638 0.1482
vn 0.0213 0.9878 0.1540
vn 0.0225 0.9889 0.1470
vn 0.0797 0.9857 0.1481
vn 0.1998 0.9684 0.1492
vn 0.4763 0.8681 0.1394
vn 0.4211 0.8953 0.1450
vn 0.5130 0.8491 0.1259
vn 0.5808 0.8090 0.0899
vn 0.2212 0.9698 0.1023
vn 0.3525 0.9353 -0.0309
vn 0.0786 0.9865 0.1433
vn 0.9312 0.3638 0.0204
vn 0.9868 0.1592 0.0276
vn 0.9621 0.2670 0.0554
vn 0.8238 0.5602 0.0864
vn 0.9360 0.3436 0.0760
vn 0.7704 0.6277 0.1112
vn 0.9977 0.0599 0.0294
vn 0.9930 0.1105 0.0413
vn 0.9862 0.1569 0.0523
vn 0.9360 0.3505 -0.0322
vn 0.9665 0.2562 -0.0148
vn 0.7056 0.6976 0.1246
vn 0.9036 0.4187 0.0902
vn 0.9770 0.2044 0.0611
vn 0.9991 0.0331 0.0241
vn 0.9952 0.0970 0.0135
vn 0.1746 0.9841 0.0313
vn 0.0500 0.9890 0.1388
vn 0.0151 0.9878 0.1548
vn 0.0456 0.9955 0.0829
vn -0.0040 0.9826 0.1856
vn -0.0028 0.9869 0.1614
vn 0.0123 0.9868 0.1611
vn 0.0023 0.9844 0.1757
vn -0.0034 0.9809 0.1944
vn 0.2375 0.9702 -0.0472
vn 0.0862 0.9962 0.0090
vn 0.0074 0.9942 0.1067
vn -0.0101 0.9809 0.1941
vn -0.0126 0.9828 0.1841
vn -0.0077 0.9796 0.2004
vn -0.0045 0.9791 0.2033
vn -0.0280 0.0239 -0.9993
vn -0.0212 0.0240 -0.9995
vn -0.0214 0.0235 -0.9995
vn -0.0281 0.0241 -0.9993
vn 0.0031 0.0839 -0.9965
vn 0.0014 0.0801 -0.9968
vn 0.1439 0.2354 -0.9611
vn 0.1064 0.2015 -0.9737
vn 0.2352 0.3167 -0.9189
vn 0.0130 0.9808 0.1946
vn 0.0065 0.9990 0.0442
vn 0.0177 0.9651 0.2610
vn 0.0226 0.9485 0.3160
vn 0.0307 0.9170 0.3977
vn 0.0307 0.9170 0.3978
vn 0.1394 0.3152 0.9387
vn 0.0877 0.3587 0.9293
vn 0.0878 0.3585 0.9294
vn 0.1393 0.3153 0.9387
vn 0.2317 0.2689 0.9348
vn 0.2307 0.2695 0.9349
vn 0.3140 0.1591 0.9360
vn 0.3133 0.1610 0.9359
vn 0.3144 0.0149 0.9492
vn 0.3149 0.0161 0.9490
vn 0.0000 -0.1463 0.9892
vn 0.0853 -0.1433 0.9860
vn 0.1656 -0.1293 0.9777
vn 0.2464 -0.0863 0.9653
vn 0.2466 -0.0861 0.9653
vn -0.0055 0.9530 -0.3027
vn -0.0055 0.9532 -0.3024
vn -0.0130 0.8539 -0.5203
vn -0.0283 0.3440 -0.9385
vn -0.0294 0.1944 -0.9805
vn -0.0294 0.1956 -0.9802
vn 0.0444 0.8459 0.5315
vn 0.0597 0.6995 0.7121
vn 0.0597 0.6994 0.7122
vn 0.0700 0.4950 0.8660
vn 0.0701 0.4945 0.8663
vn 0.3430 0.1552 -0.9264
vn 0.1882 0.1873 -0.9641
vn 0.1880 0.1873 -0.9641
vn 0.0979 0.1977 -0.9753
vn 0.0978 0.1977 -0.9754
vn 0.0402 0.2023 -0.9785
vn 0.0401 0.2023 -0.9785
vn 0.0000 0.2036 -0.9790
vn 0.5402 0.1020 -0.8353
vn 0.5411 0.1018 -0.8347
vn 0.7167 0.0996 -0.6902
vn 0.7276 0.1032 -0.6782
vn 0.7824 0.2074 -0.5872
vn 0.7675 0.2633 -0.5845
vn 0.7395 0.3475 -0.5765
vn 0.0212 0.0240 -0.9995
vn 0.0280 0.0239 -0.9993
vn 0.0281 0.0241 -0.9993
vn 0.0214 0.0235 -0.9995
vn -0.0031 0.0839 -0.9965
vn -0.0014 0.0801 -0.9968
vn -0.1439 0.2354 -0.9611
vn -0.1064 0.2015 -0.9737
vn -0.2352 0.3167 -0.9189
vn -0.0065 0.9990 0.0442
vn -0.0130 0.9808 0.1946
vn -0.0177 0.9651 0.2610
vn -0.0226 0.9485 0.3160
vn -0.0307 0.9170 0.3977
vn -0.0307 0.9170 0.3978
vn -0.0877 0.3587 0.9293
vn -0.1394 0.3152 0.9387
vn -0.1393 0.3153 0.9387
vn -0.0878 0.3585 0.9294
vn -0.2317 0.2689 0.9348
vn -0.2307 0.2696 0.9349
vn -0.3140 0.1591 0.9360
vn -0.3133 0.1610 0.9359
vn -0.3144 0.0149 0.9492
vn -0.3149 0.0161 0.9490
vn -0.0853 -0.1433 0.9860
vn -0.1656 -0.1293 0.9777
vn -0.2464 -0.0863 0.9653
vn -0.2466 -0.0861 0.9653
vn 0.0055 0.9530 -0.3027
vn 0.0055 0.9532 -0.3024
vn 0.0130 0.8539 -0.5203
vn 0.0294 0.1944 -0.9805
vn 0.0283 0.3440 -0.9385
vn 0.0294 0.1956 -0.9802
vn -0.0444 0.8459 0.5315
vn -0.0597 0.6995 0.7121
vn -0.0597 0.6994 0.7122
vn -0.0700 0.4950 0.8660
vn -0.0701 0.4945 0.8663
vn -0.1882 0.1873 -0.9641
vn -0.3430 0.1552 -0.9264
vn -0.1880 0.1873 -0.9641
vn -0.0979 0.1977 -0.9753
vn -0.0978 0.1977 -0.9754
vn -0.0402 0.2023 -0.9785
vn -0.0401 0.2023 -0.9785
vn -0.5402 0.1020 -0.8353
vn -0.5411 0.1018 -0.8347
vn -0.7167 0.0996 -0.6902
vn -0.7276 0.1032 -0.6782
vn -0.7824 0.2074 -0.5872
vn -0.7675 0.2633 -0.5845
vn -0.7395 0.3475 -0.5765
usemtl Metal
s 1
f 2372/2357/1393 2373/2358/1394 2376/2359/1395 2375/2360/1396
f 2373/2358/1394 2374/2361/1397 2377/2362/1398 2376/2359/1395
f 2375/2360/1396 2376/2359/1395 2379/2363/1399 2378/2364/1400
f 2376/2359/1395 2377/2362/1398 2380/2365/1401 2379/2363/1399
f 2605/2366/1402 2629/2367/1403 2372/2357/1393 2327/2368/1404
f 2629/2367/1403 2627/2369/1405 2373/2358/1394 2372/2357/1393
f 2627/2369/1405 2626/2370/1406 2374/2361/1397 2373/2358/1394
f 2626/2370/1406 2612/2371/1407 2613/2372/1408 2374/2361/1397
f 2374/2361/1397 2613/2372/1408 2614/2373/1409 2377/2362/1398
f 2377/2362/1398 2614/2373/1409 2615/2374/1410 2380/2365/1401
f 2380/2365/1401 2615/2374/1410 2616/2375/1411 2630/2376/1412
f 2379/2363/1399 2380/2365/1401 2630/2376/1412 2631/2377/1413
f 2378/2364/1400 2379/2363/1399 2631/2377/1413 2632/2378/1414
f 2329/2379/1415 2378/2364/1400 2632/2378/1414 2617/2380/1416
f 2328/2381/1417 2375/2360/1396 2378/2364/1400 2329/2379/1415
f 2327/2368/1404 2372/2357/1393 2375/2360/1396 2328/2381/1417
f 2381/2382/1418 2382/2383/1419 2385/2384/1420 2384/2385/1421
f 2382/2383/1419 2383/2386/1422 2386/2387/1423 2385/2384/1420
f 2384/2385/1421 2385/2384/1420 2388/2388/1424 2387/2389/1425
f 2385/2384/1420 2386/2387/1423 2389/2390/1426 2388/2388/1424
f 2287/2391/1427 2317/2392/1428 2381/2382/1418 2318/2393/1429
f 2317/2392/1428 2316/2394/1430 2382/2383/1419 2381/2382/1418
f 2316/2394/1430 2315/2395/1431 2383/2386/1422 2382/2383/1419
f 2315/2395/1431 2610/2396/1432 2305/2397/1433 2383/2386/1422
f 2383/2386/1422 2305/2397/1433 2304/2398/1434 2386/2387/1423
f 2386/2387/1423 2304/2398/1434 2303/2399/1435 2389/2390/1426
f 2389/2390/1426 2303/2399/1435 2621/2400/1436 2625/2401/1437
f 2388/2388/1424 2389/2390/1426 2625/2401/1437 2624/2402/1438
f 2387/2389/1425 2388/2388/1424 2624/2402/1438 2623/2403/1439
f 2320/2404/1440 2387/2389/1425 2623/2403/1439 2622/2405/1441
f 2319/2406/1442 2384/2385/1421 2387/2389/1425 2320/2404/1440
f 2318/2393/1429 2381/2382/1418 2384/2385/1421 2319/2406/1442
f 2390/2407/1443 2391/2408/1444 2394/2409/1445 2393/2410/1446
f 2391/2408/1444 2392/2411/1447 2395/2412/1448 2394/2409/1445
f 2393/2410/1446 2394/2409/1445 2397/2413/1449 2396/2414/1450
f 2394/2409/1445 2395/2412/1448 2398/2415/1451 2397/2413/1449
f 2609/2416/1452 2608/2417/1453 2390/2407/1443 2305/2397/1433
f 2608/2417/1453 2607/2418/1454 2391/2408/1444 2390/2407/1443
f 2607/2418/1454 2606/2419/1455 2392/2411/1447 2391/2408/1444
f 2606/2419/1455 2605/2366/1402 2327/2368/1404 2392/2411/1447
f 2392/2411/1447 2327/2368/1404 2328/2381/1417 2395/2412/1448
f 2395/2412/1448 2328/2381/1417 2329/2379/1415 2398/2415/1451
f 2398/2415/1451 2329/2379/1415 2617/2380/1416 2618/2420/1456
f 2397/2413/1449 2398/2415/1451 2618/2420/1456 2619/2421/1457
f 2396/2414/1450 2397/2413/1449 2619/2421/1457 2620/2422/1458
f 2303/2399/1435 2396/2414/1450 2620/2422/1458 2621/2400/1436
f 2304/2398/1434 2393/2410/1446 2396/2414/1450 2303/2399/1435
f 2305/2397/1433 2390/2407/1443 2393/2410/1446 2304/2398/1434
f 2399/2423/1459 2400/2424/1460 2403/2425/1461 2402/2426/1462
f 2400/2424/1460 2401/2427/1463 2404/2428/1464 2403/2425/1461
f 2402/2426/1462 2403/2425/1461 2406/2429/1465 2405/2430/1466
f 2403/2425/1461 2404/2428/1464 2407/2431/1467 2406/2429/1465
f 2610/2396/1432 2315/2395/1431 2399/2423/1459 2640/2432/1468
f 2315/2395/1431 2316/2394/1430 2400/2424/1460 2399/2423/1459
f 2316/2394/1430 2317/2392/1428 2401/2427/1463 2400/2424/1460
f 2317/2392/1428 2287/2391/1427 2336/2433/1469 2401/2427/1463
f 2401/2427/1463 2336/2433/1469 2337/2434/1470 2404/2428/1464
f 2404/2428/1464 2337/2434/1470 2338/2435/1471 2407/2431/1467
f 2407/2431/1467 2338/2435/1471 2637/2436/1472 2636/2437/1473
f 2406/2429/1465 2407/2431/1467 2636/2437/1473 2635/2438/1474
f 2405/2430/1466 2406/2429/1465 2635/2438/1474 2634/2439/1475
f 2638/2440/1476 2405/2430/1466 2634/2439/1475 2633/2441/1477
f 2639/2442/1478 2402/2426/1462 2405/2430/1466 2638/2440/1476
f 2640/2432/1468 2399/2423/1459 2402/2426/1462 2639/2442/1478
f 2408/2443/1479 2409/2444/1480 2412/2445/1481 2411/2446/1482
f 2409/2444/1480 2410/2447/1483 2413/2448/1484 2412/2445/1481
f 2411/2446/1482 2412/2445/1481 2415/2449/1485 2414/2450/1486
f 2412/2445/1481 2413/2448/1484 2416/2451/1487 2415/2449/1485
f 2641/2452/1488 2363/2453/1489 2408/2443/1479 2664/2454/1490
f 2363/2453/1489 2364/2455/1491 2409/2444/1480 2408/2443/1479
f 2364/2455/1491 2365/2456/1492 2410/2447/1483 2409/2444/1480
f 2365/2456/1492 2653/2457/1493 2667/2458/1494 2410/2447/1483
f 2410/2447/1483 2667/2458/1494 2666/2459/1495 2413/2448/1484
f 2413/2448/1484 2666/2459/1495 2665/2460/1496 2416/2451/1487
f 2416/2451/1487 2665/2460/1496 2652/2461/1497 2651/2462/1498
f 2415/2449/1485 2416/2451/1487 2651/2462/1498 2650/2463/1499
f 2414/2450/1486 2415/2449/1485 2650/2463/1499 2649/2464/1500
f 2661/2465/1501 2414/2450/1486 2649/2464/1500 2648/2466/1502
f 2662/2467/1503 2411/2446/1482 2414/2450/1486 2661/2465/1501
f 2664/2454/1490 2408/2443/1479 2411/2446/1482 2662/2467/1503
f 2417/2468/1504 2418/2469/1505 2421/2470/1506 2420/2471/1507
f 2418/2469/1505 2419/2472/1508 2422/2473/1509 2421/2470/1506
f 2420/2471/1507 2421/2470/1506 2424/2474/1510 2423/2475/1511
f 2421/2470/1506 2422/2473/1509 2425/2476/1512 2424/2474/1510
f 2287/2391/1427 2318/2393/1429 2417/2468/1504 2356/2477/1513
f 2318/2393/1429 2319/2406/1442 2418/2469/1505 2417/2468/1504
f 2319/2406/1442 2320/2404/1440 2419/2472/1508 2418/2469/1505
f 2320/2404/1440 2622/2405/1441 2658/2478/1514 2419/2472/1508
f 2419/2472/1508 2658/2478/1514 2659/2479/1515 2422/2473/1509
f 2422/2473/1509 2659/2479/1515 2660/2480/1516 2425/2476/1512
f 2425/2476/1512 2660/2480/1516 2657/2481/1517 2342/2482/1518
f 2424/2474/1510 2425/2476/1512 2342/2482/1518 2343/2483/1519
f 2423/2475/1511 2424/2474/1510 2343/2483/1519 2344/2484/1520
f 2354/2485/1521 2423/2475/1511 2344/2484/1520 2646/2486/1522
f 2355/2487/1523 2420/2471/1507 2423/2475/1511 2354/2485/1521
f 2356/2477/1513 2417/2468/1504 2420/2471/1507 2355/2487/1523
f 2426/2488/1524 2427/2489/1525 2430/2490/1526 2429/2491/1527
f 2427/2489/1525 2428/2492/1528 2431/2493/1529 2430/2490/1526
f 2429/2491/1527 2430/2490/1526 2433/2494/1530 2432/2495/1531
f 2430/2490/1526 2431/2493/1529 2434/2496/1532 2433/2494/1530
f 2645/2497/1533 2344/2484/1520 2426/2488/1524 2644/2498/1534
f 2344/2484/1520 2343/2483/1519 2427/2489/1525 2426/2488/1524
f 2343/2483/1519 2342/2482/1518 2428/2492/1528 2427/2489/1525
f 2342/2482/1518 2657/2481/1517 2656/2499/1535 2428/2492/1528
f 2428/2492/1528 2656/2499/1535 2655/2500/1536 2431/2493/1529
f 2431/2493/1529 2655/2500/1536 2654/2501/1537 2434/2496/1532
f 2434/2496/1532 2654/2501/1537 2653/2457/1493 2365/2456/1492
f 2433/2494/1530 2434/2496/1532 2365/2456/1492 2364/2455/1491
f 2432/2495/1531 2433/2494/1530 2364/2455/1491 2363/2453/1489
f 2642/2502/1538 2432/2495/1531 2363/2453/1489 2641/2452/1488
f 2643/2503/1539 2429/2491/1527 2432/2495/1531 2642/2502/1538
f 2644/2498/1534 2426/2488/1524 2429/2491/1527 2643/2503/1539
f 2435/2504/1540 2436/2505/1541 2439/2506/1542 2438/2507/1543
f 2436/2505/1541 2437/2508/1544 2440/2509/1545 2439/2506/1542
f 2438/2507/1543 2439/2506/1542 2442/2510/1546 2441/2511/1547
f 2439/2506/1542 2440/2509/1545 2443/2512/1548 2442/2510/1546
f 2646/2486/1522 2674/2513/1549 2435/2504/1540 2354/2485/1521
f 2674/2513/1549 2673/2514/1550 2436/2505/1541 2435/2504/1540
f 2673/2514/1550 2672/2515/1551 2437/2508/1544 2436/2505/1541
f 2672/2515/1551 2668/2516/1552 2669/2517/1553 2437/2508/1544
f 2437/2508/1544 2669/2517/1553 2670/2518/1554 2440/2509/1545
f 2440/2509/1545 2670/2518/1554 2671/2519/1555 2443/2512/1548
f 2443/2512/1548 2671/2519/1555 2637/2436/1472 2338/2435/1471
f 2442/2510/1546 2443/2512/1548 2338/2435/1471 2337/2434/1470
f 2441/2511/1547 2442/2510/1546 2337/2434/1470 2336/2433/1469
f 2356/2477/1513 2441/2511/1547 2336/2433/1469 2287/2391/1427
f 2355/2487/1523 2438/2507/1543 2441/2511/1547 2356/2477/1513
f 2354/2485/1521 2435/2504/1540 2438/2507/1543 2355/2487/1523
f 2533/2520/1556 2536/2521/1557 2537/2522/1558 2534/2523/1559
f 2534/2523/1559 2537/2522/1558 2538/2524/1560 2535/2525/1561
f 2536/2521/1557 2539/2526/1562 2540/2527/1563 2537/2522/1558
f 2537/2522/1558 2540/2527/1563 2541/2528/1564 2538/2524/1560
f 2675/2529/1565 2488/2530/1566 2533/2520/1556 2699/2531/1567
f 2699/2531/1567 2533/2520/1556 2534/2523/1559 2697/2532/1568
f 2697/2532/1568 2534/2523/1559 2535/2525/1561 2696/2533/1569
f 2696/2533/1569 2535/2525/1561 2683/2534/1570 2682/2535/1571
f 2535/2525/1561 2538/2524/1560 2684/2536/1572 2683/2534/1570
f 2538/2524/1560 2541/2528/1564 2685/2537/1573 2684/2536/1572
f 2541/2528/1564 2700/2538/1574 2686/2539/1575 2685/2537/1573
f 2540/2527/1563 2701/2540/1576 2700/2538/1574 2541/2528/1564
f 2539/2526/1562 2702/2541/1577 2701/2540/1576 2540/2527/1563
f 2490/2542/1578 2687/2543/1579 2702/2541/1577 2539/2526/1562
f 2489/2544/1580 2490/2542/1578 2539/2526/1562 2536/2521/1557
f 2488/2530/1566 2489/2544/1580 2536/2521/1557 2533/2520/1556
f 2542/2545/1581 2545/2546/1582 2546/2547/1583 2543/2548/1584
f 2543/2548/1584 2546/2547/1583 2547/2549/1585 2544/2550/1586
f 2545/2546/1582 2548/2551/1587 2549/2552/1588 2546/2547/1583
f 2546/2547/1583 2549/2552/1588 2550/2553/1589 2547/2549/1585
f 2448/2554/1590 2479/2555/1591 2542/2545/1581 2478/2556/1592
f 2478/2556/1592 2542/2545/1581 2543/2548/1584 2477/2557/1593
f 2477/2557/1593 2543/2548/1584 2544/2550/1586 2476/2558/1594
f 2476/2558/1594 2544/2550/1586 2466/2559/1595 2680/2560/1596
f 2544/2550/1586 2547/2549/1585 2465/2561/1597 2466/2559/1595
f 2547/2549/1585 2550/2553/1589 2464/2562/1598 2465/2561/1597
f 2550/2553/1589 2695/2563/1599 2691/2564/1600 2464/2562/1598
f 2549/2552/1588 2694/2565/1601 2695/2563/1599 2550/2553/1589
f 2548/2551/1587 2693/2566/1602 2694/2565/1601 2549/2552/1588
f 2481/2567/1603 2692/2568/1604 2693/2566/1602 2548/2551/1587
f 2480/2569/1605 2481/2567/1603 2548/2551/1587 2545/2546/1582
f 2479/2555/1591 2480/2569/1605 2545/2546/1582 2542/2545/1581
f 2551/2570/1606 2554/2571/1607 2555/2572/1608 2552/2573/1609
f 2552/2573/1609 2555/2572/1608 2556/2574/1610 2553/2575/1611
f 2554/2571/1607 2557/2576/1612 2558/2577/1613 2555/2572/1608
f 2555/2572/1608 2558/2577/1613 2559/2578/1614 2556/2574/1610
f 2679/2579/1615 2466/2559/1595 2551/2570/1606 2678/2580/1616
f 2678/2580/1616 2551/2570/1606 2552/2573/1609 2677/2581/1617
f 2677/2581/1617 2552/2573/1609 2553/2575/1611 2676/2582/1618
f 2676/2582/1618 2553/2575/1611 2488/2530/1566 2675/2529/1565
f 2553/2575/1611 2556/2574/1610 2489/2544/1580 2488/2530/1566
f 2556/2574/1610 2559/2578/1614 2490/2542/1578 2489/2544/1580
f 2559/2578/1614 2688/2583/1619 2687/2543/1579 2490/2542/1578
f 2558/2577/1613 2689/2584/1620 2688/2583/1619 2559/2578/1614
f 2557/2576/1612 2690/2585/1621 2689/2584/1620 2558/2577/1613
f 2464/2562/1598 2691/2564/1600 2690/2585/1621 2557/2576/1612
f 2465/2561/1597 2464/2562/1598 2557/2576/1612 2554/2571/1607
f 2466/2559/1595 2465/2561/1597 2554/2571/1607 2551/2570/1606
f 2560/2586/1622 2563/2587/1623 2564/2588/1624 2561/2589/1625
f 2561/2589/1625 2564/2588/1624 2565/2590/1626 2562/2591/1627
f 2563/2587/1623 2566/2592/1628 2567/2593/1629 2564/2588/1624
f 2564/2588/1624 2567/2593/1629 2568/2594/1630 2565/2590/1626
f 2680/2560/1596 2710/2595/1631 2560/2586/1622 2476/2558/1594
f 2476/2558/1594 2560/2586/1622 2561/2589/1625 2477/2557/1593
f 2477/2557/1593 2561/2589/1625 2562/2591/1627 2478/2556/1592
f 2478/2556/1592 2562/2591/1627 2497/2596/1632 2448/2554/1590
f 2562/2591/1627 2565/2590/1626 2498/2597/1633 2497/2596/1632
f 2565/2590/1626 2568/2594/1630 2499/2598/1634 2498/2597/1633
f 2568/2594/1630 2706/2599/1635 2707/2600/1636 2499/2598/1634
f 2567/2593/1629 2705/2601/1637 2706/2599/1635 2568/2594/1630
f 2566/2592/1628 2704/2602/1638 2705/2601/1637 2567/2593/1629
f 2708/2603/1639 2703/2604/1640 2704/2602/1638 2566/2592/1628
f 2709/2605/1641 2708/2603/1639 2566/2592/1628 2563/2587/1623
f 2710/2595/1631 2709/2605/1641 2563/2587/1623 2560/2586/1622
f 2569/2606/1642 2572/2607/1643 2573/2608/1644 2570/2609/1645
f 2570/2609/1645 2573/2608/1644 2574/2610/1646 2571/2611/1647
f 2572/2607/1643 2575/2612/1648 2576/2613/1649 2573/2608/1644
f 2573/2608/1644 2576/2613/1649 2577/2614/1650 2574/2610/1646
f 2711/2615/1651 2734/2616/1652 2569/2606/1642 2524/2617/1653
f 2524/2617/1653 2569/2606/1642 2570/2609/1645 2525/2618/1654
f 2525/2618/1654 2570/2609/1645 2571/2611/1647 2526/2619/1655
f 2526/2619/1655 2571/2611/1647 2737/2620/1656 2723/2621/1657
f 2571/2611/1647 2574/2610/1646 2736/2622/1658 2737/2620/1656
f 2574/2610/1646 2577/2614/1650 2735/2623/1659 2736/2622/1658
f 2577/2614/1650 2721/2624/1660 2722/2625/1661 2735/2623/1659
f 2576/2613/1649 2720/2626/1662 2721/2624/1660 2577/2614/1650
f 2575/2612/1648 2719/2627/1663 2720/2626/1662 2576/2613/1649
f 2731/2628/1664 2718/2629/1665 2719/2627/1663 2575/2612/1648
f 2732/2630/1666 2731/2628/1664 2575/2612/1648 2572/2607/1643
f 2734/2616/1652 2732/2630/1666 2572/2607/1643 2569/2606/1642
f 2578/2631/1667 2581/2632/1668 2582/2633/1669 2579/2634/1670
f 2579/2634/1670 2582/2633/1669 2583/2635/1671 2580/2636/1672
f 2581/2632/1668 2584/2637/1673 2585/2638/1674 2582/2633/1669
f 2582/2633/1669 2585/2638/1674 2586/2639/1675 2583/2635/1671
f 2448/2554/1590 2517/2640/1676 2578/2631/1667 2479/2555/1591
f 2479/2555/1591 2578/2631/1667 2579/2634/1670 2480/2569/1605
f 2480/2569/1605 2579/2634/1670 2580/2636/1672 2481/2567/1603
f 2481/2567/1603 2580/2636/1672 2728/2641/1677 2692/2568/1604
f 2580/2636/1672 2583/2635/1671 2729/2642/1678 2728/2641/1677
f 2583/2635/1671 2586/2639/1675 2730/2643/1679 2729/2642/1678
f 2586/2639/1675 2503/2644/1680 2727/2645/1681 2730/2643/1679
f 2585/2638/1674 2504/2646/1682 2503/2644/1680 2586/2639/1675
f 2584/2637/1673 2505/2647/1683 2504/2646/1682 2585/2638/1674
f 2515/2648/1684 2716/2649/1685 2505/2647/1683 2584/2637/1673
f 2516/2650/1686 2515/2648/1684 2584/2637/1673 2581/2632/1668
f 2517/2640/1676 2516/2650/1686 2581/2632/1668 2578/2631/1667
f 2587/2651/1687 2590/2652/1688 2591/2653/1689 2588/2654/1690
f 2588/2654/1690 2591/2653/1689 2592/2655/1691 2589/2656/1692
f 2590/2652/1688 2593/2657/1693 2594/2658/1694 2591/2653/1689
f 2591/2653/1689 2594/2658/1694 2595/2659/1695 2592/2655/1691
f 2715/2660/1696 2714/2661/1697 2587/2651/1687 2505/2647/1683
f 2505/2647/1683 2587/2651/1687 2588/2654/1690 2504/2646/1682
f 2504/2646/1682 2588/2654/1690 2589/2656/1692 2503/2644/1680
f 2503/2644/1680 2589/2656/1692 2726/2662/1698 2727/2645/1681
f 2589/2656/1692 2592/2655/1691 2725/2663/1699 2726/2662/1698
f 2592/2655/1691 2595/2659/1695 2724/2664/1700 2725/2663/1699
f 2595/2659/1695 2526/2619/1655 2723/2621/1657 2724/2664/1700
f 2594/2658/1694 2525/2618/1654 2526/2619/1655 2595/2659/1695
f 2593/2657/1693 2524/2617/1653 2525/2618/1654 2594/2658/1694
f 2712/2665/1701 2711/2615/1651 2524/2617/1653 2593/2657/1693
f 2713/2666/1702 2712/2665/1701 2593/2657/1693 2590/2652/1688
f 2714/2661/1697 2713/2666/1702 2590/2652/1688 2587/2651/1687
f 2596/2667/1703 2599/2668/1704 2600/2669/1705 2597/2670/1706
f 2597/2670/1706 2600/2669/1705 2601/2671/1707 2598/2672/1708
f 2599/2668/1704 2602/2673/1709 2603/2674/1710 2600/2669/1705
f 2600/2669/1705 2603/2674/1710 2604/2675/1711 2601/2671/1707
f 2716/2649/1685 2515/2648/1684 2596/2667/1703 2744/2676/1712
f 2744/2676/1712 2596/2667/1703 2597/2670/1706 2743/2677/1713
f 2743/2677/1713 2597/2670/1706 2598/2672/1708 2742/2678/1714
f 2742/2678/1714 2598/2672/1708 2739/2679/1715 2738/2680/1716
f 2598/2672/1708 2601/2671/1707 2740/2681/1717 2739/2679/1715
f 2601/2671/1707 2604/2675/1711 2741/2682/1718 2740/2681/1717
f 2604/2675/1711 2499/2598/1634 2707/2600/1636 2741/2682/1718
f 2603/2674/1710 2498/2597/1633 2499/2598/1634 2604/2675/1711
f 2602/2673/1709 2497/2596/1632 2498/2597/1633 2603/2674/1710
f 2517/2640/1676 2448/2554/1590 2497/2596/1632 2602/2673/1709
f 2516/2650/1686 2517/2640/1676 2602/2673/1709 2599/2668/1704
f 2515/2648/1684 2516/2650/1686 2599/2668/1704 2596/2667/1703
f 2289/2683/1719 2300/2684/1720 2461/2685/1721 2450/2686/1722
f 2300/2684/1720 2301/2687/1723 2462/2688/1724 2461/2685/1721
f 2301/2687/1723 2302/2689/1725 2463/2690/1726 2462/2688/1724
f 2302/2689/1725 2611/2691/1727 2681/2692/1727 2463/2690/1726
f 2306/2693/1728 2286/2694/1729 2447/2695/1729 2467/2696/1728
f 2307/2697/1730 2306/2693/1728 2467/2696/1728 2468/2698/1730
f 2308/2699/1731 2307/2697/1730 2468/2698/1730 2469/2700/1731
f 2284/2701/1732 2308/2699/1731 2469/2700/1731 2445/2702/1733
f 2309/2703/1734 2290/2704/1735 2451/2705/1736 2470/2706/1737
f 2310/2707/1738 2309/2703/1734 2470/2706/1737 2471/2708/1739
f 2311/2709/1740 2310/2707/1738 2471/2708/1739 2472/2710/1741
f 2283/2711/1742 2311/2709/1740 2472/2710/1741 2444/2712/1743
f 2288/2713/1744 2312/2714/1745 2473/2715/1745 2449/2716/1744
f 2312/2714/1745 2313/2717/1746 2474/2718/1746 2473/2715/1745
f 2313/2717/1746 2314/2719/1747 2475/2720/1748 2474/2718/1746
f 2314/2719/1747 2283/2711/1742 2444/2712/1743 2475/2720/1748
f 2286/2694/1729 2321/2721/1749 2482/2722/1750 2447/2695/1729
f 2321/2721/1749 2628/2723/1751 2698/2724/1751 2482/2722/1750
f 2322/2725/1752 2323/2726/1753 2484/2727/1754 2483/2728/1752
f 2323/2726/1753 2289/2683/1719 2450/2686/1722 2484/2727/1754
f 2324/2729/1755 2284/2701/1732 2445/2702/1733 2485/2730/1755
f 2325/2731/1756 2324/2729/1755 2485/2730/1755 2486/2732/1757
f 2326/2733/1758 2325/2731/1756 2486/2732/1757 2487/2734/1759
f 2290/2704/1735 2326/2733/1758 2487/2734/1759 2451/2705/1736
f 2291/2735/1760 2330/2736/1761 2491/2737/1762 2452/2738/1760
f 2330/2736/1761 2331/2739/1763 2492/2740/1764 2491/2737/1762
f 2331/2739/1763 2332/2741/1765 2493/2742/1766 2492/2740/1764
f 2332/2741/1765 2292/2743/1767 2453/2744/1767 2493/2742/1766
f 2333/2745/1768 2291/2735/1760 2452/2738/1760 2494/2746/1769
f 2334/2747/1770 2333/2745/1768 2494/2746/1769 2495/2748/1771
f 2335/2749/1772 2334/2747/1770 2495/2748/1771 2496/2750/1773
f 2285/2751/1774 2335/2749/1772 2496/2750/1773 2446/2752/1774
f 2339/2753/1775 2297/2754/1776 2458/2755/1777 2500/2756/1778
f 2340/2757/1779 2339/2753/1775 2500/2756/1778 2501/2758/1780
f 2341/2759/1781 2340/2757/1779 2501/2758/1780 2502/2760/1782
f 2647/2761/1783 2341/2759/1781 2502/2760/1782 2717/2762/1783
f 2296/2763/1784 2345/2764/1785 2506/2765/1785 2457/2766/1784
f 2345/2764/1785 2346/2767/1786 2507/2768/1786 2506/2765/1785
f 2346/2767/1786 2347/2769/1787 2508/2770/1787 2507/2768/1786
f 2347/2769/1787 2294/2771/1788 2455/2772/1789 2508/2770/1787
f 2298/2773/1790 2348/2774/1791 2509/2775/1792 2459/2776/1793
f 2348/2774/1791 2349/2777/1794 2510/2778/1795 2509/2775/1792
f 2349/2777/1794 2350/2779/1796 2511/2780/1797 2510/2778/1795
f 2350/2779/1796 2293/2781/1798 2454/2782/1799 2511/2780/1797
f 2351/2783/1800 2288/2713/1744 2449/2716/1744 2512/2784/1800
f 2352/2785/1801 2351/2783/1800 2512/2784/1800 2513/2786/1801
f 2353/2787/1802 2352/2785/1801 2513/2786/1801 2514/2788/1803
f 2293/2781/1798 2353/2787/1802 2514/2788/1803 2454/2782/1799
f 2357/2789/1804 2296/2763/1784 2457/2766/1784 2518/2790/1805
f 2663/2791/1806 2357/2789/1804 2518/2790/1805 2733/2792/1806
f 2359/2793/1807 2358/2794/1808 2519/2795/1808 2520/2796/1809
f 2297/2754/1776 2359/2793/1807 2520/2796/1809 2458/2755/1777
f 2294/2771/1788 2360/2797/1810 2521/2798/1810 2455/2772/1789
f 2360/2797/1810 2361/2799/1811 2522/2800/1812 2521/2798/1810
f 2361/2799/1811 2362/2801/1813 2523/2802/1814 2522/2800/1812
f 2362/2801/1813 2298/2773/1790 2459/2776/1793 2523/2802/1814
f 2366/2803/1815 2299/2804/1816 2460/2805/1816 2527/2806/1817
f 2367/2807/1818 2366/2803/1815 2527/2806/1817 2528/2808/1819
f 2368/2809/1820 2367/2807/1818 2528/2808/1819 2529/2810/1821
f 2292/2743/1767 2368/2809/1820 2529/2810/1821 2453/2744/1767
f 2299/2804/1816 2369/2811/1822 2530/2812/1823 2460/2805/1816
f 2369/2811/1822 2370/2813/1824 2531/2814/1825 2530/2812/1823
f 2370/2813/1824 2371/2815/1826 2532/2816/1827 2531/2814/1825
f 2371/2815/1826 2295/2817/1828 2456/2818/1828 2532/2816/1827
o Cylinder.004_Cylinder.003
v 0.265761 1.901194 0.848827
v 0.401808 1.901194 0.848827
v 0.265761 1.880272 0.851581
v 0.401808 1.880272 0.851581
v 0.265761 1.860776 0.859657
v 0.401808 1.860776 0.859657
v 0.265761 1.844034 0.872504
v 0.401808 1.844034 0.872504
v 0.265761 1.831187 0.889245
v 0.401808 1.831187 0.889245
v 0.265761 1.823112 0.908742
v 0.401808 1.823112 0.908742
v 0.265761 1.820357 0.929664
v 0.401808 1.820357 0.929664
v 0.265761 1.823112 0.950586
v 0.401808 1.823112 0.950586
v 0.265761 1.831187 0.970083
v 0.401808 1.831187 0.970083
v 0.265761 1.844034 0.986825
v 0.401808 1.844034 0.986825
v 0.265761 1.860776 0.999671
v 0.401808 1.860776 0.999671
v 0.265761 1.880272 1.007747
v 0.401808 1.880272 1.007747
v 0.265761 1.901194 1.010501
v 0.401808 1.901194 1.010501
v 0.265761 1.922117 1.007747
v 0.401808 1.922117 1.007747
v 0.265761 1.941613 0.999671
v 0.401808 1.941613 0.999671
v 0.265761 1.958355 0.986825
v 0.401808 1.958355 0.986825
v 0.265761 1.971201 0.970083
v 0.401808 1.971201 0.970083
v 0.265761 1.979277 0.950586
v 0.401808 1.979277 0.950586
v 0.265761 1.982032 0.929664
v 0.401808 1.982032 0.929664
v 0.265761 1.979277 0.908742
v 0.401808 1.979277 0.908742
v 0.265761 1.971201 0.889246
v 0.401808 1.971201 0.889245
v 0.265761 1.958355 0.872504
v 0.401808 1.958355 0.872504
v 0.265761 1.941613 0.859657
v 0.401808 1.941613 0.859657
v 0.265761 1.922117 0.851581
v 0.401808 1.922117 0.851581
v -0.265761 1.901194 0.848827
v -0.401808 1.901194 0.848827
v -0.265761 1.880272 0.851581
v -0.401808 1.880272 0.851581
v -0.265761 1.860776 0.859657
v -0.401808 1.860776 0.859657
v -0.265761 1.844034 0.872504
v -0.401808 1.844034 0.872504
v -0.265761 1.831187 0.889245
v -0.401808 1.831187 0.889245
v -0.265761 1.823112 0.908742
v -0.401808 1.823112 0.908742
v -0.265761 1.820357 0.929664
v -0.401808 1.820357 0.929664
v -0.265761 1.823112 0.950586
v -0.401808 1.823112 0.950586
v -0.265761 1.831187 0.970083
v -0.401808 1.831187 0.970083
v -0.265761 1.844034 0.986825
v -0.401808 1.844034 0.986825
v -0.265761 1.860776 0.999671
v -0.401808 1.860776 0.999671
v -0.265761 1.880272 1.007747
v -0.401808 1.880272 1.007747
v -0.265761 1.901194 1.010501
v -0.401808 1.901194 1.010501
v -0.265761 1.922117 1.007747
v -0.401808 1.922117 1.007747
v -0.265761 1.941613 0.999671
v -0.401808 1.941613 0.999671
v -0.265761 1.958355 0.986825
v -0.401808 1.958355 0.986825
v -0.265761 1.971201 0.970083
v -0.401808 1.971201 0.970083
v -0.265761 1.979277 0.950586
v -0.401808 1.979277 0.950586
v -0.265761 1.982032 0.929664
v -0.401808 1.982032 0.929664
v -0.265761 1.979277 0.908742
v -0.401808 1.979277 0.908742
v -0.265761 1.971201 0.889245
v -0.401808 1.971201 0.889245
v -0.265761 1.958355 0.872504
v -0.401808 1.958355 0.872504
v -0.265761 1.941613 0.859657
v -0.401808 1.941613 0.859657
v -0.265761 1.922117 0.851581
v -0.401808 1.922117 0.851581
vt 1.000000 0.500000
vt 1.000000 1.000000
vt 0.958333 1.000000
vt 0.958333 0.500000
vt 0.916667 1.000000
vt 0.916667 0.500000
vt 0.875000 1.000000
vt 0.875000 0.500000
vt 0.833333 1.000000
vt 0.833333 0.500000
vt 0.791667 1.000000
vt 0.791667 0.500000
vt 0.750000 1.000000
vt 0.750000 0.500000
vt 0.708333 1.000000
vt 0.708333 0.500000
vt 0.666667 1.000000
vt 0.666667 0.500000
vt 0.625000 1.000000
vt 0.625000 0.500000
vt 0.583333 1.000000
vt 0.583333 0.500000
vt 0.541666 1.000000
vt 0.541666 0.500000
vt 0.500000 1.000000
vt 0.500000 0.500000
vt 0.458333 1.000000
vt 0.458333 0.500000
vt 0.416666 1.000000
vt 0.416666 0.500000
vt 0.375000 1.000000
vt 0.375000 0.500000
vt 0.333333 1.000000
vt 0.333333 0.500000
vt 0.291667 1.000000
vt 0.291667 0.500000
vt 0.250000 1.000000
vt 0.250000 0.500000
vt 0.208333 1.000000
vt 0.208333 0.500000
vt 0.166666 1.000000
vt 0.166666 0.500000
vt 0.125000 1.000000
vt 0.125000 0.500000
vt 0.083333 1.000000
vt 0.083333 0.500000
vt 0.041666 1.000000
vt 0.041666 0.500000
vt -0.000000 1.000000
vt -0.000000 0.500000
vt 1.000000 0.500000
vt 0.958333 0.500000
vt 0.958333 1.000000
vt 1.000000 1.000000
vt 0.916667 0.500000
vt 0.916667 1.000000
vt 0.875000 0.500000
vt 0.875000 1.000000
vt 0.833333 0.500000
vt 0.833333 1.000000
vt 0.791667 0.500000
vt 0.791667 1.000000
vt 0.750000 0.500000
vt 0.750000 1.000000
vt 0.708333 0.500000
vt 0.708333 1.000000
vt 0.666667 0.500000
vt 0.666667 1.000000
vt 0.625000 0.500000
vt 0.625000 1.000000
vt 0.583333 0.500000
vt 0.583333 1.000000
vt 0.541666 0.500000
vt 0.541666 1.000000
vt 0.500000 0.500000
vt 0.500000 1.000000
vt 0.458333 0.500000
vt 0.458333 1.000000
vt 0.416666 0.500000
vt 0.416666 1.000000
vt 0.375000 0.500000
vt 0.375000 1.000000
vt 0.333333 0.500000
vt 0.333333 1.000000
vt 0.291667 0.500000
vt 0.291667 1.000000
vt 0.250000 0.500000
vt 0.250000 1.000000
vt 0.208333 0.500000
vt 0.208333 1.000000
vt 0.166666 0.500000
vt 0.166666 1.000000
vt 0.125000 0.500000
vt 0.125000 1.000000
vt 0.083333 0.500000
vt 0.083333 1.000000
vt 0.041666 0.500000
vt 0.041666 1.000000
vt -0.000000 0.500000
vt -0.000000 1.000000
vn 0.0000 0.0000 -1.0000
vn 0.0000 -0.2588 -0.9659
vn 0.0000 -0.5000 -0.8660
vn 0.0000 -0.7071 -0.7071
vn 0.0000 -0.8660 -0.5000
vn 0.0000 -0.9659 -0.2588
vn 0.0000 -1.0000 0.0000
vn 0.0000 -0.9659 0.2588
vn 0.0000 -0.8660 0.5000
vn 0.0000 -0.7071 0.7071
vn 0.0000 -0.5000 0.8660
vn 0.0000 -0.2588 0.9659
vn 0.0000 0.0000 1.0000
vn 0.0000 0.2588 0.9659
vn 0.0000 0.5000 0.8660
vn 0.0000 0.7071 0.7071
vn 0.0000 0.8660 0.5000
vn 0.0000 0.9659 0.2588
vn 0.0000 1.0000 0.0000
vn 0.0000 0.9659 -0.2588
vn 0.0000 0.8660 -0.5000
vn 0.0000 0.7071 -0.7071
vn 0.0000 0.5000 -0.8660
vn 0.0000 0.2588 -0.9659
usemtl Color
s 1
f 2745/2819/1829 2746/2820/1829 2748/2821/1830 2747/2822/1830
f 2747/2822/1830 2748/2821/1830 2750/2823/1831 2749/2824/1831
f 2749/2824/1831 2750/2823/1831 2752/2825/1832 2751/2826/1832
f 2751/2826/1832 2752/2825/1832 2754/2827/1833 2753/2828/1833
f 2753/2828/1833 2754/2827/1833 2756/2829/1834 2755/2830/1834
f 2755/2830/1834 2756/2829/1834 2758/2831/1835 2757/2832/1835
f 2757/2832/1835 2758/2831/1835 2760/2833/1836 2759/2834/1836
f 2759/2834/1836 2760/2833/1836 2762/2835/1837 2761/2836/1837
f 2761/2836/1837 2762/2835/1837 2764/2837/1838 2763/2838/1838
f 2763/2838/1838 2764/2837/1838 2766/2839/1839 2765/2840/1839
f 2765/2840/1839 2766/2839/1839 2768/2841/1840 2767/2842/1840
f 2767/2842/1840 2768/2841/1840 2770/2843/1841 2769/2844/1841
f 2769/2844/1841 2770/2843/1841 2772/2845/1842 2771/2846/1842
f 2771/2846/1842 2772/2845/1842 2774/2847/1843 2773/2848/1843
f 2773/2848/1843 2774/2847/1843 2776/2849/1844 2775/2850/1844
f 2775/2850/1844 2776/2849/1844 2778/2851/1845 2777/2852/1845
f 2777/2852/1845 2778/2851/1845 2780/2853/1846 2779/2854/1846
f 2779/2854/1846 2780/2853/1846 2782/2855/1847 2781/2856/1847
f 2781/2856/1847 2782/2855/1847 2784/2857/1848 2783/2858/1848
f 2783/2858/1848 2784/2857/1848 2786/2859/1849 2785/2860/1849
f 2785/2860/1849 2786/2859/1849 2788/2861/1850 2787/2862/1850
f 2787/2862/1850 2788/2861/1850 2790/2863/1851 2789/2864/1851
f 2789/2864/1851 2790/2863/1851 2792/2865/1852 2791/2866/1852
f 2791/2866/1852 2792/2865/1852 2746/2867/1829 2745/2868/1829
f 2793/2869/1829 2795/2870/1830 2796/2871/1830 2794/2872/1829
f 2795/2870/1830 2797/2873/1831 2798/2874/1831 2796/2871/1830
f 2797/2873/1831 2799/2875/1832 2800/2876/1832 2798/2874/1831
f 2799/2875/1832 2801/2877/1833 2802/2878/1833 2800/2876/1832
f 2801/2877/1833 2803/2879/1834 2804/2880/1834 2802/2878/1833
f 2803/2879/1834 2805/2881/1835 2806/2882/1835 2804/2880/1834
f 2805/2881/1835 2807/2883/1836 2808/2884/1836 2806/2882/1835
f 2807/2883/1836 2809/2885/1837 2810/2886/1837 2808/2884/1836
f 2809/2885/1837 2811/2887/1838 2812/2888/1838 2810/2886/1837
f 2811/2887/1838 2813/2889/1839 2814/2890/1839 2812/2888/1838
f 2813/2889/1839 2815/2891/1840 2816/2892/1840 2814/2890/1839
f 2815/2891/1840 2817/2893/1841 2818/2894/1841 2816/2892/1840
f 2817/2893/1841 2819/2895/1842 2820/2896/1842 2818/2894/1841
f 2819/2895/1842 2821/2897/1843 2822/2898/1843 2820/2896/1842
f 2821/2897/1843 2823/2899/1844 2824/2900/1844 2822/2898/1843
f 2823/2899/1844 2825/2901/1845 2826/2902/1845 2824/2900/1844
f 2825/2901/1845 2827/2903/1846 2828/2904/1846 2826/2902/1845
f 2827/2903/1846 2829/2905/1847 2830/2906/1847 2828/2904/1846
f 2829/2905/1847 2831/2907/1848 2832/2908/1848 2830/2906/1847
f 2831/2907/1848 2833/2909/1849 2834/2910/1849 2832/2908/1848
f 2833/2909/1849 2835/2911/1850 2836/2912/1850 2834/2910/1849
f 2835/2911/1850 2837/2913/1851 2838/2914/1851 2836/2912/1850
f 2837/2913/1851 2839/2915/1852 2840/2916/1852 2838/2914/1851
f 2839/2915/1852 2793/2917/1829 2794/2918/1829 2840/2916/1852
o Cylinder.005
v 0.329345 0.068334 -0.554529
v 0.362322 0.068334 -0.579834
v 0.400725 0.068334 -0.595741
v 0.441937 0.068334 -0.601166
v 0.483149 0.068334 -0.595741
v 0.521552 0.068334 -0.579834
v 0.554529 0.068334 -0.554529
v 0.579834 0.068334 -0.521552
v 0.595741 0.068334 -0.483149
v 0.601166 0.068334 -0.441937
v 0.595741 0.068334 -0.400725
v 0.579834 0.068334 -0.362322
v 0.554529 0.068334 -0.329345
v 0.521552 0.068334 -0.304040
v 0.483149 0.068334 -0.288133
v 0.441937 0.068334 -0.282708
v 0.400725 0.068334 -0.288133
v 0.362322 0.068334 -0.304040
v 0.329345 0.068334 -0.329345
v 0.304040 0.068334 -0.362323
v 0.288133 0.068334 -0.400725
v 0.282708 0.068334 -0.441937
v 0.288133 0.068334 -0.483149
v 0.304040 0.068334 -0.521552
v 0.337037 0.000227 -0.546837
v 0.329345 0.010622 -0.554529
v 0.367761 0.000227 -0.570413
v 0.362322 0.010622 -0.579834
v 0.403541 0.000227 -0.585233
v 0.400725 0.010622 -0.595741
v 0.441937 0.000227 -0.590288
v 0.441937 0.010622 -0.601166
v 0.480333 0.000227 -0.585233
v 0.483149 0.010622 -0.595741
v 0.516112 0.000227 -0.570413
v 0.521552 0.010622 -0.579834
v 0.546837 0.000227 -0.546837
v 0.554529 0.010622 -0.554529
v 0.570413 0.000227 -0.516112
v 0.579834 0.010622 -0.521552
v 0.585233 0.000227 -0.480333
v 0.595741 0.010622 -0.483149
v 0.590288 0.000227 -0.441937
v 0.601166 0.010622 -0.441937
v 0.585233 0.000227 -0.403541
v 0.595741 0.010622 -0.400725
v 0.570413 0.000227 -0.367762
v 0.579834 0.010622 -0.362322
v 0.546837 0.000227 -0.337037
v 0.554529 0.010622 -0.329345
v 0.516113 0.000227 -0.313461
v 0.521552 0.010622 -0.304040
v 0.480333 0.000227 -0.298641
v 0.483149 0.010622 -0.288133
v 0.441937 0.000227 -0.293586
v 0.441937 0.010622 -0.282708
v 0.403541 0.000227 -0.298641
v 0.400725 0.010622 -0.288133
v 0.367761 0.000227 -0.313461
v 0.362322 0.010622 -0.304040
v 0.337037 0.000227 -0.337037
v 0.329345 0.010622 -0.329345
v 0.313461 0.000227 -0.367762
v 0.304040 0.010622 -0.362323
v 0.298641 0.000227 -0.403541
v 0.288133 0.010622 -0.400725
v 0.293586 0.000227 -0.441937
v 0.282708 0.010622 -0.441937
v 0.298641 0.000227 -0.480333
v 0.288133 0.010622 -0.483149
v 0.313461 0.000227 -0.516112
v 0.304040 0.010622 -0.521552
v -0.554529 0.068334 0.329345
v -0.579834 0.068334 0.362322
v -0.595741 0.068334 0.400725
v -0.601166 0.068334 0.441937
v -0.595741 0.068334 0.483149
v -0.579834 0.068334 0.521552
v -0.554529 0.068334 0.554529
v -0.521552 0.068334 0.579834
v -0.483149 0.068334 0.595741
v -0.441937 0.068334 0.601166
v -0.400726 0.068334 0.595741
v -0.362322 0.068334 0.579834
v -0.329345 0.068334 0.554529
v -0.304041 0.068334 0.521552
v -0.288133 0.068334 0.483149
v -0.282708 0.068334 0.441937
v -0.288133 0.068334 0.400725
v -0.304040 0.068334 0.362322
v -0.329345 0.068334 0.329345
v -0.362322 0.068334 0.304040
v -0.400725 0.068334 0.288133
v -0.441937 0.068334 0.282708
v -0.483149 0.068334 0.288133
v -0.521552 0.068334 0.304040
v -0.546837 0.000227 0.337037
v -0.554529 0.010622 0.329345
v -0.570413 0.000227 0.367762
v -0.579834 0.010622 0.362322
v -0.585233 0.000227 0.403541
v -0.595741 0.010622 0.400725
v -0.590288 0.000227 0.441937
v -0.601166 0.010622 0.441937
v -0.585233 0.000227 0.480333
v -0.595741 0.010622 0.483149
v -0.570413 0.000227 0.516112
v -0.579834 0.010622 0.521552
v -0.546837 0.000227 0.546837
v -0.554529 0.010622 0.554529
v -0.516112 0.000227 0.570413
v -0.521552 0.010622 0.579834
v -0.480333 0.000227 0.585233
v -0.483149 0.010622 0.595741
v -0.441937 0.000227 0.590288
v -0.441937 0.010622 0.601166
v -0.403541 0.000227 0.585233
v -0.400726 0.010622 0.595741
v -0.367762 0.000227 0.570413
v -0.362322 0.010622 0.579834
v -0.337037 0.000227 0.546837
v -0.329345 0.010622 0.554529
v -0.313461 0.000227 0.516113
v -0.304041 0.010622 0.521552
v -0.298641 0.000227 0.480333
v -0.288133 0.010622 0.483149
v -0.293586 0.000227 0.441937
v -0.282708 0.010622 0.441937
v -0.298641 0.000227 0.403541
v -0.288133 0.010622 0.400725
v -0.313461 0.000227 0.367761
v -0.304040 0.010622 0.362322
v -0.337037 0.000227 0.337037
v -0.329345 0.010622 0.329345
v -0.367762 0.000227 0.313461
v -0.362322 0.010622 0.304040
v -0.403541 0.000227 0.298641
v -0.400725 0.010622 0.288133
v -0.441937 0.000227 0.293586
v -0.441937 0.010622 0.282708
v -0.480333 0.000227 0.298641
v -0.483149 0.010622 0.288133
v -0.516112 0.000227 0.313461
v -0.521552 0.010622 0.304040
v -0.554529 0.068334 -0.329345
v -0.579834 0.068334 -0.362322
v -0.595741 0.068334 -0.400725
v -0.601166 0.068334 -0.441937
v -0.595741 0.068334 -0.483149
v -0.579834 0.068334 -0.521552
v -0.554529 0.068334 -0.554529
v -0.521552 0.068334 -0.579834
v -0.483149 0.068334 -0.595741
v -0.441937 0.068334 -0.601166
v -0.400726 0.068334 -0.595741
v -0.362322 0.068334 -0.579834
v -0.329345 0.068334 -0.554529
v -0.304041 0.068334 -0.521552
v -0.288134 0.068334 -0.483149
v -0.282708 0.068334 -0.441937
v -0.288133 0.068334 -0.400725
v -0.304041 0.068334 -0.362322
v -0.329345 0.068334 -0.329345
v -0.362323 0.068334 -0.304041
v -0.400726 0.068334 -0.288133
v -0.441937 0.068334 -0.282708
v -0.483149 0.068334 -0.288133
v -0.521552 0.068334 -0.304040
v -0.546837 0.000227 -0.337037
v -0.554529 0.010622 -0.329345
v -0.570413 0.000227 -0.367762
v -0.579834 0.010622 -0.362322
v -0.585233 0.000227 -0.403541
v -0.595741 0.010622 -0.400725
v -0.590288 0.000227 -0.441937
v -0.601166 0.010622 -0.441937
v -0.585233 0.000227 -0.480333
v -0.595741 0.010622 -0.483149
v -0.570413 0.000227 -0.516112
v -0.579834 0.010622 -0.521552
v -0.546837 0.000227 -0.546837
v -0.554529 0.010622 -0.554529
v -0.516112 0.000227 -0.570413
v -0.521552 0.010622 -0.579834
v -0.480333 0.000227 -0.585233
v -0.483149 0.010622 -0.595741
v -0.441937 0.000227 -0.590288
v -0.441937 0.010622 -0.601166
v -0.403541 0.000227 -0.585233
v -0.400726 0.010622 -0.595741
v -0.367762 0.000227 -0.570413
v -0.362322 0.010622 -0.579834
v -0.337037 0.000227 -0.546837
v -0.329345 0.010622 -0.554529
v -0.313461 0.000227 -0.516113
v -0.304041 0.010622 -0.521552
v -0.298641 0.000227 -0.480333
v -0.288134 0.010622 -0.483149
v -0.293586 0.000227 -0.441937
v -0.282708 0.010622 -0.441937
v -0.298641 0.000227 -0.403541
v -0.288133 0.010622 -0.400725
v -0.313461 0.000227 -0.367761
v -0.304041 0.010622 -0.362322
v -0.337037 0.000227 -0.337037
v -0.329345 0.010622 -0.329345
v -0.367762 0.000227 -0.313461
v -0.362323 0.010622 -0.304041
v -0.403541 0.000227 -0.298641
v -0.400726 0.010622 -0.288133
v -0.441937 0.000227 -0.293586
v -0.441937 0.010622 -0.282708
v -0.480333 0.000227 -0.298641
v -0.483149 0.010622 -0.288133
v -0.516113 0.000227 -0.313461
v -0.521552 0.010622 -0.304040
v 0.329345 0.068334 0.554529
v 0.362322 0.068334 0.579834
v 0.400725 0.068334 0.595741
v 0.441937 0.068334 0.601166
v 0.483149 0.068334 0.595741
v 0.521552 0.068334 0.579834
v 0.554529 0.068334 0.554529
v 0.579834 0.068334 0.521552
v 0.595741 0.068334 0.483149
v 0.601166 0.068334 0.441937
v 0.595741 0.068334 0.400725
v 0.579834 0.068334 0.362322
v 0.554529 0.068334 0.329345
v 0.521552 0.068334 0.304040
v 0.483149 0.068334 0.288133
v 0.441937 0.068334 0.282708
v 0.400725 0.068334 0.288133
v 0.362322 0.068334 0.304040
v 0.329345 0.068334 0.329345
v 0.304040 0.068334 0.362322
v 0.288133 0.068334 0.400725
v 0.282708 0.068334 0.441937
v 0.288133 0.068334 0.483148
v 0.304040 0.068334 0.521552
v 0.337037 0.000227 0.546837
v 0.329345 0.010622 0.554529
v 0.367762 0.000227 0.570413
v 0.362322 0.010622 0.579834
v 0.403541 0.000227 0.585233
v 0.400725 0.010622 0.595741
v 0.441937 0.000227 0.590288
v 0.441937 0.010622 0.601166
v 0.480333 0.000227 0.585233
v 0.483149 0.010622 0.595741
v 0.516112 0.000227 0.570413
v 0.521552 0.010622 0.579834
v 0.546837 0.000227 0.546837
v 0.554529 0.010622 0.554529
v 0.570413 0.000227 0.516112
v 0.579834 0.010622 0.521552
v 0.585233 0.000227 0.480333
v 0.595741 0.010622 0.483149
v 0.590288 0.000227 0.441937
v 0.601166 0.010622 0.441937
v 0.585233 0.000227 0.403541
v 0.595741 0.010622 0.400725
v 0.570413 0.000227 0.367762
v 0.579834 0.010622 0.362322
v 0.546837 0.000227 0.337037
v 0.554529 0.010622 0.329345
v 0.516113 0.000227 0.313461
v 0.521552 0.010622 0.304040
v 0.480333 0.000227 0.298641
v 0.483149 0.010622 0.288133
v 0.441937 0.000227 0.293586
v 0.441937 0.010622 0.282708
v 0.403541 0.000227 0.298641
v 0.400725 0.010622 0.288133
v 0.367761 0.000227 0.313461
v 0.362322 0.010622 0.304040
v 0.337037 0.000227 0.337037
v 0.329345 0.010622 0.329345
v 0.313461 0.000227 0.367762
v 0.304040 0.010622 0.362322
v 0.298641 0.000227 0.403541
v 0.288133 0.010622 0.400725
v 0.293586 0.000227 0.441937
v 0.282708 0.010622 0.441937
v 0.298641 0.000227 0.480333
v 0.288133 0.010622 0.483148
v 0.313461 0.000227 0.516112
v 0.304040 0.010622 0.521552
vt 0.041666 0.576314
vt 0.041666 1.000000
vt -0.000000 1.000000
vt -0.000000 0.576314
vt 0.916667 0.576314
vt 0.916667 1.000000
vt 0.875000 1.000000
vt 0.875000 0.576314
vt 0.833333 1.000000
vt 0.833333 0.576314
vt 0.791667 1.000000
vt 0.791667 0.576314
vt 0.750000 1.000000
vt 0.750000 0.576314
vt 0.708333 1.000000
vt 0.708333 0.576314
vt 0.666667 1.000000
vt 0.666667 0.576314
vt 0.625000 1.000000
vt 0.625000 0.576314
vt 0.583333 1.000000
vt 0.583333 0.576314
vt 0.541666 1.000000
vt 0.541666 0.576314
vt 0.500000 1.000000
vt 0.500000 0.576314
vt 0.458333 1.000000
vt 0.458333 0.576314
vt 0.416666 1.000000
vt 0.416666 0.576314
vt 0.375000 1.000000
vt 0.375000 0.576314
vt 0.333333 1.000000
vt 0.333333 0.576314
vt 0.291667 1.000000
vt 0.291667 0.576314
vt 0.250000 1.000000
vt 0.250000 0.576314
vt 0.208333 1.000000
vt 0.208333 0.576314
vt 0.166666 1.000000
vt 0.166666 0.576314
vt 0.125000 1.000000
vt 0.125000 0.576314
vt 0.083333 1.000000
vt 0.083333 0.576314
vt 0.958333 0.576314
vt 0.958333 1.000000
vt 1.000000 0.576314
vt 1.000000 1.000000
vt 0.959757 0.500000
vt 0.998577 0.500000
vt 0.918090 0.500000
vt 0.956910 0.500000
vt 0.876423 0.500000
vt 0.915243 0.500000
vt 0.834756 0.500000
vt 0.873577 0.500000
vt 0.793090 0.500000
vt 0.831910 0.500000
vt 0.751423 0.500000
vt 0.790243 0.500000
vt 0.709756 0.500000
vt 0.748577 0.500000
vt 0.668090 0.500000
vt 0.706910 0.500000
vt 0.626423 0.500000
vt 0.665243 0.500000
vt 0.584756 0.500000
vt 0.623576 0.500000
vt 0.543090 0.500000
vt 0.581910 0.500000
vt 0.501423 0.500000
vt 0.540243 0.500000
vt 0.459756 0.500000
vt 0.498576 0.500000
vt 0.418090 0.500000
vt 0.456910 0.500000
vt 0.376423 0.500000
vt 0.415243 0.500000
vt 0.334757 0.500000
vt 0.373577 0.500000
vt 0.293090 0.500000
vt 0.331910 0.500000
vt 0.251423 0.500000
vt 0.290243 0.500000
vt 0.209757 0.500000
vt 0.248577 0.500000
vt 0.168090 0.500000
vt 0.206910 0.500000
vt 0.126423 0.500000
vt 0.165243 0.500000
vt 0.084756 0.500000
vt 0.123576 0.500000
vt 0.043090 0.500000
vt 0.081910 0.500000
vt 0.001423 0.500000
vt 0.040243 0.500000
vt 0.750000 0.473604
vt 0.807873 0.465984
vt 0.861802 0.443646
vt 0.908112 0.408112
vt 0.943646 0.361802
vt 0.965984 0.307873
vt 0.973604 0.250000
vt 0.965984 0.192127
vt 0.943646 0.138198
vt 0.908111 0.091888
vt 0.861802 0.056354
vt 0.807873 0.034016
vt 0.750000 0.026396
vt 0.692127 0.034016
vt 0.638198 0.056354
vt 0.591889 0.091888
vt 0.556354 0.138198
vt 0.534015 0.192127
vt 0.526396 0.250000
vt 0.534016 0.307873
vt 0.556354 0.361802
vt 0.591888 0.408112
vt 0.638198 0.443646
vt 0.692127 0.465984
vt 0.041666 0.576314
vt -0.000000 0.576314
vt -0.000000 1.000000
vt 0.041666 1.000000
vt 0.916667 0.576314
vt 0.875000 0.576314
vt 0.875000 1.000000
vt 0.916667 1.000000
vt 0.833333 0.576314
vt 0.833333 1.000000
vt 0.791667 0.576314
vt 0.791667 1.000000
vt 0.750000 0.576314
vt 0.750000 1.000000
vt 0.708333 0.576314
vt 0.708333 1.000000
vt 0.666667 0.576314
vt 0.666667 1.000000
vt 0.625000 0.576314
vt 0.625000 1.000000
vt 0.583333 0.576314
vt 0.583333 1.000000
vt 0.541666 0.576314
vt 0.541666 1.000000
vt 0.500000 0.576314
vt 0.500000 1.000000
vt 0.458333 0.576314
vt 0.458333 1.000000
vt 0.416666 0.576314
vt 0.416666 1.000000
vt 0.375000 0.576314
vt 0.375000 1.000000
vt 0.333333 0.576314
vt 0.333333 1.000000
vt 0.291667 0.576314
vt 0.291667 1.000000
vt 0.250000 0.576314
vt 0.250000 1.000000
vt 0.208333 0.576314
vt 0.208333 1.000000
vt 0.166666 0.576314
vt 0.166666 1.000000
vt 0.125000 0.576314
vt 0.125000 1.000000
vt 0.083333 0.576314
vt 0.083333 1.000000
vt 0.958333 0.576314
vt 0.958333 1.000000
vt 1.000000 0.576314
vt 1.000000 1.000000
vt 0.998577 0.500000
vt 0.959757 0.500000
vt 0.956910 0.500000
vt 0.918090 0.500000
vt 0.915243 0.500000
vt 0.876423 0.500000
vt 0.873577 0.500000
vt 0.834756 0.500000
vt 0.831910 0.500000
vt 0.793090 0.500000
vt 0.790243 0.500000
vt 0.751423 0.500000
vt 0.748577 0.500000
vt 0.709756 0.500000
vt 0.706910 0.500000
vt 0.668090 0.500000
vt 0.665243 0.500000
vt 0.626423 0.500000
vt 0.623576 0.500000
vt 0.584756 0.500000
vt 0.581910 0.500000
vt 0.543090 0.500000
vt 0.540243 0.500000
vt 0.501423 0.500000
vt 0.498576 0.500000
vt 0.459756 0.500000
vt 0.456910 0.500000
vt 0.418090 0.500000
vt 0.415243 0.500000
vt 0.376423 0.500000
vt 0.373577 0.500000
vt 0.334757 0.500000
vt 0.331910 0.500000
vt 0.293090 0.500000
vt 0.290243 0.500000
vt 0.251423 0.500000
vt 0.248577 0.500000
vt 0.209757 0.500000
vt 0.206910 0.500000
vt 0.168090 0.500000
vt 0.165243 0.500000
vt 0.126423 0.500000
vt 0.123576 0.500000
vt 0.084756 0.500000
vt 0.081910 0.500000
vt 0.043090 0.500000
vt 0.040243 0.500000
vt 0.001423 0.500000
vt 0.750000 0.473604
vt 0.692127 0.465984
vt 0.638198 0.443646
vt 0.591888 0.408112
vt 0.556354 0.361802
vt 0.534016 0.307873
vt 0.526396 0.250000
vt 0.534015 0.192127
vt 0.556354 0.138198
vt 0.591889 0.091888
vt 0.638198 0.056354
vt 0.692127 0.034016
vt 0.750000 0.026396
vt 0.807873 0.034016
vt 0.861802 0.056354
vt 0.908111 0.091888
vt 0.943646 0.138198
vt 0.965984 0.192127
vt 0.973604 0.250000
vt 0.965984 0.307873
vt 0.943646 0.361802
vt 0.908112 0.408112
vt 0.861802 0.443646
vt 0.807873 0.465984
vt 0.041666 0.576314
vt 0.041666 1.000000
vt -0.000000 1.000000
vt -0.000000 0.576314
vt 0.916667 0.576314
vt 0.916667 1.000000
vt 0.875000 1.000000
vt 0.875000 0.576314
vt 0.833333 1.000000
vt 0.833333 0.576314
vt 0.791667 1.000000
vt 0.791667 0.576314
vt 0.750000 1.000000
vt 0.750000 0.576314
vt 0.708333 1.000000
vt 0.708333 0.576314
vt 0.666667 1.000000
vt 0.666667 0.576314
vt 0.625000 1.000000
vt 0.625000 0.576314
vt 0.583333 1.000000
vt 0.583333 0.576314
vt 0.541666 1.000000
vt 0.541666 0.576314
vt 0.500000 1.000000
vt 0.500000 0.576314
vt 0.458333 1.000000
vt 0.458333 0.576314
vt 0.416666 1.000000
vt 0.416666 0.576314
vt 0.375000 1.000000
vt 0.375000 0.576314
vt 0.333333 1.000000
vt 0.333333 0.576314
vt 0.291667 1.000000
vt 0.291667 0.576314
vt 0.250000 1.000000
vt 0.250000 0.576314
vt 0.208333 1.000000
vt 0.208333 0.576314
vt 0.166666 1.000000
vt 0.166666 0.576314
vt 0.125000 1.000000
vt 0.125000 0.576314
vt 0.083333 1.000000
vt 0.083333 0.576314
vt 0.958333 0.576314
vt 0.958333 1.000000
vt 1.000000 0.576314
vt 1.000000 1.000000
vt 0.959757 0.500000
vt 0.998577 0.500000
vt 0.918090 0.500000
vt 0.956910 0.500000
vt 0.876423 0.500000
vt 0.915243 0.500000
vt 0.834756 0.500000
vt 0.873577 0.500000
vt 0.793090 0.500000
vt 0.831910 0.500000
vt 0.751423 0.500000
vt 0.790243 0.500000
vt 0.709756 0.500000
vt 0.748577 0.500000
vt 0.668090 0.500000
vt 0.706910 0.500000
vt 0.626423 0.500000
vt 0.665243 0.500000
vt 0.584756 0.500000
vt 0.623576 0.500000
vt 0.543090 0.500000
vt 0.581910 0.500000
vt 0.501423 0.500000
vt 0.540243 0.500000
vt 0.459756 0.500000
vt 0.498576 0.500000
vt 0.418090 0.500000
vt 0.456910 0.500000
vt 0.376423 0.500000
vt 0.415243 0.500000
vt 0.334757 0.500000
vt 0.373577 0.500000
vt 0.293090 0.500000
vt 0.331910 0.500000
vt 0.251423 0.500000
vt 0.290243 0.500000
vt 0.209757 0.500000
vt 0.248577 0.500000
vt 0.168090 0.500000
vt 0.206910 0.500000
vt 0.126423 0.500000
vt 0.165243 0.500000
vt 0.084756 0.500000
vt 0.123576 0.500000
vt 0.043090 0.500000
vt 0.081910 0.500000
vt 0.001423 0.500000
vt 0.040243 0.500000
vt 0.750000 0.473604
vt 0.807873 0.465984
vt 0.861802 0.443646
vt 0.908112 0.408112
vt 0.943646 0.361802
vt 0.965984 0.307873
vt 0.973604 0.250000
vt 0.965984 0.192127
vt 0.943646 0.138198
vt 0.908111 0.091888
vt 0.861802 0.056354
vt 0.807873 0.034016
vt 0.750000 0.026396
vt 0.692127 0.034016
vt 0.638198 0.056354
vt 0.591889 0.091888
vt 0.556354 0.138198
vt 0.534015 0.192127
vt 0.526396 0.250000
vt 0.534016 0.307873
vt 0.556354 0.361802
vt 0.591888 0.408112
vt 0.638198 0.443646
vt 0.692127 0.465984
vt 0.041666 0.576314
vt -0.000000 0.576314
vt -0.000000 1.000000
vt 0.041666 1.000000
vt 0.916667 0.576314
vt 0.875000 0.576314
vt 0.875000 1.000000
vt 0.916667 1.000000
vt 0.833333 0.576314
vt 0.833333 1.000000
vt 0.791667 0.576314
vt 0.791667 1.000000
vt 0.750000 0.576314
vt 0.750000 1.000000
vt 0.708333 0.576314
vt 0.708333 1.000000
vt 0.666667 0.576314
vt 0.666667 1.000000
vt 0.625000 0.576314
vt 0.625000 1.000000
vt 0.583333 0.576314
vt 0.583333 1.000000
vt 0.541666 0.576314
vt 0.541666 1.000000
vt 0.500000 0.576314
vt 0.500000 1.000000
vt 0.458333 0.576314
vt 0.458333 1.000000
vt 0.416666 0.576314
vt 0.416666 1.000000
vt 0.375000 0.576314
vt 0.375000 1.000000
vt 0.333333 0.576314
vt 0.333333 1.000000
vt 0.291667 0.576314
vt 0.291667 1.000000
vt 0.250000 0.576314
vt 0.250000 1.000000
vt 0.208333 0.576314
vt 0.208333 1.000000
vt 0.166666 0.576314
vt 0.166666 1.000000
vt 0.125000 0.576314
vt 0.125000 1.000000
vt 0.083333 0.576314
vt 0.083333 1.000000
vt 0.958333 0.576314
vt 0.958333 1.000000
vt 1.000000 0.576314
vt 1.000000 1.000000
vt 0.998577 0.500000
vt 0.959757 0.500000
vt 0.956910 0.500000
vt 0.918090 0.500000
vt 0.915243 0.500000
vt 0.876423 0.500000
vt 0.873577 0.500000
vt 0.834756 0.500000
vt 0.831910 0.500000
vt 0.793090 0.500000
vt 0.790243 0.500000
vt 0.751423 0.500000
vt 0.748577 0.500000
vt 0.709756 0.500000
vt 0.706910 0.500000
vt 0.668090 0.500000
vt 0.665243 0.500000
vt 0.626423 0.500000
vt 0.623576 0.500000
vt 0.584756 0.500000
vt 0.581910 0.500000
vt 0.543090 0.500000
vt 0.540243 0.500000
vt 0.501423 0.500000
vt 0.498576 0.500000
vt 0.459756 0.500000
vt 0.456910 0.500000
vt 0.418090 0.500000
vt 0.415243 0.500000
vt 0.376423 0.500000
vt 0.373577 0.500000
vt 0.334757 0.500000
vt 0.331910 0.500000
vt 0.293090 0.500000
vt 0.290243 0.500000
vt 0.251423 0.500000
vt 0.248577 0.500000
vt 0.209757 0.500000
vt 0.206910 0.500000
vt 0.168090 0.500000
vt 0.165243 0.500000
vt 0.126423 0.500000
vt 0.123576 0.500000
vt 0.084756 0.500000
vt 0.081910 0.500000
vt 0.043090 0.500000
vt 0.040243 0.500000
vt 0.001423 0.500000
vt 0.750000 0.473604
vt 0.692127 0.465984
vt 0.638198 0.443646
vt 0.591888 0.408112
vt 0.556354 0.361802
vt 0.534016 0.307873
vt 0.526396 0.250000
vt 0.534015 0.192127
vt 0.556354 0.138198
vt 0.591889 0.091888
vt 0.638198 0.056354
vt 0.692127 0.034016
vt 0.750000 0.026396
vt 0.807873 0.034016
vt 0.861802 0.056354
vt 0.908111 0.091888
vt 0.943646 0.138198
vt 0.965984 0.192127
vt 0.973604 0.250000
vt 0.965984 0.307873
vt 0.943646 0.361802
vt 0.908112 0.408112
vt 0.861802 0.443646
vt 0.807873 0.465984
vn -0.8004 -0.3818 -0.4621
vn -0.8660 0.0000 -0.5000
vn -0.7071 0.0000 -0.7071
vn -0.6535 -0.3818 -0.6535
vn -0.2392 -0.3818 -0.8927
vn -0.2588 0.0000 -0.9659
vn 0.0000 0.0000 -1.0000
vn 0.0000 -0.3818 -0.9242
vn 0.2588 0.0000 -0.9659
vn 0.2392 -0.3818 -0.8927
vn 0.5000 0.0000 -0.8660
vn 0.4621 -0.3818 -0.8004
vn 0.7071 0.0000 -0.7071
vn 0.6535 -0.3818 -0.6535
vn 0.8660 0.0000 -0.5000
vn 0.8004 -0.3818 -0.4621
vn 0.9659 0.0000 -0.2588
vn 0.8927 -0.3818 -0.2392
vn 1.0000 0.0000 0.0000
vn 0.9242 -0.3818 0.0000
vn 0.9659 0.0000 0.2588
vn 0.8927 -0.3818 0.2392
vn 0.8660 0.0000 0.5000
vn 0.8004 -0.3818 0.4621
vn 0.7071 0.0000 0.7071
vn 0.6535 -0.3818 0.6535
vn 0.5000 0.0000 0.8660
vn 0.4621 -0.3818 0.8004
vn 0.2588 0.0000 0.9659
vn 0.2392 -0.3818 0.8927
vn 0.0000 0.0000 1.0000
vn 0.0000 -0.3818 0.9242
vn -0.2588 0.0000 0.9659
vn -0.2392 -0.3818 0.8927
vn -0.5000 0.0000 0.8660
vn -0.4621 -0.3818 0.8004
vn -0.7071 0.0000 0.7071
vn -0.6535 -0.3818 0.6535
vn -0.8660 0.0000 0.5000
vn -0.8004 -0.3818 0.4621
vn -0.9659 0.0000 0.2588
vn -0.8927 -0.3818 0.2392
vn -1.0000 0.0000 0.0000
vn -0.9242 -0.3818 0.0000
vn -0.9659 0.0000 -0.2588
vn -0.8927 -0.3818 -0.2392
vn -0.4621 -0.3818 -0.8004
vn -0.5000 0.0000 -0.8660
vn -0.1991 -0.9173 -0.3449
vn -0.2816 -0.9173 -0.2816
vn -0.1031 -0.9173 -0.3847
vn 0.0000 -0.9173 -0.3982
vn 0.1031 -0.9173 -0.3847
vn 0.1991 -0.9173 -0.3449
vn 0.2816 -0.9173 -0.2816
vn 0.3449 -0.9173 -0.1991
vn 0.3847 -0.9173 -0.1031
vn 0.3982 -0.9173 0.0000
vn 0.3847 -0.9173 0.1031
vn 0.3449 -0.9173 0.1991
vn 0.2816 -0.9173 0.2816
vn 0.1991 -0.9173 0.3449
vn 0.1031 -0.9173 0.3847
vn 0.0000 -0.9173 0.3982
vn -0.1031 -0.9173 0.3847
vn -0.1991 -0.9173 0.3449
vn -0.2816 -0.9173 0.2816
vn -0.3449 -0.9173 0.1991
vn -0.3847 -0.9173 0.1031
vn -0.3982 -0.9173 0.0000
vn -0.3847 -0.9173 -0.1031
vn -0.3449 -0.9173 -0.1991
usemtl Color
s 1
f 2912/2919/1853 2864/2920/1854 2841/2921/1855 2866/2922/1856
f 2870/2923/1857 2843/2924/1858 2844/2925/1859 2872/2926/1860
f 2872/2926/1860 2844/2925/1859 2845/2927/1861 2874/2928/1862
f 2874/2928/1862 2845/2927/1861 2846/2929/1863 2876/2930/1864
f 2876/2930/1864 2846/2929/1863 2847/2931/1865 2878/2932/1866
f 2878/2932/1866 2847/2931/1865 2848/2933/1867 2880/2934/1868
f 2880/2934/1868 2848/2933/1867 2849/2935/1869 2882/2936/1870
f 2882/2936/1870 2849/2935/1869 2850/2937/1871 2884/2938/1872
f 2884/2938/1872 2850/2937/1871 2851/2939/1873 2886/2940/1874
f 2886/2940/1874 2851/2939/1873 2852/2941/1875 2888/2942/1876
f 2888/2942/1876 2852/2941/1875 2853/2943/1877 2890/2944/1878
f 2890/2944/1878 2853/2943/1877 2854/2945/1879 2892/2946/1880
f 2892/2946/1880 2854/2945/1879 2855/2947/1881 2894/2948/1882
f 2894/2948/1882 2855/2947/1881 2856/2949/1883 2896/2950/1884
f 2896/2950/1884 2856/2949/1883 2857/2951/1885 2898/2952/1886
f 2898/2952/1886 2857/2951/1885 2858/2953/1887 2900/2954/1888
f 2900/2954/1888 2858/2953/1887 2859/2955/1889 2902/2956/1890
f 2902/2956/1890 2859/2955/1889 2860/2957/1891 2904/2958/1892
f 2904/2958/1892 2860/2957/1891 2861/2959/1893 2906/2960/1894
f 2906/2960/1894 2861/2959/1893 2862/2961/1895 2908/2962/1896
f 2908/2962/1896 2862/2961/1895 2863/2963/1897 2910/2964/1898
f 2910/2964/1898 2863/2963/1897 2864/2920/1854 2912/2919/1853
f 2868/2965/1899 2842/2966/1900 2843/2924/1858 2870/2923/1857
f 2866/2967/1856 2841/2968/1855 2842/2966/1900 2868/2965/1899
f 2866/2967/1856 2868/2965/1899 2867/2969/1901 2865/2970/1902
f 2868/2965/1899 2870/2923/1857 2869/2971/1903 2867/2972/1901
f 2870/2923/1857 2872/2926/1860 2871/2973/1904 2869/2974/1903
f 2872/2926/1860 2874/2928/1862 2873/2975/1905 2871/2976/1904
f 2874/2928/1862 2876/2930/1864 2875/2977/1906 2873/2978/1905
f 2876/2930/1864 2878/2932/1866 2877/2979/1907 2875/2980/1906
f 2878/2932/1866 2880/2934/1868 2879/2981/1908 2877/2982/1907
f 2880/2934/1868 2882/2936/1870 2881/2983/1909 2879/2984/1908
f 2882/2936/1870 2884/2938/1872 2883/2985/1910 2881/2986/1909
f 2884/2938/1872 2886/2940/1874 2885/2987/1911 2883/2988/1910
f 2886/2940/1874 2888/2942/1876 2887/2989/1912 2885/2990/1911
f 2888/2942/1876 2890/2944/1878 2889/2991/1913 2887/2992/1912
f 2890/2944/1878 2892/2946/1880 2891/2993/1914 2889/2994/1913
f 2892/2946/1880 2894/2948/1882 2893/2995/1915 2891/2996/1914
f 2894/2948/1882 2896/2950/1884 2895/2997/1916 2893/2998/1915
f 2896/2950/1884 2898/2952/1886 2897/2999/1917 2895/3000/1916
f 2898/2952/1886 2900/2954/1888 2899/3001/1918 2897/3002/1917
f 2900/2954/1888 2902/2956/1890 2901/3003/1919 2899/3004/1918
f 2902/2956/1890 2904/2958/1892 2903/3005/1920 2901/3006/1919
f 2904/2958/1892 2906/2960/1894 2905/3007/1921 2903/3008/1920
f 2906/2960/1894 2908/2962/1896 2907/3009/1922 2905/3010/1921
f 2908/2962/1896 2910/2964/1898 2909/3011/1923 2907/3012/1922
f 2910/2964/1898 2912/2919/1853 2911/3013/1924 2909/3014/1923
f 2912/2919/1853 2866/2922/1856 2865/3015/1902 2911/3016/1924
f 2865/3017/1902 2867/3018/1901 2869/3019/1903 2871/3020/1904 2873/3021/1905 2875/3022/1906 2877/3023/1907 2879/3024/1908 2881/3025/1909 2883/3026/1910 2885/3027/1911 2887/3028/1912 2889/3029/1913 2891/3030/1914 2893/3031/1915 2895/3032/1916 2897/3033/1917 2899/3034/1918 2901/3035/1919 2903/3036/1920 2905/3037/1921 2907/3038/1922 2909/3039/1923 2911/3040/1924
f 2984/3041/1899 2938/3042/1856 2913/3043/1855 2936/3044/1900
f 2942/3045/1898 2944/3046/1896 2916/3047/1895 2915/3048/1897
f 2944/3046/1896 2946/3049/1894 2917/3050/1893 2916/3047/1895
f 2946/3049/1894 2948/3051/1892 2918/3052/1891 2917/3050/1893
f 2948/3051/1892 2950/3053/1890 2919/3054/1889 2918/3052/1891
f 2950/3053/1890 2952/3055/1888 2920/3056/1887 2919/3054/1889
f 2952/3055/1888 2954/3057/1886 2921/3058/1885 2920/3056/1887
f 2954/3057/1886 2956/3059/1884 2922/3060/1883 2921/3058/1885
f 2956/3059/1884 2958/3061/1882 2923/3062/1881 2922/3060/1883
f 2958/3061/1882 2960/3063/1880 2924/3064/1879 2923/3062/1881
f 2960/3063/1880 2962/3065/1878 2925/3066/1877 2924/3064/1879
f 2962/3065/1878 2964/3067/1876 2926/3068/1875 2925/3066/1877
f 2964/3067/1876 2966/3069/1874 2927/3070/1873 2926/3068/1875
f 2966/3069/1874 2968/3071/1872 2928/3072/1871 2927/3070/1873
f 2968/3071/1872 2970/3073/1870 2929/3074/1869 2928/3072/1871
f 2970/3073/1870 2972/3075/1868 2930/3076/1867 2929/3074/1869
f 2972/3075/1868 2974/3077/1866 2931/3078/1865 2930/3076/1867
f 2974/3077/1866 2976/3079/1864 2932/3080/1863 2931/3078/1865
f 2976/3079/1864 2978/3081/1862 2933/3082/1861 2932/3080/1863
f 2978/3081/1862 2980/3083/1860 2934/3084/1859 2933/3082/1861
f 2980/3083/1860 2982/3085/1857 2935/3086/1858 2934/3084/1859
f 2982/3085/1857 2984/3041/1899 2936/3044/1900 2935/3086/1858
f 2940/3087/1853 2942/3045/1898 2915/3048/1897 2914/3088/1854
f 2938/3089/1856 2940/3087/1853 2914/3088/1854 2913/3090/1855
f 2938/3089/1856 2937/3091/1902 2939/3092/1924 2940/3087/1853
f 2940/3087/1853 2939/3093/1924 2941/3094/1923 2942/3045/1898
f 2942/3045/1898 2941/3095/1923 2943/3096/1922 2944/3046/1896
f 2944/3046/1896 2943/3097/1922 2945/3098/1921 2946/3049/1894
f 2946/3049/1894 2945/3099/1921 2947/3100/1920 2948/3051/1892
f 2948/3051/1892 2947/3101/1920 2949/3102/1919 2950/3053/1890
f 2950/3053/1890 2949/3103/1919 2951/3104/1918 2952/3055/1888
f 2952/3055/1888 2951/3105/1918 2953/3106/1917 2954/3057/1886
f 2954/3057/1886 2953/3107/1917 2955/3108/1916 2956/3059/1884
f 2956/3059/1884 2955/3109/1916 2957/3110/1915 2958/3061/1882
f 2958/3061/1882 2957/3111/1915 2959/3112/1914 2960/3063/1880
f 2960/3063/1880 2959/3113/1914 2961/3114/1913 2962/3065/1878
f 2962/3065/1878 2961/3115/1913 2963/3116/1912 2964/3067/1876
f 2964/3067/1876 2963/3117/1912 2965/3118/1911 2966/3069/1874
f 2966/3069/1874 2965/3119/1911 2967/3120/1910 2968/3071/1872
f 2968/3071/1872 2967/3121/1910 2969/3122/1909 2970/3073/1870
f 2970/3073/1870 2969/3123/1909 2971/3124/1908 2972/3075/1868
f 2972/3075/1868 2971/3125/1908 2973/3126/1907 2974/3077/1866
f 2974/3077/1866 2973/3127/1907 2975/3128/1906 2976/3079/1864
f 2976/3079/1864 2975/3129/1906 2977/3130/1905 2978/3081/1862
f 2978/3081/1862 2977/3131/1905 2979/3132/1904 2980/3083/1860
f 2980/3083/1860 2979/3133/1904 2981/3134/1903 2982/3085/1857
f 2982/3085/1857 2981/3135/1903 2983/3136/1901 2984/3041/1899
f 2984/3041/1899 2983/3137/1901 2937/3138/1902 2938/3042/1856
f 2937/3139/1902 2983/3140/1901 2981/3141/1903 2979/3142/1904 2977/3143/1905 2975/3144/1906 2973/3145/1907 2971/3146/1908 2969/3147/1909 2967/3148/1910 2965/3149/1911 2963/3150/1912 2961/3151/1913 2959/3152/1914 2957/3153/1915 2955/3154/1916 2953/3155/1917 2951/3156/1918 2949/3157/1919 2947/3158/1920 2945/3159/1921 2943/3160/1922 2941/3161/1923 2939/3162/1924
f 3056/3163/1888 3008/3164/1887 2985/3165/1889 3010/3166/1890
f 3014/3167/1894 2987/3168/1893 2988/3169/1895 3016/3170/1896
f 3016/3170/1896 2988/3169/1895 2989/3171/1897 3018/3172/1898
f 3018/3172/1898 2989/3171/1897 2990/3173/1854 3020/3174/1853
f 3020/3174/1853 2990/3173/1854 2991/3175/1855 3022/3176/1856
f 3022/3176/1856 2991/3175/1855 2992/3177/1900 3024/3178/1899
f 3024/3178/1899 2992/3177/1900 2993/3179/1858 3026/3180/1857
f 3026/3180/1857 2993/3179/1858 2994/3181/1859 3028/3182/1860
f 3028/3182/1860 2994/3181/1859 2995/3183/1861 3030/3184/1862
f 3030/3184/1862 2995/3183/1861 2996/3185/1863 3032/3186/1864
f 3032/3186/1864 2996/3185/1863 2997/3187/1865 3034/3188/1866
f 3034/3188/1866 2997/3187/1865 2998/3189/1867 3036/3190/1868
f 3036/3190/1868 2998/3189/1867 2999/3191/1869 3038/3192/1870
f 3038/3192/1870 2999/3191/1869 3000/3193/1871 3040/3194/1872
f 3040/3194/1872 3000/3193/1871 3001/3195/1873 3042/3196/1874
f 3042/3196/1874 3001/3195/1873 3002/3197/1875 3044/3198/1876
f 3044/3198/1876 3002/3197/1875 3003/3199/1877 3046/3200/1878
f 3046/3200/1878 3003/3199/1877 3004/3201/1879 3048/3202/1880
f 3048/3202/1880 3004/3201/1879 3005/3203/1881 3050/3204/1882
f 3050/3204/1882 3005/3203/1881 3006/3205/1883 3052/3206/1884
f 3052/3206/1884 3006/3205/1883 3007/3207/1885 3054/3208/1886
f 3054/3208/1886 3007/3207/1885 3008/3164/1887 3056/3163/1888
f 3012/3209/1892 2986/3210/1891 2987/3168/1893 3014/3167/1894
f 3010/3211/1890 2985/3212/1889 2986/3210/1891 3012/3209/1892
f 3010/3211/1890 3012/3209/1892 3011/3213/1920 3009/3214/1919
f 3012/3209/1892 3014/3167/1894 3013/3215/1921 3011/3216/1920
f 3014/3167/1894 3016/3170/1896 3015/3217/1922 3013/3218/1921
f 3016/3170/1896 3018/3172/1898 3017/3219/1923 3015/3220/1922
f 3018/3172/1898 3020/3174/1853 3019/3221/1924 3017/3222/1923
f 3020/3174/1853 3022/3176/1856 3021/3223/1902 3019/3224/1924
f 3022/3176/1856 3024/3178/1899 3023/3225/1901 3021/3226/1902
f 3024/3178/1899 3026/3180/1857 3025/3227/1903 3023/3228/1901
f 3026/3180/1857 3028/3182/1860 3027/3229/1904 3025/3230/1903
f 3028/3182/1860 3030/3184/1862 3029/3231/1905 3027/3232/1904
f 3030/3184/1862 3032/3186/1864 3031/3233/1906 3029/3234/1905
f 3032/3186/1864 3034/3188/1866 3033/3235/1907 3031/3236/1906
f 3034/3188/1866 3036/3190/1868 3035/3237/1908 3033/3238/1907
f 3036/3190/1868 3038/3192/1870 3037/3239/1909 3035/3240/1908
f 3038/3192/1870 3040/3194/1872 3039/3241/1910 3037/3242/1909
f 3040/3194/1872 3042/3196/1874 3041/3243/1911 3039/3244/1910
f 3042/3196/1874 3044/3198/1876 3043/3245/1912 3041/3246/1911
f 3044/3198/1876 3046/3200/1878 3045/3247/1913 3043/3248/1912
f 3046/3200/1878 3048/3202/1880 3047/3249/1914 3045/3250/1913
f 3048/3202/1880 3050/3204/1882 3049/3251/1915 3047/3252/1914
f 3050/3204/1882 3052/3206/1884 3051/3253/1916 3049/3254/1915
f 3052/3206/1884 3054/3208/1886 3053/3255/1917 3051/3256/1916
f 3054/3208/1886 3056/3163/1888 3055/3257/1918 3053/3258/1917
f 3056/3163/1888 3010/3166/1890 3009/3259/1919 3055/3260/1918
f 3009/3261/1919 3011/3262/1920 3013/3263/1921 3015/3264/1922 3017/3265/1923 3019/3266/1924 3021/3267/1902 3023/3268/1901 3025/3269/1903 3027/3270/1904 3029/3271/1905 3031/3272/1906 3033/3273/1907 3035/3274/1908 3037/3275/1909 3039/3276/1910 3041/3277/1911 3043/3278/1912 3045/3279/1913 3047/3280/1914 3049/3281/1915 3051/3282/1916 3053/3283/1917 3055/3284/1918
f 3128/3285/1892 3082/3286/1890 3057/3287/1889 3080/3288/1891
f 3086/3289/1886 3088/3290/1884 3060/3291/1883 3059/3292/1885
f 3088/3290/1884 3090/3293/1882 3061/3294/1881 3060/3291/1883
f 3090/3293/1882 3092/3295/1880 3062/3296/1879 3061/3294/1881
f 3092/3295/1880 3094/3297/1878 3063/3298/1877 3062/3296/1879
f 3094/3297/1878 3096/3299/1876 3064/3300/1875 3063/3298/1877
f 3096/3299/1876 3098/3301/1874 3065/3302/1873 3064/3300/1875
f 3098/3301/1874 3100/3303/1872 3066/3304/1871 3065/3302/1873
f 3100/3303/1872 3102/3305/1870 3067/3306/1869 3066/3304/1871
f 3102/3305/1870 3104/3307/1868 3068/3308/1867 3067/3306/1869
f 3104/3307/1868 3106/3309/1866 3069/3310/1865 3068/3308/1867
f 3106/3309/1866 3108/3311/1864 3070/3312/1863 3069/3310/1865
f 3108/3311/1864 3110/3313/1862 3071/3314/1861 3070/3312/1863
f 3110/3313/1862 3112/3315/1860 3072/3316/1859 3071/3314/1861
f 3112/3315/1860 3114/3317/1857 3073/3318/1858 3072/3316/1859
f 3114/3317/1857 3116/3319/1899 3074/3320/1900 3073/3318/1858
f 3116/3319/1899 3118/3321/1856 3075/3322/1855 3074/3320/1900
f 3118/3321/1856 3120/3323/1853 3076/3324/1854 3075/3322/1855
f 3120/3323/1853 3122/3325/1898 3077/3326/1897 3076/3324/1854
f 3122/3325/1898 3124/3327/1896 3078/3328/1895 3077/3326/1897
f 3124/3327/1896 3126/3329/1894 3079/3330/1893 3078/3328/1895
f 3126/3329/1894 3128/3285/1892 3080/3288/1891 3079/3330/1893
f 3084/3331/1888 3086/3289/1886 3059/3292/1885 3058/3332/1887
f 3082/3333/1890 3084/3331/1888 3058/3332/1887 3057/3334/1889
f 3082/3333/1890 3081/3335/1919 3083/3336/1918 3084/3331/1888
f 3084/3331/1888 3083/3337/1918 3085/3338/1917 3086/3289/1886
f 3086/3289/1886 3085/3339/1917 3087/3340/1916 3088/3290/1884
f 3088/3290/1884 3087/3341/1916 3089/3342/1915 3090/3293/1882
f 3090/3293/1882 3089/3343/1915 3091/3344/1914 3092/3295/1880
f 3092/3295/1880 3091/3345/1914 3093/3346/1913 3094/3297/1878
f 3094/3297/1878 3093/3347/1913 3095/3348/1912 3096/3299/1876
f 3096/3299/1876 3095/3349/1912 3097/3350/1911 3098/3301/1874
f 3098/3301/1874 3097/3351/1911 3099/3352/1910 3100/3303/1872
f 3100/3303/1872 3099/3353/1910 3101/3354/1909 3102/3305/1870
f 3102/3305/1870 3101/3355/1909 3103/3356/1908 3104/3307/1868
f 3104/3307/1868 3103/3357/1908 3105/3358/1907 3106/3309/1866
f 3106/3309/1866 3105/3359/1907 3107/3360/1906 3108/3311/1864
f 3108/3311/1864 3107/3361/1906 3109/3362/1905 3110/3313/1862
f 3110/3313/1862 3109/3363/1905 3111/3364/1904 3112/3315/1860
f 3112/3315/1860 3111/3365/1904 3113/3366/1903 3114/3317/1857
f 3114/3317/1857 3113/3367/1903 3115/3368/1901 3116/3319/1899
f 3116/3319/1899 3115/3369/1901 3117/3370/1902 3118/3321/1856
f 3118/3321/1856 3117/3371/1902 3119/3372/1924 3120/3323/1853
f 3120/3323/1853 3119/3373/1924 3121/3374/1923 3122/3325/1898
f 3122/3325/1898 3121/3375/1923 3123/3376/1922 3124/3327/1896
f 3124/3327/1896 3123/3377/1922 3125/3378/1921 3126/3329/1894
f 3126/3329/1894 3125/3379/1921 3127/3380/1920 3128/3285/1892
f 3128/3285/1892 3127/3381/1920 3081/3382/1919 3082/3286/1890
f 3081/3383/1919 3127/3384/1920 3125/3385/1921 3123/3386/1922 3121/3387/1923 3119/3388/1924 3117/3389/1902 3115/3390/1901 3113/3391/1903 3111/3392/1904 3109/3393/1905 3107/3394/1906 3105/3395/1907 3103/3396/1908 3101/3397/1909 3099/3398/1910 3097/3399/1911 3095/3400/1912 3093/3401/1913 3091/3402/1914 3089/3403/1915 3087/3404/1916 3085/3405/1917 3083/3406/1918
